time,sym,dir,conf,month,forced,win_yahoo,win_histdata
2025-06-12 12:00:00+00:00,USDCHF,-1,0.0936011697163876,2025-06,False,False,False
2025-06-12 16:00:00+00:00,USDCHF,-1,0.0434770877941974,2025-06,False,True,True
2025-06-12 20:00:00+00:00,EURGBP,1,0.16280312541062736,2025-06,False,True,True
2025-06-13 12:00:00+00:00,GBPJPY,1,0.07988149305015568,2025-06,False,True,True
2025-06-13 16:00:00+00:00,EURNZD,1,0.06426339605487219,2025-06,False,True,True
2025-06-13 20:00:00+00:00,AUDCAD,1,0.23397591320935518,2025-06,False,True,
2025-06-16 12:00:00+00:00,NZDCAD,-1,0.04260318434198462,2025-06,False,False,False
2025-06-16 16:00:00+00:00,NZDCHF,-1,0.054136731449350495,2025-06,False,True,True
2025-06-16 20:00:00+00:00,EURCAD,1,0.16121847365780462,2025-06,False,False,True
2025-06-17 18:00:00+00:00,EURGBP,-1,0.1800920872231198,2025-06,False,False,True
2025-06-17 19:00:00+00:00,GBPUSD,1,0.1489143219435336,2025-06,False,False,False
2025-06-17 20:00:00+00:00,GBPCHF,1,0.18309639385968668,2025-06,False,True,True
2025-06-18 14:00:00+00:00,GBPNZD,1,0.15359520346098865,2025-06,False,False,False
2025-06-18 19:00:00+00:00,USDCHF,-1,0.1523188513238823,2025-06,False,True,True
2025-06-18 20:00:00+00:00,AUDNZD,1,0.14372923944155214,2025-06,False,True,True
2025-06-19 18:00:00+00:00,EURAUD,-1,0.15552966131982104,2025-06,False,True,True
2025-06-19 19:00:00+00:00,EURAUD,-1,0.13392915914762638,2025-06,False,True,True
2025-06-19 20:00:00+00:00,GBPCAD,1,0.1900210760696167,2025-06,False,True,True
2025-06-20 16:00:00+00:00,EURGBP,-1,0.11758438574526986,2025-06,False,False,False
2025-06-20 18:00:00+00:00,EURJPY,-1,0.16829024749167765,2025-06,False,False,True
2025-06-20 19:00:00+00:00,EURGBP,-1,0.1399221564829592,2025-06,False,True,
2025-06-23 03:00:00+00:00,AUDCAD,1,0.12345062423513808,2025-06,False,True,True
2025-06-23 04:00:00+00:00,GBPCHF,1,0.1220359383055486,2025-06,False,True,True
2025-06-23 08:00:00+00:00,NZDUSD,1,0.15408767101777976,2025-06,False,False,False
2025-06-24 02:00:00+00:00,EURJPY,-1,0.12493048314746319,2025-06,False,True,True
2025-06-24 03:00:00+00:00,EURJPY,-1,0.1354900921019327,2025-06,False,True,True
2025-06-24 05:00:00+00:00,EURNZD,-1,0.12812690890989886,2025-06,False,True,True
2025-06-25 18:00:00+00:00,GBPCAD,-1,0.22374663108099652,2025-06,False,True,True
2025-06-25 19:00:00+00:00,EURCHF,-1,0.1755074454058999,2025-06,False,True,True
2025-06-25 21:00:00+00:00,AUDCAD,1,0.15266527695486032,2025-06,False,True,True
2025-06-26 18:00:00+00:00,EURGBP,-1,0.12812963800527127,2025-06,False,True,True
2025-06-26 20:00:00+00:00,EURGBP,1,0.211711275161923,2025-06,False,True,True
2025-06-26 21:00:00+00:00,NZDJPY,1,0.19008038049980225,2025-06,False,True,True
2025-06-27 18:00:00+00:00,GBPAUD,-1,0.13937560865634285,2025-06,False,True,True
2025-06-27 20:00:00+00:00,AUDCAD,1,0.17843417804095252,2025-06,True,True,
2025-06-27 21:00:00+00:00,USDCHF,1,0.0852872852019736,2025-06,True,True,
2025-06-30 10:00:00+00:00,USDJPY,1,0.12866557076591956,2025-06,False,True,True
2025-06-30 13:00:00+00:00,USDJPY,1,0.12286698136832475,2025-06,False,False,False
2025-06-30 18:00:00+00:00,NZDUSD,-1,0.17155005730858613,2025-06,False,True,True
2025-07-01 06:00:00+00:00,USDCHF,1,0.12446110397644483,2025-07,False,False,False
2025-07-01 18:00:00+00:00,GBPCAD,-1,0.14347593244376922,2025-07,False,True,True
2025-07-01 20:00:00+00:00,GBPCHF,1,0.182838022906737,2025-07,False,True,False
2025-07-02 18:00:00+00:00,AUDJPY,-1,0.1651998040506027,2025-07,False,False,True
2025-07-02 19:00:00+00:00,USDCAD,1,0.16271776045509878,2025-07,False,False,False
2025-07-02 20:00:00+00:00,EURCAD,1,0.21336308474136245,2025-07,False,True,True
2025-07-03 03:00:00+00:00,EURGBP,-1,0.1433945103253863,2025-07,False,True,True
2025-07-03 18:00:00+00:00,AUDCHF,-1,0.18343728782033036,2025-07,False,True,True
2025-07-03 20:00:00+00:00,EURNZD,1,0.22847452565534077,2025-07,False,True,False
2025-07-04 18:00:00+00:00,GBPAUD,-1,0.1525878020871828,2025-07,False,True,True
2025-07-04 19:00:00+00:00,GBPCHF,-1,0.12900727167503945,2025-07,False,True,
2025-07-04 20:00:00+00:00,GBPNZD,1,0.1502585255670904,2025-07,False,True,
2025-07-07 18:00:00+00:00,CHFJPY,-1,0.1849514024402949,2025-07,False,True,True
2025-07-07 19:00:00+00:00,EURAUD,-1,0.13287343269655283,2025-07,False,False,False
2025-07-07 20:00:00+00:00,EURGBP,1,0.20209402368449358,2025-07,False,True,True
2025-07-08 18:00:00+00:00,GBPNZD,-1,0.1387415153975175,2025-07,False,True,True
2025-07-08 20:00:00+00:00,USDCAD,1,0.17959951422112874,2025-07,False,True,True
2025-07-08 21:00:00+00:00,AUDCAD,1,0.18564387088735113,2025-07,False,True,True
2025-07-09 18:00:00+00:00,EURGBP,-1,0.1449747190121733,2025-07,False,False,False
2025-07-09 20:00:00+00:00,EURCAD,1,0.1774685745305733,2025-07,False,True,True
2025-07-09 21:00:00+00:00,USDCHF,1,0.21631093974845783,2025-07,False,False,False
2025-07-10 18:00:00+00:00,AUDJPY,-1,0.18670084861662745,2025-07,False,False,True
2025-07-10 19:00:00+00:00,AUDJPY,-1,0.17664846012371643,2025-07,False,False,False
2025-07-10 20:00:00+00:00,GBPNZD,1,0.21570733193848024,2025-07,False,True,False
2025-07-11 01:00:00+00:00,AUDCHF,-1,0.13349325391826516,2025-07,False,True,True
2025-07-11 18:00:00+00:00,CADJPY,-1,0.18748629364613023,2025-07,False,True,True
2025-07-11 20:00:00+00:00,GBPNZD,1,0.1910101188874186,2025-07,False,True,
2025-07-14 06:00:00+00:00,GBPCAD,1,0.1379495048722692,2025-07,False,True,True
2025-07-14 08:00:00+00:00,GBPCAD,1,0.12720505437355967,2025-07,False,False,False
2025-07-14 09:00:00+00:00,GBPCAD,1,0.14548111687345988,2025-07,False,True,True
2025-07-15 18:00:00+00:00,EURNZD,-1,0.15305874783486634,2025-07,False,True,True
2025-07-15 19:00:00+00:00,EURNZD,-1,0.1279241965889143,2025-07,False,True,True
2025-07-15 20:00:00+00:00,GBPNZD,1,0.1932473421503269,2025-07,False,False,False
2025-07-16 11:00:00+00:00,USDJPY,-1,0.15045213723628553,2025-07,False,True,True
2025-07-16 18:00:00+00:00,AUDCHF,-1,0.1318957107349763,2025-07,False,True,True
2025-07-16 20:00:00+00:00,AUDCHF,1,0.18010079867283257,2025-07,False,True,True
2025-07-17 18:00:00+00:00,AUDCHF,-1,0.1644032364492744,2025-07,False,True,True
2025-07-17 20:00:00+00:00,GBPAUD,1,0.154843728157963,2025-07,False,True,True
2025-07-17 21:00:00+00:00,AUDCHF,1,0.2093058750327248,2025-07,False,True,True
2025-07-18 18:00:00+00:00,CADJPY,-1,0.1918298497291876,2025-07,False,False,False
2025-07-18 19:00:00+00:00,EURGBP,-1,0.13710725949059993,2025-07,False,False,
2025-07-18 20:00:00+00:00,GBPCAD,1,0.22700364928122174,2025-07,False,True,
2025-07-21 20:00:00+00:00,EURAUD,1,0.16448640705415385,2025-07,False,True,True
2025-07-21 21:00:00+00:00,NZDCAD,1,0.1429636039867922,2025-07,False,False,False
2025-07-21 23:00:00+00:00,GBPCAD,1,0.10571032711317241,2025-07,True,True,True
2025-07-22 18:00:00+00:00,NZDUSD,-1,0.16122320383320027,2025-07,False,True,True
2025-07-22 19:00:00+00:00,NZDUSD,-1,0.15775900216831762,2025-07,False,True,True
2025-07-22 20:00:00+00:00,GBPCAD,1,0.23826476669500263,2025-07,False,True,False
2025-07-23 18:00:00+00:00,AUDNZD,-1,0.18351355938202624,2025-07,False,True,True
2025-07-23 19:00:00+00:00,AUDJPY,-1,0.14806007398489884,2025-07,False,True,True
2025-07-23 20:00:00+00:00,EURGBP,1,0.14942857516266295,2025-07,False,True,True
2025-07-24 18:00:00+00:00,NZDJPY,-1,0.15186988974874638,2025-07,False,True,True
2025-07-24 20:00:00+00:00,GBPCAD,1,0.2239608452075187,2025-07,False,True,True
2025-07-24 21:00:00+00:00,EURGBP,1,0.2646670513322895,2025-07,False,True,True
2025-07-25 18:00:00+00:00,NZDCAD,-1,0.15666573851006393,2025-07,False,True,True
2025-07-25 20:00:00+00:00,GBPCAD,1,0.22559650726121616,2025-07,True,True,
2025-07-25 21:00:00+00:00,AUDCHF,1,0.14714850893048337,2025-07,True,True,
2025-07-28 00:00:00+00:00,NZDUSD,1,0.13771649369178018,2025-07,False,False,False
2025-07-28 03:00:00+00:00,NZDUSD,1,0.1429220899895588,2025-07,False,False,False
2025-07-28 04:00:00+00:00,NZDUSD,1,0.1426576988647016,2025-07,False,False,False
2025-07-29 00:00:00+00:00,NZDUSD,1,0.19720979716124687,2025-07,False,True,True
2025-07-29 01:00:00+00:00,GBPUSD,1,0.18702884971490707,2025-07,False,True,True
2025-07-29 02:00:00+00:00,GBPJPY,1,0.18256382847755204,2025-07,False,False,False
2025-07-30 19:00:00+00:00,USDCAD,-1,0.14527932400919957,2025-07,False,True,True
2025-07-30 20:00:00+00:00,EURGBP,1,0.20527773576748487,2025-07,False,True,True
2025-07-30 21:00:00+00:00,EURUSD,1,0.16659992648019772,2025-07,False,True,True
2025-07-31 18:00:00+00:00,GBPNZD,-1,0.14227019046814532,2025-07,False,True,True
2025-07-31 20:00:00+00:00,NZDCHF,1,0.22751579078328277,2025-07,False,True,True
2025-07-31 21:00:00+00:00,GBPAUD,1,0.15813411789712417,2025-07,False,True,True
2025-08-01 14:00:00+00:00,USDCHF,-1,0.15586032139055966,2025-08,False,False,False
2025-08-01 15:00:00+00:00,CADJPY,-1,0.17426988051796533,2025-08,False,True,True
2025-08-01 16:00:00+00:00,USDCAD,-1,0.16547138185614968,2025-08,False,False,False
2025-08-04 18:00:00+00:00,USDCAD,-1,0.14253985061095242,2025-08,False,True,True
2025-08-04 20:00:00+00:00,EURCHF,1,0.1970220364965839,2025-08,False,True,True
2025-08-04 21:00:00+00:00,EURGBP,1,0.23944201168583035,2025-08,False,False,False
2025-08-05 18:00:00+00:00,EURNZD,-1,0.16685349168595925,2025-08,False,True,True
2025-08-05 19:00:00+00:00,CHFJPY,-1,0.12736359453143947,2025-08,False,True,True
2025-08-05 20:00:00+00:00,EURGBP,1,0.21604675697780373,2025-08,False,True,True
2025-08-06 17:00:00+00:00,GBPCHF,-1,0.13249343750230075,2025-08,False,True,True
2025-08-06 18:00:00+00:00,EURAUD,-1,0.17525045995281857,2025-08,False,True,True
2025-08-06 20:00:00+00:00,GBPAUD,1,0.1714042276233657,2025-08,False,True,True
2025-08-07 18:00:00+00:00,USDCHF,-1,0.1732367249673012,2025-08,False,True,True
2025-08-07 20:00:00+00:00,GBPAUD,1,0.16274420982126414,2025-08,False,True,True
2025-08-07 21:00:00+00:00,EURNZD,1,0.16711650377952336,2025-08,False,True,True
2025-08-08 18:00:00+00:00,AUDCAD,-1,0.16543714752624183,2025-08,False,True,True
2025-08-08 19:00:00+00:00,USDCHF,-1,0.12643919753936128,2025-08,False,True,
2025-08-08 20:00:00+00:00,AUDNZD,1,0.20817927596875596,2025-08,False,True,
2025-08-11 01:00:00+00:00,EURJPY,1,0.1370351066967449,2025-08,False,True,True
2025-08-11 02:00:00+00:00,EURJPY,1,0.14492446369306322,2025-08,False,True,True
2025-08-11 03:00:00+00:00,EURJPY,1,0.14865864275373775,2025-08,False,True,True
2025-08-12 18:00:00+00:00,EURGBP,-1,0.1434340166981109,2025-08,False,True,True
2025-08-12 20:00:00+00:00,EURGBP,1,0.1713162304628959,2025-08,False,True,True
2025-08-12 21:00:00+00:00,EURCHF,1,0.19934862468588055,2025-08,False,True,True
2025-08-13 18:00:00+00:00,GBPCHF,-1,0.17075206069281335,2025-08,False,True,True
2025-08-13 19:00:00+00:00,GBPCHF,-1,0.1453843069795358,2025-08,False,False,False
2025-08-13 20:00:00+00:00,USDCHF,1,0.18467831257531486,2025-08,False,True,True
2025-08-14 18:00:00+00:00,EURNZD,-1,0.14517918390400808,2025-08,False,True,True
2025-08-14 20:00:00+00:00,EURGBP,1,0.20016096866617272,2025-08,False,True,True
2025-08-14 21:00:00+00:00,GBPCAD,1,0.2125830892322812,2025-08,False,True,True
2025-08-15 18:00:00+00:00,EURAUD,-1,0.15738625128510747,2025-08,False,True,True
2025-08-15 19:00:00+00:00,GBPCHF,-1,0.13066990088878,2025-08,False,True,
2025-08-15 20:00:00+00:00,NZDCHF,1,0.15346652281201778,2025-08,False,True,
2025-08-18 18:00:00+00:00,EURGBP,-1,0.13737914950503882,2025-08,False,True,True
2025-08-18 20:00:00+00:00,EURGBP,1,0.22372343666354144,2025-08,False,True,True
2025-08-18 21:00:00+00:00,EURGBP,1,0.2566571614477662,2025-08,False,True,True
2025-08-19 18:00:00+00:00,GBPAUD,-1,0.16841009117675199,2025-08,False,True,True
2025-08-19 20:00:00+00:00,EURGBP,1,0.1881637229577533,2025-08,False,True,True
2025-08-19 21:00:00+00:00,GBPCHF,1,0.22924928438618697,2025-08,False,True,True
2025-08-20 18:00:00+00:00,USDCAD,-1,0.16333119175726984,2025-08,False,True,True
2025-08-20 19:00:00+00:00,USDCAD,-1,0.13266177034629523,2025-08,False,True,True
2025-08-20 20:00:00+00:00,NZDCHF,1,0.1910612680009912,2025-08,False,True,True
2025-08-21 18:00:00+00:00,AUDCHF,-1,0.20899839070630993,2025-08,False,True,True
2025-08-21 19:00:00+00:00,AUDCHF,-1,0.12644867922478165,2025-08,False,True,True
2025-08-21 20:00:00+00:00,GBPNZD,1,0.190919641309912,2025-08,False,True,False
2025-08-22 18:00:00+00:00,NZDCHF,-1,0.14964952899664902,2025-08,False,False,False
2025-08-22 20:00:00+00:00,EURGBP,1,0.17877897927650765,2025-08,True,True,
2025-08-22 21:00:00+00:00,EURGBP,1,0.1379874821448258,2025-08,True,True,
2025-08-25 18:00:00+00:00,AUDCHF,-1,0.19355747647136917,2025-08,False,True,True
2025-08-25 19:00:00+00:00,AUDCHF,-1,0.16270993987156357,2025-08,False,True,True
2025-08-25 20:00:00+00:00,NZDCHF,1,0.2494787615386873,2025-08,False,True,True
2025-08-26 18:00:00+00:00,NZDUSD,-1,0.14102177050794734,2025-08,False,True,True
2025-08-26 20:00:00+00:00,EURGBP,1,0.19524713394560533,2025-08,False,True,True
2025-08-26 21:00:00+00:00,GBPCHF,1,0.18333305928549026,2025-08,False,True,True
2025-08-27 18:00:00+00:00,GBPCHF,-1,0.161154970466991,2025-08,False,True,True
2025-08-27 20:00:00+00:00,AUDCHF,1,0.204266953596132,2025-08,False,True,True
2025-08-27 21:00:00+00:00,AUDCHF,1,0.24470023100618365,2025-08,False,True,True
2025-08-28 18:00:00+00:00,AUDCHF,-1,0.16193049239337604,2025-08,False,True,True
2025-08-28 20:00:00+00:00,NZDCHF,1,0.22593542689189638,2025-08,False,True,True
2025-08-28 21:00:00+00:00,EURGBP,1,0.22982985949615797,2025-08,False,True,True
2025-08-29 18:00:00+00:00,EURJPY,-1,0.18121418584702603,2025-08,False,True,True
2025-08-29 20:00:00+00:00,EURGBP,1,0.2450842510842649,2025-08,True,True,
2025-08-29 21:00:00+00:00,AUDCAD,1,0.19271473659138516,2025-08,True,True,
2025-09-01 18:00:00+00:00,EURCHF,-1,0.14255712082039418,2025-09,False,True,True
2025-09-01 20:00:00+00:00,GBPCAD,1,0.2341587139264517,2025-09,False,True,True
2025-09-01 21:00:00+00:00,EURCAD,1,0.2668540635321016,2025-09,False,False,False
2025-09-02 18:00:00+00:00,NZDCHF,-1,0.16990840545057562,2025-09,False,True,True
2025-09-02 20:00:00+00:00,EURGBP,1,0.2544243244062653,2025-09,False,True,True
2025-09-02 21:00:00+00:00,AUDCAD,1,0.18675603306679645,2025-09,False,True,True
2025-09-03 18:00:00+00:00,AUDCHF,-1,0.17379502796666052,2025-09,False,True,True
2025-09-03 20:00:00+00:00,EURGBP,1,0.182857108040551,2025-09,False,True,True
2025-09-03 21:00:00+00:00,EURCHF,1,0.20173057953035722,2025-09,False,True,True
2025-09-04 18:00:00+00:00,AUDNZD,-1,0.17975509157986036,2025-09,False,True,True
2025-09-04 20:00:00+00:00,GBPCAD,1,0.23859968379501573,2025-09,False,True,True
2025-09-04 21:00:00+00:00,GBPAUD,1,0.23912786348914794,2025-09,False,False,False
2025-09-05 18:00:00+00:00,CHFJPY,-1,0.13786385582328592,2025-09,False,True,True
2025-09-05 20:00:00+00:00,EURGBP,1,0.21178218195691645,2025-09,True,True,
2025-09-05 21:00:00+00:00,EURCHF,1,0.1766200502431301,2025-09,True,True,
2025-09-08 18:00:00+00:00,NZDUSD,-1,0.1863005243447436,2025-09,False,True,True
2025-09-08 20:00:00+00:00,AUDCAD,1,0.21936997278835535,2025-09,False,True,True
2025-09-08 21:00:00+00:00,GBPAUD,1,0.20437228976420452,2025-09,False,True,True
2025-09-09 18:00:00+00:00,NZDCHF,-1,0.14613696626171951,2025-09,False,True,True
2025-09-09 19:00:00+00:00,USDCAD,-1,0.1297031960175482,2025-09,False,True,True
2025-09-09 20:00:00+00:00,AUDCHF,1,0.23297730266572747,2025-09,False,True,True
2025-09-10 17:00:00+00:00,NZDCHF,-1,0.12510717523970827,2025-09,False,True,True
2025-09-10 18:00:00+00:00,GBPCHF,-1,0.14642523343274833,2025-09,False,True,True
2025-09-10 19:00:00+00:00,AUDNZD,-1,0.129379589792101,2025-09,False,True,True
2025-09-11 18:00:00+00:00,AUDCAD,-1,0.19232563154604332,2025-09,False,True,True
2025-09-11 19:00:00+00:00,GBPCHF,-1,0.12533269936395175,2025-09,False,True,True
2025-09-11 20:00:00+00:00,AUDCAD,1,0.21780655496457346,2025-09,False,True,True
2025-09-12 18:00:00+00:00,AUDCAD,-1,0.17678034054367292,2025-09,False,True,True
2025-09-12 20:00:00+00:00,NZDCHF,1,0.24417731894032535,2025-09,False,True,
2025-09-12 21:00:00+00:00,GBPCAD,1,0.1610614927477555,2025-09,False,True,
2025-09-15 18:00:00+00:00,AUDCHF,-1,0.16165669399444155,2025-09,False,True,True
2025-09-15 19:00:00+00:00,AUDCHF,-1,0.12739087640199404,2025-09,False,False,False
2025-09-15 20:00:00+00:00,EURGBP,1,0.25920776152375,2025-09,False,True,False
2025-09-16 17:00:00+00:00,NZDCHF,-1,0.15803650584006973,2025-09,False,True,True
2025-09-16 18:00:00+00:00,EURAUD,-1,0.16259652596016932,2025-09,False,True,True
2025-09-16 19:00:00+00:00,CHFJPY,-1,0.13367249693681565,2025-09,False,False,False
2025-09-17 20:00:00+00:00,AUDCHF,1,0.23585431254023237,2025-09,False,True,True
2025-09-17 21:00:00+00:00,GBPUSD,1,0.19196142940715288,2025-09,False,True,True
2025-09-17 22:00:00+00:00,NZDCHF,1,0.12458029824492145,2025-09,False,False,False
2025-09-18 15:00:00+00:00,NZDCAD,1,0.12167697188769744,2025-09,False,True,True
2025-09-18 18:00:00+00:00,EURAUD,-1,0.1447075461309258,2025-09,False,True,False
2025-09-18 19:00:00+00:00,EURAUD,-1,0.13812780536632557,2025-09,False,True,True
2025-09-19 18:00:00+00:00,AUDCHF,-1,0.15431544473221415,2025-09,False,True,True
2025-09-19 20:00:00+00:00,GBPCAD,1,0.2449497204084945,2025-09,True,True,
2025-09-19 21:00:00+00:00,GBPCAD,1,0.19464045270398989,2025-09,True,True,
2025-09-22 05:00:00+00:00,USDJPY,1,0.12919008921455066,2025-09,False,False,False
2025-09-22 18:00:00+00:00,GBPCAD,-1,0.17519746338579328,2025-09,False,True,True
2025-09-22 19:00:00+00:00,USDCAD,-1,0.13623265004731266,2025-09,False,False,False
2025-09-23 02:00:00+00:00,USDCHF,-1,0.14658383499987987,2025-09,False,False,False
2025-09-23 18:00:00+00:00,GBPCAD,-1,0.17378428210063424,2025-09,False,True,True
2025-09-23 20:00:00+00:00,GBPCAD,1,0.1988338794356318,2025-09,False,True,True
2025-09-24 18:00:00+00:00,EURCAD,-1,0.19425447924123346,2025-09,False,True,True
2025-09-24 20:00:00+00:00,USDCHF,1,0.21301489597079226,2025-09,False,True,True
2025-09-24 21:00:00+00:00,USDCHF,1,0.18572192042869606,2025-09,False,False,False
2025-09-25 18:00:00+00:00,CADJPY,-1,0.1759808718575902,2025-09,False,True,True
2025-09-25 19:00:00+00:00,AUDNZD,-1,0.1293390780137722,2025-09,False,True,True
2025-09-25 20:00:00+00:00,EURCHF,1,0.21319102181341398,2025-09,False,True,True
2025-09-26 18:00:00+00:00,AUDCAD,-1,0.16477372963871784,2025-09,False,True,True
2025-09-26 20:00:00+00:00,AUDNZD,1,0.19556034743250506,2025-09,True,True,
2025-09-26 21:00:00+00:00,AUDCAD,1,0.15484854272778836,2025-09,True,True,
2025-09-29 18:00:00+00:00,AUDCHF,-1,0.17615125563624734,2025-09,False,True,True
2025-09-29 20:00:00+00:00,GBPCAD,1,0.23706783921885322,2025-09,False,True,True
2025-09-29 21:00:00+00:00,AUDCHF,1,0.19855193920061354,2025-09,False,True,True
2025-09-30 05:00:00+00:00,NZDJPY,1,0.12401167852907802,2025-09,False,False,False
2025-09-30 18:00:00+00:00,GBPCHF,-1,0.13153666620894233,2025-09,False,True,True
2025-09-30 20:00:00+00:00,EURGBP,1,0.19455477406101251,2025-09,False,True,True
2025-10-01 18:00:00+00:00,AUDCHF,-1,0.16874821817680413,2025-10,False,True,True
2025-10-01 20:00:00+00:00,EURGBP,1,0.21782020610549124,2025-10,False,True,True
2025-10-01 21:00:00+00:00,EURCAD,1,0.20433362830041701,2025-10,False,True,True
2025-10-02 18:00:00+00:00,NZDCAD,-1,0.16242526750775882,2025-10,False,True,True
2025-10-02 20:00:00+00:00,EURGBP,1,0.211303390273214,2025-10,False,True,True
2025-10-02 21:00:00+00:00,AUDCHF,1,0.24451142717569418,2025-10,False,True,True
2025-10-03 17:00:00+00:00,GBPAUD,-1,0.12118519850774817,2025-10,False,False,False
2025-10-03 18:00:00+00:00,NZDJPY,-1,0.22963058936643016,2025-10,False,True,True
2025-10-03 19:00:00+00:00,NZDJPY,-1,0.15392199476232216,2025-10,False,False,
2025-10-06 00:00:00+00:00,NZDJPY,-1,0.11819054441015953,2025-10,False,False,False
2025-10-06 01:00:00+00:00,NZDJPY,-1,0.1428278270517091,2025-10,False,False,False
2025-10-06 02:00:00+00:00,NZDJPY,-1,0.1437717057324187,2025-10,False,False,False
2025-10-07 18:00:00+00:00,NZDJPY,-1,0.20588096980536036,2025-10,False,False,False
2025-10-07 19:00:00+00:00,USDCHF,-1,0.15942252569505155,2025-10,False,True,True
2025-10-07 20:00:00+00:00,AUDCHF,1,0.2558678123762691,2025-10,False,True,True
2025-10-08 01:00:00+00:00,USDJPY,-1,0.12784349755664304,2025-10,False,True,True
2025-10-08 04:00:00+00:00,NZDCAD,1,0.12005334281521995,2025-10,False,True,True
2025-10-08 05:00:00+00:00,NZDUSD,1,0.13351511703379604,2025-10,False,True,True
2025-10-09 03:00:00+00:00,AUDJPY,-1,0.1278821757933013,2025-10,False,True,True
2025-10-09 05:00:00+00:00,CADJPY,-1,0.13201448819661826,2025-10,False,False,False
2025-10-09 06:00:00+00:00,CADJPY,-1,0.1426180246036654,2025-10,False,True,True
2025-10-10 19:00:00+00:00,AUDJPY,1,0.14332638853763002,2025-10,True,True,
2025-10-10 20:00:00+00:00,GBPCHF,1,0.14416249182267182,2025-10,True,True,
2025-10-10 21:00:00+00:00,AUDCAD,1,0.22122560251729595,2025-10,True,True,
2025-10-13 18:00:00+00:00,USDCAD,-1,0.18978427974960893,2025-10,False,True,True
2025-10-13 20:00:00+00:00,NZDCAD,1,0.2307246561816081,2025-10,False,False,False
2025-10-13 21:00:00+00:00,EURCHF,1,0.16592231068883223,2025-10,False,True,True
2025-10-14 18:00:00+00:00,NZDCHF,-1,0.15034511213919888,2025-10,False,True,True
2025-10-14 20:00:00+00:00,EURNZD,1,0.16320305582583927,2025-10,False,True,True
2025-10-14 21:00:00+00:00,EURCHF,1,0.15313060203177875,2025-10,False,True,True
2025-10-15 18:00:00+00:00,GBPCAD,-1,0.18354885658771047,2025-10,False,True,True
2025-10-15 19:00:00+00:00,GBPCAD,-1,0.12407485246328248,2025-10,False,False,False
2025-10-15 20:00:00+00:00,EURGBP,1,0.23139300048958134,2025-10,False,True,True
2025-10-16 18:00:00+00:00,GBPNZD,-1,0.1554824747198295,2025-10,False,True,True
2025-10-16 19:00:00+00:00,AUDCHF,-1,0.12489224953177552,2025-10,False,True,True
2025-10-16 20:00:00+00:00,EURGBP,1,0.15766918525055196,2025-10,False,True,True
2025-10-17 07:00:00+00:00,USDCHF,-1,0.13252004562975916,2025-10,False,False,False
2025-10-17 18:00:00+00:00,NZDUSD,-1,0.15995692026929037,2025-10,False,True,True
2025-10-17 20:00:00+00:00,EURGBP,1,0.25784739774035115,2025-10,False,True,
2025-10-20 17:00:00+00:00,USDCAD,-1,0.12950661292602061,2025-10,False,True,True
2025-10-20 18:00:00+00:00,AUDCAD,-1,0.17983044330664338,2025-10,False,True,True
2025-10-20 20:00:00+00:00,NZDCHF,1,0.24009257107943138,2025-10,False,True,True
2025-10-21 17:00:00+00:00,NZDCHF,-1,0.12067971648635772,2025-10,False,True,True
2025-10-21 18:00:00+00:00,USDCHF,-1,0.21883287006618263,2025-10,False,True,True
2025-10-21 19:00:00+00:00,NZDCHF,-1,0.15159030578466376,2025-10,False,True,True
2025-10-22 18:00:00+00:00,CADJPY,-1,0.1870852286855662,2025-10,False,True,True
2025-10-22 19:00:00+00:00,CADJPY,-1,0.12418248202563875,2025-10,False,True,True
2025-10-22 20:00:00+00:00,NZDCHF,1,0.21685639260758172,2025-10,False,True,True
2025-10-23 17:00:00+00:00,NZDUSD,-1,0.13490153288985557,2025-10,False,True,True
2025-10-23 18:00:00+00:00,EURGBP,-1,0.19292709351489495,2025-10,False,True,True
2025-10-23 20:00:00+00:00,NZDCHF,1,0.22408301588228297,2025-10,False,True,True
2025-10-24 18:00:00+00:00,USDCHF,-1,0.18419417999507876,2025-10,False,True,True
2025-10-24 19:00:00+00:00,CHFJPY,-1,0.1272817693252823,2025-10,False,False,
2025-10-24 20:00:00+00:00,EURGBP,1,0.2606721827702376,2025-10,False,False,
2025-10-27 18:00:00+00:00,EURGBP,-1,0.1963406486995562,2025-10,False,True,True
2025-10-27 20:00:00+00:00,NZDCHF,1,0.23369403225261587,2025-10,False,True,True
2025-10-27 21:00:00+00:00,NZDCHF,1,0.18802467521714628,2025-10,False,True,False
2025-10-28 14:00:00+00:00,GBPAUD,1,0.12444480049827367,2025-10,False,False,False
2025-10-28 15:00:00+00:00,GBPAUD,1,0.13363053857022233,2025-10,False,False,False
2025-10-28 18:00:00+00:00,AUDUSD,-1,0.1830440865664325,2025-10,False,True,True
2025-10-29 06:00:00+00:00,EURGBP,-1,0.12098293618563638,2025-10,False,False,False
2025-10-29 20:00:00+00:00,NZDCHF,1,0.26427675107744997,2025-10,False,True,True
2025-10-29 21:00:00+00:00,AUDCAD,1,0.2157082919374862,2025-10,False,True,True
2025-10-30 00:00:00+00:00,EURAUD,1,0.13548820411467033,2025-10,False,False,True
2025-10-30 02:00:00+00:00,GBPAUD,1,0.13797434918333784,2025-10,False,True,True
2025-10-30 17:00:00+00:00,AUDCHF,-1,0.1356247476491082,2025-10,False,True,True
2025-10-31 18:00:00+00:00,GBPCHF,-1,0.18582571639636752,2025-10,False,False,
2025-10-31 20:00:00+00:00,EURGBP,1,0.266489032052763,2025-10,False,True,
2025-10-31 21:00:00+00:00,EURGBP,1,0.1568990008108998,2025-10,False,True,
2025-11-03 18:00:00+00:00,USDCHF,-1,0.15789901163903897,2025-11,False,False,False
2025-11-03 20:00:00+00:00,NZDUSD,1,0.14039662539952713,2025-11,False,False,False
2025-11-03 21:00:00+00:00,EURGBP,1,0.2423573839630293,2025-11,False,True,True
2025-11-04 18:00:00+00:00,USDCHF,-1,0.18712057817555366,2025-11,False,False,False
2025-11-04 19:00:00+00:00,USDCHF,-1,0.13477738942914524,2025-11,False,True,True
2025-11-04 20:00:00+00:00,NZDCAD,1,0.18558421509899403,2025-11,False,False,False
2025-11-05 17:00:00+00:00,USDCHF,-1,0.13803793737836562,2025-11,False,True,True
2025-11-05 18:00:00+00:00,AUDCHF,-1,0.1746230908900604,2025-11,False,True,True
2025-11-05 20:00:00+00:00,AUDUSD,1,0.19249600858227967,2025-11,False,True,True
2025-11-06 16:00:00+00:00,AUDCHF,-1,0.12423187537386643,2025-11,False,False,False
2025-11-06 18:00:00+00:00,EURAUD,-1,0.1441009600676444,2025-11,False,False,False
2025-11-06 20:00:00+00:00,AUDUSD,1,0.13519638503578302,2025-11,False,True,True
2025-11-07 17:00:00+00:00,GBPCHF,-1,0.13101815034525233,2025-11,False,False,False
2025-11-07 18:00:00+00:00,GBPCHF,-1,0.18697203724039685,2025-11,False,True,True
2025-11-07 19:00:00+00:00,GBPCHF,-1,0.13837130921741825,2025-11,False,True,True
2025-11-10 18:00:00+00:00,NZDUSD,-1,0.1998222992334583,2025-11,False,True,True
2025-11-10 19:00:00+00:00,NZDJPY,-1,0.12379838659097325,2025-11,False,False,False
2025-11-10 20:00:00+00:00,USDCAD,1,0.19564122861926314,2025-11,False,True,True
2025-11-11 18:00:00+00:00,CHFJPY,-1,0.17546820674916752,2025-11,False,True,True
2025-11-11 20:00:00+00:00,GBPCAD,1,0.21567047825534302,2025-11,False,False,False
2025-11-11 21:00:00+00:00,GBPAUD,1,0.27955243079308756,2025-11,False,True,True
2025-11-12 18:00:00+00:00,NZDUSD,-1,0.17538487478003878,2025-11,False,True,True
2025-11-12 20:00:00+00:00,AUDUSD,1,0.18765667801893726,2025-11,False,False,False
2025-11-12 21:00:00+00:00,AUDNZD,1,0.2631290662674256,2025-11,False,True,True
2025-11-13 00:00:00+00:00,CHFJPY,-1,0.15049297348691543,2025-11,False,True,True
2025-11-13 01:00:00+00:00,CHFJPY,-1,0.15300498506091254,2025-11,False,False,False
2025-11-13 02:00:00+00:00,CHFJPY,-1,0.12520377636050678,2025-11,False,False,False
2025-11-14 00:00:00+00:00,CHFJPY,-1,0.1338417409740011,2025-11,False,False,False
2025-11-14 02:00:00+00:00,CHFJPY,-1,0.13737002699262157,2025-11,False,False,False
2025-11-14 03:00:00+00:00,CHFJPY,-1,0.13171503375205573,2025-11,False,False,False
2025-11-17 18:00:00+00:00,EURAUD,-1,0.1872565142771938,2025-11,False,False,False
2025-11-17 19:00:00+00:00,USDCAD,-1,0.15003917825813373,2025-11,False,True,True
2025-11-17 20:00:00+00:00,EURNZD,1,0.20757450351449236,2025-11,False,True,True
2025-11-18 17:00:00+00:00,USDCHF,-1,0.14017972918369648,2025-11,False,True,True
2025-11-18 18:00:00+00:00,AUDNZD,-1,0.19993158162206848,2025-11,False,True,True
2025-11-18 19:00:00+00:00,GBPCHF,-1,0.16935203568707674,2025-11,False,True,True
2025-11-19 18:00:00+00:00,AUDCHF,-1,0.15601347360995227,2025-11,False,False,False
2025-11-19 19:00:00+00:00,USDJPY,-1,0.13176604769509126,2025-11,False,False,False
2025-11-19 21:00:00+00:00,NZDCHF,1,0.22868904392391476,2025-11,False,True,True
2025-11-20 18:00:00+00:00,GBPNZD,-1,0.18613554080065786,2025-11,False,False,False
2025-11-20 19:00:00+00:00,EURJPY,-1,0.12852126196182623,2025-11,False,True,True
2025-11-20 20:00:00+00:00,GBPUSD,1,0.2218668520201026,2025-11,False,True,True
2025-11-21 07:00:00+00:00,AUDJPY,1,0.14044702596079706,2025-11,False,True,True
2025-11-21 18:00:00+00:00,NZDCHF,-1,0.1740990806673584,2025-11,False,False,False
2025-11-21 21:00:00+00:00,AUDNZD,1,0.25900568655219314,2025-11,False,True,
2025-11-24 18:00:00+00:00,AUDCAD,-1,0.17983352676536474,2025-11,False,True,True
2025-11-24 20:00:00+00:00,EURGBP,1,0.19881157677557282,2025-11,False,True,True
2025-11-24 21:00:00+00:00,GBPNZD,1,0.24277790988686954,2025-11,False,True,True
2025-11-25 18:00:00+00:00,NZDCHF,-1,0.17553416705629765,2025-11,False,True,True
2025-11-25 20:00:00+00:00,AUDUSD,1,0.18558650878536442,2025-11,False,True,True
2025-11-25 21:00:00+00:00,NZDCHF,1,0.2016883216722214,2025-11,False,True,True
2025-11-26 17:00:00+00:00,USDJPY,-1,0.12726983249197538,2025-11,False,False,False
2025-11-26 18:00:00+00:00,CHFJPY,-1,0.21149828734213905,2025-11,False,True,True
2025-11-26 19:00:00+00:00,CHFJPY,-1,0.1298202648739692,2025-11,False,True,True
2025-11-27 18:00:00+00:00,CADJPY,-1,0.20180926655975756,2025-11,False,True,True
2025-11-27 19:00:00+00:00,CADJPY,-1,0.1257322913020527,2025-11,False,True,True
2025-11-27 21:00:00+00:00,AUDNZD,1,0.2597709311121854,2025-11,False,True,True
2025-11-28 18:00:00+00:00,NZDCHF,-1,0.13712420292674615,2025-11,False,False,True
2025-11-28 20:00:00+00:00,GBPCHF,1,0.21617960881441156,2025-11,False,False,
2025-11-28 21:00:00+00:00,GBPUSD,1,0.27205993073725476,2025-11,False,True,
2025-12-01 18:00:00+00:00,USDCHF,-1,0.1712649838797829,2025-12,False,False,False
2025-12-01 20:00:00+00:00,CADJPY,1,0.160158113402036,2025-12,False,True,True
2025-12-01 21:00:00+00:00,AUDCHF,1,0.26101451473739845,2025-12,False,True,True
2025-12-02 18:00:00+00:00,AUDCHF,-1,0.16902032206812218,2025-12,False,True,True
2025-12-02 20:00:00+00:00,USDJPY,1,0.1523202328911475,2025-12,False,False,False
2025-12-02 21:00:00+00:00,NZDCHF,1,0.29684785898071897,2025-12,False,True,True
2025-12-03 18:00:00+00:00,NZDCAD,-1,0.20701659467629535,2025-12,False,True,True
2025-12-03 19:00:00+00:00,AUDCAD,-1,0.16303965192763165,2025-12,False,True,True
2025-12-03 20:00:00+00:00,EURGBP,1,0.275686491890925,2025-12,False,True,True
2025-12-04 17:00:00+00:00,EURCHF,-1,0.12365984838501032,2025-12,False,False,False
2025-12-04 18:00:00+00:00,EURCHF,-1,0.2011404544337515,2025-12,False,True,True
2025-12-04 19:00:00+00:00,USDCHF,-1,0.13597676003597303,2025-12,False,False,False
2025-12-05 15:00:00+00:00,EURAUD,1,0.12549505036200903,2025-12,False,True,True
2025-12-05 17:00:00+00:00,EURCAD,1,0.177721907194078,2025-12,False,False,False
2025-12-05 18:00:00+00:00,USDCHF,-1,0.1996942865445971,2025-12,False,True,True
2025-12-08 00:00:00+00:00,USDCAD,1,0.1383604424493502,2025-12,False,False,True
2025-12-08 02:00:00+00:00,EURAUD,1,0.16810920320202083,2025-12,False,True,True
2025-12-08 08:00:00+00:00,GBPCAD,1,0.13205209489243952,2025-12,False,False,False
2025-12-09 18:00:00+00:00,AUDNZD,-1,0.16221326736478497,2025-12,False,True,True
2025-12-09 20:00:00+00:00,EURNZD,1,0.14569284803728022,2025-12,False,True,True
2025-12-09 21:00:00+00:00,GBPCAD,1,0.2729992037520953,2025-12,False,True,True
2025-12-10 20:00:00+00:00,GBPNZD,1,0.16148655052002447,2025-12,False,True,True
2025-12-10 21:00:00+00:00,AUDCHF,1,0.1983622908387519,2025-12,False,False,False
2025-12-10 23:00:00+00:00,USDCHF,1,0.10315950456943768,2025-12,True,True,True
2025-12-11 17:00:00+00:00,GBPCHF,-1,0.13509291121961148,2025-12,False,True,True
2025-12-11 18:00:00+00:00,EURGBP,-1,0.18299937373259212,2025-12,False,False,False
2025-12-11 19:00:00+00:00,NZDCHF,-1,0.1564656020091258,2025-12,False,True,True
2025-12-12 18:00:00+00:00,EURGBP,-1,0.17957176365648786,2025-12,False,True,True
2025-12-12 20:00:00+00:00,CHFJPY,1,0.16420157342952846,2025-12,False,True,
2025-12-12 21:00:00+00:00,EURGBP,1,0.29858700391989557,2025-12,False,True,
2025-12-15 18:00:00+00:00,EURAUD,-1,0.15524654495352247,2025-12,False,True,True
2025-12-15 19:00:00+00:00,GBPCHF,-1,0.12549811774624187,2025-12,False,True,True
2025-12-15 20:00:00+00:00,AUDCAD,1,0.18557848974525215,2025-12,False,True,True
2025-12-16 18:00:00+00:00,GBPCHF,-1,0.15815238381606306,2025-12,False,True,True
2025-12-16 20:00:00+00:00,EURGBP,1,0.235206384991564,2025-12,False,True,True
2025-12-16 21:00:00+00:00,NZDCHF,1,0.24708293821622562,2025-12,False,True,True
2025-12-17 18:00:00+00:00,USDJPY,-1,0.17663369615268126,2025-12,False,False,False
2025-12-17 20:00:00+00:00,EURGBP,1,0.22052662168648685,2025-12,False,True,True
2025-12-17 21:00:00+00:00,AUDCHF,1,0.24011359536071697,2025-12,False,False,True
2025-12-18 18:00:00+00:00,AUDCHF,-1,0.14178417762558854,2025-12,False,True,True
2025-12-18 20:00:00+00:00,GBPCAD,1,0.22703310528931364,2025-12,False,True,True
2025-12-18 21:00:00+00:00,EURCAD,1,0.25796585398262717,2025-12,False,True,True
2025-12-19 10:00:00+00:00,GBPJPY,-1,0.13944465273155882,2025-12,False,True,True
2025-12-19 18:00:00+00:00,AUDCHF,-1,0.18795672660894686,2025-12,False,True,True
2025-12-19 20:00:00+00:00,EURUSD,1,0.2187120362930497,2025-12,False,True,
2025-12-22 18:00:00+00:00,AUDJPY,-1,0.16322208415193412,2025-12,False,False,False
2025-12-22 21:00:00+00:00,EURGBP,1,0.26598109590715724,2025-12,False,True,True
2025-12-22 23:00:00+00:00,GBPCAD,-1,0.08273343569600328,2025-12,True,False,False
2025-12-23 18:00:00+00:00,AUDJPY,-1,0.16586996457765102,2025-12,False,False,False
2025-12-23 20:00:00+00:00,EURGBP,1,0.1621216690882511,2025-12,False,False,False
2025-12-23 21:00:00+00:00,EURGBP,1,0.24344702054002565,2025-12,False,True,True
2025-12-24 20:00:00+00:00,GBPCAD,1,0.25448607752835384,2025-12,False,True,False
2025-12-24 21:00:00+00:00,EURGBP,1,0.24423989618647768,2025-12,False,False,False
2025-12-24 22:00:00+00:00,AUDCHF,1,0.2040921752923579,2025-12,False,False,False
2025-12-25 17:00:00+00:00,GBPAUD,-1,0.13437031673649108,2025-12,False,True,
2025-12-25 18:00:00+00:00,CHFJPY,-1,0.14945956466072702,2025-12,False,False,
2025-12-25 19:00:00+00:00,EURGBP,-1,0.13733210111197497,2025-12,False,True,
2025-12-26 18:00:00+00:00,AUDCHF,-1,0.21016447451408649,2025-12,False,False,False
2025-12-26 20:00:00+00:00,EURGBP,1,0.2509720751085516,2025-12,False,True,
2025-12-26 21:00:00+00:00,EURAUD,1,0.2865393469299429,2025-12,False,True,
2025-12-29 18:00:00+00:00,GBPAUD,-1,0.14111207186089053,2025-12,False,False,False
2025-12-29 20:00:00+00:00,AUDUSD,1,0.1674159889027731,2025-12,False,True,True
2025-12-29 21:00:00+00:00,EURCHF,1,0.23846135605798657,2025-12,False,True,True
2025-12-30 18:00:00+00:00,USDCHF,-1,0.18851343422612038,2025-12,False,False,False
2025-12-30 20:00:00+00:00,EURUSD,1,0.23108439088484634,2025-12,False,True,True
2025-12-30 21:00:00+00:00,NZDCHF,1,0.25948670121999584,2025-12,False,False,True
2025-12-31 18:00:00+00:00,USDCAD,-1,0.1497253779369636,2025-12,False,True,True
2025-12-31 20:00:00+00:00,EURGBP,1,0.20305576023121497,2025-12,False,True,
2025-12-31 21:00:00+00:00,EURCAD,1,0.18382814971049855,2025-12,False,False,
2026-01-01 00:00:00+00:00,AUDCHF,1,0.22310897889983694,2026-01,False,True,
2026-01-01 02:00:00+00:00,AUDCHF,1,0.15783631418966426,2026-01,False,False,
2026-01-01 03:00:00+00:00,AUDCHF,1,0.1677046003252859,2026-01,False,False,
2026-01-02 18:00:00+00:00,CHFJPY,-1,0.16375851906090572,2026-01,False,True,True
2026-01-02 19:00:00+00:00,CHFJPY,-1,0.13195993389811472,2026-01,False,True,True
2026-01-02 20:00:00+00:00,EURGBP,1,0.23903283564446187,2026-01,False,False,
2026-01-05 18:00:00+00:00,GBPNZD,-1,0.18944927321500243,2026-01,False,False,False
2026-01-05 19:00:00+00:00,GBPJPY,-1,0.1345688199388952,2026-01,False,False,False
2026-01-05 20:00:00+00:00,EURGBP,1,0.19650149867753375,2026-01,False,False,False
2026-01-06 18:00:00+00:00,NZDCHF,-1,0.19112292505566503,2026-01,False,True,True
2026-01-06 19:00:00+00:00,GBPCAD,-1,0.13660237916727608,2026-01,False,False,False
2026-01-06 20:00:00+00:00,EURAUD,1,0.2097054018922605,2026-01,False,True,True
2026-01-07 04:00:00+00:00,AUDNZD,-1,0.1334688753956902,2026-01,False,True,True
2026-01-07 18:00:00+00:00,USDCAD,-1,0.20472434187834343,2026-01,False,False,False
2026-01-07 20:00:00+00:00,NZDUSD,1,0.16857666734192223,2026-01,False,False,False
2026-01-08 18:00:00+00:00,USDCHF,-1,0.2011740133870541,2026-01,False,True,True
2026-01-08 20:00:00+00:00,EURGBP,1,0.2481066961048809,2026-01,False,True,True
2026-01-08 21:00:00+00:00,GBPCHF,1,0.24695156421077313,2026-01,False,True,True
2026-01-09 18:00:00+00:00,AUDCHF,-1,0.19544628661795915,2026-01,False,True,True
2026-01-09 20:00:00+00:00,EURNZD,1,0.1934133900065801,2026-01,False,True,
2026-01-09 21:00:00+00:00,AUDNZD,1,0.2558554730649165,2026-01,False,True,
2026-01-12 18:00:00+00:00,USDJPY,-1,0.1904179488725562,2026-01,False,True,True
2026-01-12 19:00:00+00:00,GBPCHF,-1,0.14496573145493707,2026-01,False,True,True
2026-01-12 20:00:00+00:00,EURGBP,1,0.23946981608347073,2026-01,False,True,True
2026-01-13 18:00:00+00:00,EURNZD,-1,0.20736074767759144,2026-01,False,True,True
2026-01-13 19:00:00+00:00,USDCHF,-1,0.13965135532463974,2026-01,False,False,False
2026-01-13 20:00:00+00:00,EURCAD,1,0.22344173160686243,2026-01,False,True,True
2026-01-14 18:00:00+00:00,NZDUSD,-1,0.15283105592003088,2026-01,False,False,False
2026-01-14 20:00:00+00:00,GBPAUD,1,0.18038173970985738,2026-01,False,True,True
2026-01-14 21:00:00+00:00,EURGBP,1,0.2583133180733199,2026-01,False,True,False
2026-01-15 18:00:00+00:00,AUDNZD,-1,0.17756873725797834,2026-01,False,True,True
2026-01-15 20:00:00+00:00,NZDCHF,1,0.22097875831403224,2026-01,False,True,True
2026-01-15 21:00:00+00:00,NZDCHF,1,0.27178388085118044,2026-01,False,True,True
2026-01-16 18:00:00+00:00,GBPCHF,-1,0.20148859034384597,2026-01,False,True,True
2026-01-16 19:00:00+00:00,GBPCHF,-1,0.1454015418123235,2026-01,False,True,True
2026-01-16 21:00:00+00:00,NZDCAD,1,0.24716715515454335,2026-01,False,True,
2026-01-19 17:00:00+00:00,NZDUSD,-1,0.12371027100559867,2026-01,False,True,True
2026-01-19 18:00:00+00:00,AUDCHF,-1,0.1775609898009411,2026-01,False,True,True
2026-01-19 19:00:00+00:00,AUDJPY,-1,0.12701711081294115,2026-01,False,True,True
2026-01-20 18:00:00+00:00,CHFJPY,-1,0.15565734241586904,2026-01,False,True,True
2026-01-20 19:00:00+00:00,CHFJPY,-1,0.13270066337910597,2026-01,False,True,True
2026-01-20 21:00:00+00:00,NZDCHF,1,0.21890510118787176,2026-01,False,False,False
2026-01-21 06:00:00+00:00,GBPNZD,1,0.1247980520317088,2026-01,False,False,False
2026-01-21 18:00:00+00:00,USDJPY,-1,0.1803432265655847,2026-01,False,False,False
2026-01-21 19:00:00+00:00,AUDCAD,-1,0.210155329264818,2026-01,False,True,True
2026-01-22 00:00:00+00:00,AUDCHF,-1,0.18711271222704617,2026-01,False,False,False
2026-01-22 01:00:00+00:00,AUDUSD,-1,0.19717792645945798,2026-01,False,False,False
2026-01-22 02:00:00+00:00,AUDJPY,-1,0.2013460675590909,2026-01,False,False,False
2026-01-23 04:00:00+00:00,AUDUSD,-1,0.14834281736642757,2026-01,False,True,True
2026-01-23 05:00:00+00:00,AUDUSD,-1,0.1596506924287877,2026-01,False,True,True
2026-01-23 06:00:00+00:00,AUDUSD,-1,0.14591503306885517,2026-01,False,True,True
2026-01-26 00:00:00+00:00,AUDUSD,-1,0.18136573310804244,2026-01,False,True,True
2026-01-26 01:00:00+00:00,AUDUSD,-1,0.14764644356182355,2026-01,False,True,True
2026-01-26 10:00:00+00:00,NZDJPY,1,0.14472522383576636,2026-01,False,True,True
2026-01-27 12:00:00+00:00,AUDUSD,-1,0.13528344760828842,2026-01,False,False,False
2026-01-27 18:00:00+00:00,NZDUSD,-1,0.1373863095913902,2026-01,False,False,False
2026-01-27 20:00:00+00:00,USDCAD,1,0.1794915523339332,2026-01,False,True,True
2026-01-28 20:00:00+00:00,EURAUD,1,0.2573059660767708,2026-01,False,True,True
2026-01-28 21:00:00+00:00,GBPNZD,1,0.24191070653739655,2026-01,False,True,True
2026-01-28 22:00:00+00:00,GBPAUD,1,0.15268940871588177,2026-01,False,True,True
2026-01-29 03:00:00+00:00,AUDUSD,-1,0.1590504534004542,2026-01,False,False,False
2026-01-29 04:00:00+00:00,AUDUSD,-1,0.2027111440497551,2026-01,False,True,True
2026-01-29 05:00:00+00:00,AUDUSD,-1,0.14703799714679716,2026-01,False,True,True
2026-01-30 13:00:00+00:00,AUDNZD,1,0.09534149919180768,2026-01,True,True,True
2026-01-30 14:00:00+00:00,USDJPY,-1,0.08606433441432237,2026-01,True,False,True
2026-01-30 15:00:00+00:00,EURUSD,1,0.10677481864366434,2026-01,True,False,False
2026-02-02 19:00:00+00:00,GBPJPY,-1,0.22226815069017308,2026-02,False,True,True
2026-02-02 20:00:00+00:00,EURGBP,1,0.22107675768316992,2026-02,False,True,True
2026-02-02 21:00:00+00:00,EURGBP,1,0.2641355950695524,2026-02,False,True,True
2026-02-03 03:00:00+00:00,NZDCHF,-1,0.18663352712058884,2026-02,False,False,False
2026-02-03 04:00:00+00:00,NZDCAD,-1,0.20488267543222471,2026-02,False,False,False
2026-02-03 05:00:00+00:00,NZDCAD,-1,0.2036935963364332,2026-02,False,False,False
2026-02-04 10:00:00+00:00,USDJPY,-1,0.1321437112274904,2026-02,False,True,True
2026-02-04 11:00:00+00:00,USDJPY,-1,0.14420078927057806,2026-02,False,True,True
2026-02-04 18:00:00+00:00,USDJPY,-1,0.17530213480904194,2026-02,False,False,False
2026-02-05 18:00:00+00:00,USDJPY,-1,0.16846228095650684,2026-02,False,False,False
2026-02-05 19:00:00+00:00,USDJPY,-1,0.13253282472389716,2026-02,False,False,False
2026-02-05 20:00:00+00:00,EURUSD,1,0.2006575581138188,2026-02,False,False,False
2026-02-06 00:00:00+00:00,GBPUSD,1,0.1347555341791129,2026-02,False,True,True
2026-02-06 17:00:00+00:00,NZDUSD,-1,0.14308134289576457,2026-02,False,True,True
2026-02-06 18:00:00+00:00,USDJPY,-1,0.17257035323878356,2026-02,False,False,False
2026-02-09 18:00:00+00:00,AUDJPY,-1,0.20418665402480551,2026-02,False,True,True
2026-02-09 19:00:00+00:00,NZDCAD,-1,0.1338935167783954,2026-02,False,True,True
2026-02-09 20:00:00+00:00,EURCAD,1,0.19607540495126174,2026-02,False,False,False
2026-02-10 18:00:00+00:00,USDCHF,-1,0.2267577820042453,2026-02,False,True,True
2026-02-10 20:00:00+00:00,AUDUSD,1,0.19866817198761066,2026-02,False,True,True
2026-02-10 21:00:00+00:00,NZDCAD,1,0.18360983626172334,2026-02,False,True,True
2026-02-11 18:00:00+00:00,NZDUSD,-1,0.1662116043401043,2026-02,False,True,True
2026-02-11 21:00:00+00:00,NZDCHF,1,0.2126258512039746,2026-02,False,True,True
2026-02-11 23:00:00+00:00,GBPAUD,-1,0.03522452530083314,2026-02,True,True,True
2026-02-12 18:00:00+00:00,EURNZD,-1,0.16920675523747603,2026-02,False,True,True
2026-02-12 20:00:00+00:00,AUDCAD,1,0.16430942249133973,2026-02,False,True,True
2026-02-12 21:00:00+00:00,GBPCAD,1,0.21361532830659535,2026-02,False,True,True
2026-02-13 11:00:00+00:00,AUDJPY,1,0.1310421404165798,2026-02,False,False,False
2026-02-13 14:00:00+00:00,AUDJPY,1,0.12871161617942306,2026-02,False,True,True
2026-02-13 18:00:00+00:00,NZDCAD,-1,0.1961970913095737,2026-02,False,True,True
2026-02-16 18:00:00+00:00,USDCAD,-1,0.16403132804843645,2026-02,False,True,True
2026-02-16 20:00:00+00:00,GBPAUD,1,0.1281671060452234,2026-02,False,True,True
2026-02-16 21:00:00+00:00,EURCHF,1,0.26528016824166234,2026-02,False,True,True
2026-02-17 18:00:00+00:00,AUDUSD,-1,0.2293165514669243,2026-02,False,True,True
2026-02-17 21:00:00+00:00,GBPCAD,1,0.2175148189797288,2026-02,False,True,True
2026-02-17 22:00:00+00:00,GBPAUD,1,0.15679903355435731,2026-02,False,True,True
2026-02-18 18:00:00+00:00,USDJPY,-1,0.17352532760934436,2026-02,False,False,False
2026-02-18 19:00:00+00:00,USDJPY,-1,0.17449384278456126,2026-02,False,False,False
2026-02-18 20:00:00+00:00,EURAUD,1,0.2068781228461153,2026-02,False,True,True
2026-02-19 18:00:00+00:00,AUDCHF,-1,0.18225999014370192,2026-02,False,True,True
2026-02-19 19:00:00+00:00,GBPCHF,-1,0.12946676620744435,2026-02,False,True,True
2026-02-19 20:00:00+00:00,USDCHF,1,0.19851033478474212,2026-02,False,True,True
2026-02-20 18:00:00+00:00,AUDCHF,-1,0.20435807650392135,2026-02,False,False,True
2026-02-20 21:00:00+00:00,GBPCAD,1,0.2639996734703626,2026-02,True,True,
2026-02-20 22:00:00+00:00,GBPCAD,1,0.19059985112743438,2026-02,True,True,
2026-02-23 18:00:00+00:00,GBPNZD,-1,0.18070193334672252,2026-02,False,False,False
2026-02-23 20:00:00+00:00,EURGBP,1,0.23094325844982977,2026-02,False,True,True
2026-02-23 21:00:00+00:00,GBPCAD,1,0.2644990878423049,2026-02,False,True,True
2026-02-24 18:00:00+00:00,NZDCHF,-1,0.15390873263499472,2026-02,False,True,True
2026-02-24 19:00:00+00:00,NZDUSD,-1,0.13934974998128868,2026-02,False,True,True
2026-02-24 20:00:00+00:00,EURCAD,1,0.19660134638654092,2026-02,False,False,False
2026-02-25 18:00:00+00:00,AUDCHF,-1,0.24012082773802884,2026-02,False,False,True
2026-02-25 19:00:00+00:00,AUDCHF,-1,0.140777742638312,2026-02,False,True,True
2026-02-25 20:00:00+00:00,AUDNZD,1,0.1464482652540069,2026-02,False,False,False
2026-02-26 18:00:00+00:00,AUDJPY,-1,0.17332424563404614,2026-02,False,True,True
2026-02-26 19:00:00+00:00,AUDJPY,-1,0.1316586723063642,2026-02,False,True,True
2026-02-26 21:00:00+00:00,NZDCAD,1,0.2507744761000249,2026-02,False,True,True
2026-02-27 18:00:00+00:00,CHFJPY,-1,0.13094010506087023,2026-02,False,True,True
2026-02-27 20:00:00+00:00,EURUSD,1,0.20363328533806857,2026-02,False,False,
2026-02-27 21:00:00+00:00,EURGBP,1,0.302399788094731,2026-02,False,True,
2026-03-02 05:00:00+00:00,EURCHF,1,0.13156063139871654,2026-03,False,True,True
2026-03-02 18:00:00+00:00,NZDCHF,-1,0.19804176466857337,2026-03,False,True,True
2026-03-02 19:00:00+00:00,AUDNZD,-1,0.17030432142626017,2026-03,False,False,False
2026-03-03 04:00:00+00:00,USDCHF,-1,0.14653177022503405,2026-03,False,False,False
2026-03-03 07:00:00+00:00,USDCHF,-1,0.132534048234919,2026-03,False,False,False
2026-03-03 08:00:00+00:00,USDCHF,-1,0.12758533483870949,2026-03,False,False,False
2026-03-04 00:00:00+00:00,NZDJPY,1,0.16918700163824085,2026-03,False,True,True
2026-03-04 07:00:00+00:00,EURCAD,1,0.15054177153164272,2026-03,False,True,True
2026-03-04 18:00:00+00:00,NZDCHF,-1,0.1770587872197124,2026-03,False,True,True
2026-03-05 18:00:00+00:00,GBPCHF,-1,0.15109995476805838,2026-03,False,False,True
2026-03-05 19:00:00+00:00,AUDUSD,1,0.1544983690771783,2026-03,False,True,True
2026-03-05 20:00:00+00:00,USDCAD,1,0.1857700810062679,2026-03,False,True,True
2026-03-06 18:00:00+00:00,EURJPY,-1,0.15626262464799678,2026-03,False,False,False
2026-03-06 21:00:00+00:00,EURGBP,1,0.2761893657381488,2026-03,False,True,
2026-03-06 22:00:00+00:00,EURGBP,1,0.21339078397401556,2026-03,False,False,
2026-03-09 01:00:00+00:00,EURCAD,1,0.143110535685831,2026-03,False,False,True
2026-03-09 02:00:00+00:00,GBPCAD,1,0.16976577608358956,2026-03,False,True,True
2026-03-09 03:00:00+00:00,GBPCAD,1,0.19553473567813007,2026-03,False,True,True
2026-03-10 18:00:00+00:00,AUDNZD,-1,0.16924867763090817,2026-03,False,True,False
2026-03-10 19:00:00+00:00,USDCHF,-1,0.1368935258232028,2026-03,False,False,False
2026-03-10 20:00:00+00:00,EURGBP,1,0.19957164531041172,2026-03,False,True,False
2026-03-11 18:00:00+00:00,USDCHF,-1,0.1734952616299616,2026-03,False,True,False
2026-03-11 20:00:00+00:00,NZDCHF,1,0.22377833116813883,2026-03,False,True,True
2026-03-11 21:00:00+00:00,USDCHF,1,0.22204376868723785,2026-03,False,True,True
2026-03-12 18:00:00+00:00,USDCHF,-1,0.18914674760348732,2026-03,False,True,True
2026-03-12 19:00:00+00:00,GBPCHF,-1,0.16931843836921984,2026-03,False,True,False
2026-03-12 20:00:00+00:00,EURCHF,1,0.21526390305857923,2026-03,False,True,True
2026-03-13 18:00:00+00:00,USDCHF,-1,0.17128609920587368,2026-03,False,True,
2026-03-13 19:00:00+00:00,USDCHF,-1,0.13751359452137074,2026-03,False,True,
2026-03-13 20:00:00+00:00,USDCAD,1,0.2797520579217101,2026-03,False,False,
2026-03-16 03:00:00+00:00,GBPJPY,1,0.1334909505231453,2026-03,False,False,False
2026-03-16 18:00:00+00:00,EURCHF,-1,0.18322850348434816,2026-03,False,True,True
2026-03-16 20:00:00+00:00,GBPCHF,1,0.23580572884894202,2026-03,False,True,False
2026-03-17 18:00:00+00:00,GBPJPY,-1,0.1762785731129361,2026-03,False,True,True
2026-03-17 19:00:00+00:00,GBPCHF,-1,0.1471574348077806,2026-03,False,False,False
2026-03-17 20:00:00+00:00,AUDCHF,1,0.20893666859962934,2026-03,False,True,True
2026-03-18 19:00:00+00:00,USDCHF,-1,0.16607268322859198,2026-03,False,False,True
2026-03-18 20:00:00+00:00,EURCAD,1,0.22713132604964237,2026-03,False,True,True
2026-03-18 21:00:00+00:00,NZDCHF,1,0.20850189391646734,2026-03,False,True,True
2026-03-19 07:00:00+00:00,EURJPY,1,0.13604930730773568,2026-03,False,True,True
2026-03-19 18:00:00+00:00,AUDCAD,-1,0.1811570202886869,2026-03,False,False,True
2026-03-19 19:00:00+00:00,CADJPY,1,0.1905847840919448,2026-03,False,True,True
2026-03-20 17:00:00+00:00,EURAUD,-1,0.15155491703765328,2026-03,False,False,True
2026-03-20 18:00:00+00:00,EURAUD,-1,0.26404430049145045,2026-03,False,True,
2026-03-20 19:00:00+00:00,CHFJPY,-1,0.2000355860692345,2026-03,False,True,
2026-03-23 00:00:00+00:00,AUDJPY,1,0.17917273502329922,2026-03,False,False,False
2026-03-23 01:00:00+00:00,AUDJPY,1,0.15688679307327502,2026-03,False,False,False
2026-03-23 02:00:00+00:00,AUDJPY,1,0.16483163958277502,2026-03,False,False,False
2026-03-24 18:00:00+00:00,NZDCHF,-1,0.1296741896137203,2026-03,False,True,False
2026-03-24 20:00:00+00:00,EURGBP,1,0.21975911238815293,2026-03,False,True,True
2026-03-24 21:00:00+00:00,EURGBP,1,0.24016053239209867,2026-03,False,True,True
2026-03-25 18:00:00+00:00,USDJPY,-1,0.16228177412031447,2026-03,False,True,True
2026-03-25 19:00:00+00:00,GBPAUD,-1,0.1289247693346533,2026-03,False,True,False
2026-03-25 20:00:00+00:00,EURGBP,1,0.2777886924868713,2026-03,False,True,True
2026-03-26 18:00:00+00:00,GBPCHF,-1,0.16942355436777895,2026-03,False,True,False
2026-03-26 19:00:00+00:00,USDCHF,-1,0.15312812095134049,2026-03,False,True,True
2026-03-26 20:00:00+00:00,EURGBP,1,0.23191667701516716,2026-03,False,True,False
2026-03-27 17:00:00+00:00,EURGBP,-1,0.13248790044974906,2026-03,False,True,True
2026-03-27 18:00:00+00:00,USDCHF,-1,0.1932019847208038,2026-03,False,True,
2026-03-27 19:00:00+00:00,EURGBP,-1,0.15878741435159416,2026-03,False,False,
2026-03-30 18:00:00+00:00,USDCAD,-1,0.1396361593101066,2026-03,False,True,True
2026-03-30 20:00:00+00:00,USDCHF,1,0.23150355724207894,2026-03,False,True,True
2026-03-30 21:00:00+00:00,EURGBP,1,0.25621670530986507,2026-03,False,True,True
2026-03-31 18:00:00+00:00,AUDCHF,-1,0.16118801462576032,2026-03,False,True,True
2026-03-31 20:00:00+00:00,GBPCAD,1,0.20285076432284643,2026-03,False,True,True
2026-03-31 21:00:00+00:00,NZDCHF,1,0.20737709714115182,2026-03,False,True,True
2026-04-01 18:00:00+00:00,GBPAUD,-1,0.18576254797241987,2026-04,False,True,True
2026-04-01 20:00:00+00:00,GBPCHF,1,0.2123977961920801,2026-04,False,True,False
2026-04-01 21:00:00+00:00,NZDCHF,1,0.16400156626423712,2026-04,False,True,True
2026-04-02 18:00:00+00:00,AUDNZD,-1,0.1941939404816132,2026-04,False,True,False
2026-04-02 19:00:00+00:00,USDJPY,-1,0.13325943587730593,2026-04,False,True,True
2026-04-02 20:00:00+00:00,GBPAUD,1,0.23540393333448884,2026-04,False,True,True
2026-04-03 18:00:00+00:00,USDCHF,-1,0.1680222700436122,2026-04,False,False,True
2026-04-03 19:00:00+00:00,EURAUD,-1,0.13291345914148261,2026-04,False,True,
2026-04-03 20:00:00+00:00,GBPCHF,1,0.23618543389976743,2026-04,False,True,
2026-04-06 18:00:00+00:00,GBPCHF,-1,0.17724700862806192,2026-04,False,True,True
2026-04-06 20:00:00+00:00,EURGBP,1,0.27767962674319613,2026-04,False,True,True
2026-04-06 21:00:00+00:00,AUDCHF,1,0.25484297605234885,2026-04,False,True,True
2026-04-07 18:00:00+00:00,CADJPY,-1,0.17142257726075616,2026-04,False,True,True
2026-04-07 19:00:00+00:00,GBPCHF,-1,0.1464743544485061,2026-04,False,False,False
2026-04-07 20:00:00+00:00,EURGBP,1,0.23804948941879922,2026-04,False,True,True
2026-04-08 01:00:00+00:00,AUDCAD,-1,0.13252977059221455,2026-04,False,True,True
2026-04-08 04:00:00+00:00,GBPUSD,-1,0.12906478025838336,2026-04,False,False,False
2026-04-08 05:00:00+00:00,AUDUSD,-1,0.13725945334755213,2026-04,False,True,True
2026-04-09 18:00:00+00:00,GBPCHF,-1,0.2013601948757553,2026-04,False,True,True
2026-04-09 19:00:00+00:00,AUDCHF,-1,0.1619773857852141,2026-04,False,True,True
2026-04-09 20:00:00+00:00,EURGBP,1,0.24563072212071757,2026-04,False,False,False
2026-04-10 18:00:00+00:00,AUDJPY,-1,0.18482977894146407,2026-04,False,True,True
2026-04-10 19:00:00+00:00,GBPCHF,-1,0.13950610285877418,2026-04,False,True,
2026-04-10 20:00:00+00:00,NZDCHF,1,0.19543010152609863,2026-04,False,True,
2026-04-13 18:00:00+00:00,NZDUSD,-1,0.19945726760503474,2026-04,False,True,True
2026-04-13 20:00:00+00:00,EURGBP,1,0.27796601476757277,2026-04,False,True,True
2026-04-13 21:00:00+00:00,AUDNZD,1,0.24861513956594228,2026-04,False,True,True
2026-04-14 18:00:00+00:00,EURCAD,-1,0.1946339231066188,2026-04,False,True,True
2026-04-14 19:00:00+00:00,GBPCHF,-1,0.13923496376329075,2026-04,False,True,True
2026-04-14 20:00:00+00:00,NZDCHF,1,0.2136445623650447,2026-04,False,True,True
2026-04-15 18:00:00+00:00,AUDCHF,-1,0.1843383067237881,2026-04,False,True,True
2026-04-15 20:00:00+00:00,GBPAUD,1,0.24094963935840263,2026-04,False,True,True
2026-04-15 21:00:00+00:00,NZDCAD,1,0.2552709749776827,2026-04,False,True,False
2026-04-16 18:00:00+00:00,EURNZD,-1,0.1855667320938133,2026-04,False,True,True
2026-04-16 20:00:00+00:00,AUDNZD,1,0.23846088343878968,2026-04,False,True,True
2026-04-16 21:00:00+00:00,AUDNZD,1,0.25411290215160687,2026-04,False,True,True
2026-04-17 18:00:00+00:00,GBPNZD,-1,0.1492904755821045,2026-04,False,True,False
2026-04-17 20:00:00+00:00,EURGBP,1,0.2779863278733099,2026-04,True,True,
2026-04-17 21:00:00+00:00,EURGBP,1,0.20588019998493634,2026-04,True,True,
2026-04-20 18:00:00+00:00,CHFJPY,-1,0.19176540254391433,2026-04,False,True,True
2026-04-20 20:00:00+00:00,GBPNZD,1,0.27874991002146154,2026-04,False,False,False
2026-04-20 21:00:00+00:00,NZDJPY,1,0.2277016494703672,2026-04,False,True,True
2026-04-21 18:00:00+00:00,AUDNZD,-1,0.1703089741471872,2026-04,False,False,False
2026-04-21 20:00:00+00:00,EURGBP,1,0.2813477112025434,2026-04,False,True,True
2026-04-21 21:00:00+00:00,EURGBP,1,0.30674865613086955,2026-04,False,False,False
2026-04-22 18:00:00+00:00,USDCHF,-1,0.18591418626292455,2026-04,False,True,True
2026-04-22 19:00:00+00:00,USDCHF,-1,0.1720601293799438,2026-04,False,True,True
2026-04-22 20:00:00+00:00,EURGBP,1,0.29557406433985134,2026-04,False,True,True
2026-04-23 18:00:00+00:00,AUDNZD,-1,0.15744432113731455,2026-04,False,True,True
2026-04-23 20:00:00+00:00,EURGBP,1,0.2535703237268392,2026-04,False,True,True
2026-04-23 21:00:00+00:00,EURCAD,1,0.20002743087644226,2026-04,False,True,True
2026-04-24 18:00:00+00:00,NZDUSD,-1,0.20613623252973895,2026-04,False,True,True
2026-04-24 19:00:00+00:00,GBPJPY,-1,0.14979127207937493,2026-04,False,True,
2026-04-24 20:00:00+00:00,NZDCHF,1,0.24666525231885827,2026-04,False,True,
2026-04-27 18:00:00+00:00,AUDCAD,-1,0.1603302019221563,2026-04,False,True,True
2026-04-27 20:00:00+00:00,EURGBP,1,0.28667407291328306,2026-04,False,True,True
2026-04-27 21:00:00+00:00,AUDCHF,1,0.2759923926022365,2026-04,False,True,True
2026-04-28 18:00:00+00:00,AUDCAD,-1,0.196678021747974,2026-04,False,True,True
2026-04-28 19:00:00+00:00,NZDJPY,-1,0.13387102185468608,2026-04,False,True,True
2026-04-28 20:00:00+00:00,AUDNZD,1,0.23351831922422084,2026-04,False,True,True
2026-04-29 20:00:00+00:00,NZDCHF,1,0.23254435225252845,2026-04,False,True,True
2026-04-29 21:00:00+00:00,EURGBP,1,0.24996554604776056,2026-04,False,True,True
2026-04-29 22:00:00+00:00,NZDCAD,1,0.13078914356121207,2026-04,False,False,False
2026-04-30 17:00:00+00:00,USDJPY,1,0.16446419283729452,2026-04,False,True,True
2026-04-30 18:00:00+00:00,AUDCHF,-1,0.16681074098348514,2026-04,False,True,True
2026-04-30 19:00:00+00:00,EURGBP,1,0.14504269741867848,2026-04,False,False,False
2026-05-01 00:00:00+00:00,EURJPY,1,0.12692793295538585,2026-05,False,True,True
2026-05-01 18:00:00+00:00,NZDCHF,-1,0.19506452614360786,2026-05,False,True,True
2026-05-01 20:00:00+00:00,EURGBP,1,0.3006708836848532,2026-05,False,True,
2026-05-04 18:00:00+00:00,AUDNZD,-1,0.18560161613525533,2026-05,False,True,True
2026-05-04 19:00:00+00:00,GBPCHF,-1,0.13963972947037462,2026-05,False,True,True
2026-05-04 20:00:00+00:00,NZDCHF,1,0.23949942407318203,2026-05,False,True,True
2026-05-05 18:00:00+00:00,USDJPY,-1,0.2265662778253042,2026-05,False,True,False
2026-05-05 20:00:00+00:00,EURGBP,1,0.26181825240277745,2026-05,False,True,True
2026-05-05 21:00:00+00:00,GBPAUD,1,0.27158449603186874,2026-05,False,False,False
2026-05-06 09:00:00+00:00,NZDCAD,-1,0.14059059966359283,2026-05,False,True,False
2026-05-06 18:00:00+00:00,USDCAD,-1,0.1837909231051298,2026-05,False,True,True
2026-05-06 20:00:00+00:00,NZDCHF,1,0.21482770864052203,2026-05,False,True,True
2026-05-07 18:00:00+00:00,EURGBP,-1,0.18532586015424551,2026-05,False,True,True
2026-05-07 19:00:00+00:00,USDCHF,-1,0.1531741320031455,2026-05,False,False,False
2026-05-07 20:00:00+00:00,EURGBP,1,0.2636402307305915,2026-05,False,True,True
2026-05-08 18:00:00+00:00,EURJPY,-1,0.16999458863771472,2026-05,False,False,False
2026-05-08 19:00:00+00:00,GBPCHF,-1,0.12911996195840658,2026-05,False,True,
2026-05-08 20:00:00+00:00,AUDNZD,1,0.2090334883995203,2026-05,False,True,
2026-05-11 07:00:00+00:00,NZDJPY,1,0.14042999410987622,2026-05,False,True,True
2026-05-11 09:00:00+00:00,NZDJPY,1,0.12707701018523987,2026-05,False,True,True
2026-05-11 10:00:00+00:00,NZDJPY,1,0.12887878071475323,2026-05,False,True,True
2026-05-12 18:00:00+00:00,AUDCHF,-1,0.20895754520249754,2026-05,False,True,False
2026-05-12 19:00:00+00:00,AUDCHF,-1,0.16104513205414756,2026-05,False,True,True
2026-05-12 20:00:00+00:00,EURCAD,1,0.27594074660099444,2026-05,False,True,True
2026-05-13 18:00:00+00:00,GBPCHF,-1,0.1871409978815387,2026-05,False,True,True
2026-05-13 20:00:00+00:00,EURAUD,1,0.2105514626520104,2026-05,False,True,True
2026-05-13 21:00:00+00:00,NZDCHF,1,0.2637008173586012,2026-05,False,True,True
2026-05-14 18:00:00+00:00,USDCHF,-1,0.21288195886483352,2026-05,False,True,True
2026-05-14 19:00:00+00:00,CADJPY,-1,0.14753722763106308,2026-05,False,False,False
2026-05-14 20:00:00+00:00,EURGBP,1,0.2533961676895512,2026-05,False,True,True
2026-05-15 05:00:00+00:00,GBPCAD,1,0.12789859716226515,2026-05,False,False,False
2026-05-15 08:00:00+00:00,NZDUSD,1,0.13416444144257678,2026-05,False,False,False
2026-05-15 09:00:00+00:00,NZDJPY,1,0.13104928322572895,2026-05,False,True,True
2026-05-18 00:00:00+00:00,GBPUSD,1,0.15531631478733454,2026-05,False,True,
2026-05-18 18:00:00+00:00,USDJPY,-1,0.18424452497320004,2026-05,False,True,True
2026-05-18 19:00:00+00:00,CHFJPY,-1,0.14569004788591872,2026-05,False,False,True
2026-05-19 14:00:00+00:00,AUDJPY,1,0.1273939683468056,2026-05,False,True,True
2026-05-19 18:00:00+00:00,EURAUD,-1,0.15702424575945378,2026-05,False,True,True
2026-05-19 20:00:00+00:00,GBPNZD,1,0.25881859631296245,2026-05,False,True,True
2026-05-20 18:00:00+00:00,GBPCAD,-1,0.17974504697719207,2026-05,False,True,True
2026-05-20 19:00:00+00:00,AUDJPY,-1,0.12934327954908437,2026-05,False,True,True
2026-05-20 20:00:00+00:00,EURGBP,1,0.24395020382639354,2026-05,False,True,True
2026-05-21 18:00:00+00:00,GBPCHF,-1,0.14947477936292441,2026-05,False,True,True
2026-05-21 20:00:00+00:00,NZDCHF,1,0.21493771669415807,2026-05,False,True,True
2026-05-21 21:00:00+00:00,NZDCHF,1,0.265394385242933,2026-05,False,True,True
2026-05-22 18:00:00+00:00,AUDNZD,-1,0.1976134512239316,2026-05,False,True,True
2026-05-22 20:00:00+00:00,EURGBP,1,0.22802123554691967,2026-05,True,False,
2026-05-22 21:00:00+00:00,GBPCHF,1,0.1717952300682023,2026-05,True,True,
2026-05-25 18:00:00+00:00,GBPJPY,-1,0.19638180949765804,2026-05,False,True,True
2026-05-25 20:00:00+00:00,GBPAUD,1,0.2903103857632672,2026-05,False,True,True
2026-05-25 21:00:00+00:00,AUDUSD,1,0.25934139374917664,2026-05,False,False,False
2026-05-26 18:00:00+00:00,EURGBP,-1,0.1956466146982519,2026-05,False,True,True
2026-05-26 19:00:00+00:00,GBPCHF,-1,0.133568354246905,2026-05,False,True,True
2026-05-26 20:00:00+00:00,GBPAUD,1,0.23877107695845778,2026-05,False,True,True
2026-05-27 17:00:00+00:00,NZDCHF,-1,0.1366362306219991,2026-05,False,False,False
2026-05-27 18:00:00+00:00,NZDCHF,-1,0.24766697354294998,2026-05,False,True,True
2026-05-27 19:00:00+00:00,NZDCHF,-1,0.1925126388835235,2026-05,False,False,False
2026-05-28 18:00:00+00:00,AUDCHF,-1,0.19310551940148918,2026-05,False,True,True
2026-05-28 19:00:00+00:00,CHFJPY,-1,0.13024065271809454,2026-05,False,True,True
2026-05-28 20:00:00+00:00,EURGBP,1,0.30144388706338776,2026-05,False,True,True
2026-05-29 18:00:00+00:00,GBPCAD,-1,0.17355486292298972,2026-05,False,True,True
2026-05-29 19:00:00+00:00,NZDCAD,-1,0.13441830056656728,2026-05,False,True,
2026-05-29 20:00:00+00:00,AUDNZD,1,0.24951816544957517,2026-05,False,True,
2026-06-01 00:00:00+00:00,USDJPY,-1,0.1338071081060262,2026-06,False,False,
2026-06-01 01:00:00+00:00,AUDCHF,-1,0.14740447672495355,2026-06,False,False,
2026-06-01 02:00:00+00:00,GBPCHF,-1,0.132269466600893,2026-06,False,True,
2026-06-02 04:00:00+00:00,GBPCAD,-1,0.14473544030887037,2026-06,False,False,
2026-06-02 06:00:00+00:00,AUDUSD,-1,0.14994219789859053,2026-06,False,False,
2026-06-02 07:00:00+00:00,AUDUSD,-1,0.14785465450519525,2026-06,False,False,
2026-06-03 00:00:00+00:00,NZDCHF,-1,0.1347829444078394,2026-06,False,True,
2026-06-03 01:00:00+00:00,GBPCHF,-1,0.13037696625119233,2026-06,False,False,
2026-06-03 03:00:00+00:00,EURCHF,-1,0.1728554347950162,2026-06,False,False,
2026-06-04 00:00:00+00:00,GBPAUD,-1,0.13874677503500055,2026-06,False,False,
2026-06-04 01:00:00+00:00,EURCAD,-1,0.16679204739594583,2026-06,False,False,
2026-06-04 02:00:00+00:00,EURCAD,-1,0.15399358491852222,2026-06,False,False,
2026-06-05 00:00:00+00:00,EURAUD,-1,0.18105837738925717,2026-06,False,False,
2026-06-05 01:00:00+00:00,EURAUD,-1,0.14892303070766016,2026-06,False,True,
2026-06-05 03:00:00+00:00,EURAUD,-1,0.13403686034647483,2026-06,False,False,
2026-06-08 02:00:00+00:00,EURCHF,-1,0.13104835315007474,2026-06,False,True,
2026-06-08 03:00:00+00:00,EURAUD,-1,0.1312634014311152,2026-06,False,True,
2026-06-08 04:00:00+00:00,EURAUD,-1,0.13847046716586459,2026-06,False,True,
2026-06-09 04:00:00+00:00,NZDCAD,-1,0.16462988394770767,2026-06,False,True,
2026-06-09 05:00:00+00:00,NZDUSD,-1,0.17314215308244002,2026-06,False,True,
2026-06-09 07:00:00+00:00,GBPCHF,-1,0.14217681191225479,2026-06,False,False,
2026-06-10 02:00:00+00:00,EURCHF,-1,0.14630397352032698,2026-06,False,True,
2026-06-10 08:00:00+00:00,EURAUD,-1,0.14879346524172316,2026-06,False,True,
2026-06-10 17:00:00+00:00,GBPCHF,-1,0.19073169526101158,2026-06,False,True,
2026-06-11 04:00:00+00:00,AUDNZD,-1,0.1345283764272006,2026-06,False,False,
2026-06-11 06:00:00+00:00,GBPCAD,-1,0.1410532684258537,2026-06,False,False,
2026-06-11 07:00:00+00:00,USDCAD,-1,0.14066679548077882,2026-06,False,False,
2026-06-12 00:00:00+00:00,AUDNZD,-1,0.14261291808904153,2026-06,False,True,
2026-06-12 06:00:00+00:00,EURCAD,-1,0.137405727401902,2026-06,False,False,
2026-06-12 07:00:00+00:00,EURCAD,-1,0.16375197494399135,2026-06,False,False,
