t,month,win,conf
2025-06-02 00:00:00+00:00,2025-06,False,0.1312041686260661
2025-06-02 05:00:00+00:00,2025-06,True,0.2527517901327832
2025-06-02 10:00:00+00:00,2025-06,True,0.1923136365731013
2025-06-02 15:00:00+00:00,2025-06,True,0.10423068108392614
2025-06-02 20:00:00+00:00,2025-06,False,0.03795260212573659
2025-06-03 00:00:00+00:00,2025-06,False,0.09973959134509269
2025-06-03 05:00:00+00:00,2025-06,True,0.07068499349833174
2025-06-03 10:00:00+00:00,2025-06,False,0.15607555083049773
2025-06-03 15:00:00+00:00,2025-06,True,0.12732910424081245
2025-06-03 20:00:00+00:00,2025-06,False,0.13041759675362974
2025-06-04 00:00:00+00:00,2025-06,True,0.13365217048376055
2025-06-04 05:00:00+00:00,2025-06,True,0.2062572487078051
2025-06-04 10:00:00+00:00,2025-06,False,0.23973245501352292
2025-06-04 15:00:00+00:00,2025-06,True,0.1654340168450763
2025-06-04 20:00:00+00:00,2025-06,True,0.18731805450733818
2025-06-05 00:00:00+00:00,2025-06,True,0.25971955672600733
2025-06-05 05:00:00+00:00,2025-06,True,0.11147275244943655
2025-06-05 10:00:00+00:00,2025-06,False,0.15601125442277664
2025-06-05 15:00:00+00:00,2025-06,True,0.07595979118738722
2025-06-05 20:00:00+00:00,2025-06,True,0.23971525151461848
2025-06-06 00:00:00+00:00,2025-06,True,0.10075271757152937
2025-06-06 05:00:00+00:00,2025-06,True,0.11762973111437253
2025-06-06 10:00:00+00:00,2025-06,False,0.1500655346295452
2025-06-06 15:00:00+00:00,2025-06,False,0.1600183048548307
2025-06-06 20:00:00+00:00,2025-06,True,0.0828579400028911
2025-06-09 00:00:00+00:00,2025-06,True,0.11648367531867643
2025-06-09 05:00:00+00:00,2025-06,False,0.1750782920401721
2025-06-09 10:00:00+00:00,2025-06,True,0.15257243658413666
2025-06-09 15:00:00+00:00,2025-06,True,0.09166059089734951
2025-06-09 20:00:00+00:00,2025-06,False,0.13442688511717443
2025-06-10 00:00:00+00:00,2025-06,False,0.14024822693164973
2025-06-10 05:00:00+00:00,2025-06,False,0.08872419457537906
2025-06-10 10:00:00+00:00,2025-06,True,0.13262933551569545
2025-06-10 15:00:00+00:00,2025-06,True,0.1350474168809771
2025-06-10 20:00:00+00:00,2025-06,True,0.1377008865284337
2025-06-11 00:00:00+00:00,2025-06,True,0.11189162402009312
2025-06-11 05:00:00+00:00,2025-06,False,0.04610376615318518
2025-06-11 10:00:00+00:00,2025-06,True,0.10972410060862542
2025-06-11 15:00:00+00:00,2025-06,True,0.0889849927490487
2025-06-11 20:00:00+00:00,2025-06,False,0.07872260309512796
2025-06-12 00:00:00+00:00,2025-06,True,0.15829923806401514
2025-06-12 05:00:00+00:00,2025-06,False,0.14480315223525975
2025-06-12 10:00:00+00:00,2025-06,True,0.1116592784374485
2025-06-12 15:00:00+00:00,2025-06,True,0.155784294127093
2025-06-12 20:00:00+00:00,2025-06,False,0.12052157410184572
2025-06-13 00:00:00+00:00,2025-06,True,0.18001128463506522
2025-06-13 05:00:00+00:00,2025-06,False,0.1473678858645907
2025-06-13 10:00:00+00:00,2025-06,True,0.15076354531563507
2025-06-13 15:00:00+00:00,2025-06,True,0.2281281869397841
2025-06-13 20:00:00+00:00,2025-06,False,0.10543328641260119
2025-06-16 00:00:00+00:00,2025-06,False,0.12102168678239156
2025-06-16 05:00:00+00:00,2025-06,True,0.09298056199005833
2025-06-16 10:00:00+00:00,2025-06,True,0.10964330006602607
2025-06-16 15:00:00+00:00,2025-06,True,0.13906637519820841
2025-06-16 20:00:00+00:00,2025-06,True,0.1442450269171041
2025-06-17 00:00:00+00:00,2025-06,True,0.09600168841619039
2025-06-17 05:00:00+00:00,2025-06,False,0.13393410666247074
2025-06-17 10:00:00+00:00,2025-06,True,0.14712718560619353
2025-06-17 15:00:00+00:00,2025-06,False,0.31894355253615136
2025-06-17 20:00:00+00:00,2025-06,True,0.29672280978540566
2025-06-18 00:00:00+00:00,2025-06,True,0.20871899265809635
2025-06-18 05:00:00+00:00,2025-06,True,0.18081479008027657
2025-06-18 10:00:00+00:00,2025-06,False,0.17613232460821115
2025-06-18 15:00:00+00:00,2025-06,True,0.09158670857252843
2025-06-18 20:00:00+00:00,2025-06,True,0.16625343692559424
2025-06-19 00:00:00+00:00,2025-06,True,0.11968935558351479
2025-06-19 05:00:00+00:00,2025-06,False,0.2828670005024225
2025-06-19 10:00:00+00:00,2025-06,True,0.14826194060256687
2025-06-19 15:00:00+00:00,2025-06,True,0.06680560558398685
2025-06-19 20:00:00+00:00,2025-06,True,0.17063084860179917
2025-06-20 00:00:00+00:00,2025-06,False,0.06833780235828074
2025-06-20 05:00:00+00:00,2025-06,True,0.125736339288742
2025-06-20 10:00:00+00:00,2025-06,True,0.09622943770634079
2025-06-20 15:00:00+00:00,2025-06,True,0.25527165855724154
2025-06-20 20:00:00+00:00,2025-06,True,0.10965751427465831
2025-06-23 00:00:00+00:00,2025-06,True,0.1872329964477749
2025-06-23 05:00:00+00:00,2025-06,False,0.3197130687531067
2025-06-23 10:00:00+00:00,2025-06,True,0.1033387675658266
2025-06-23 15:00:00+00:00,2025-06,True,0.33484859854234683
2025-06-23 20:00:00+00:00,2025-06,False,0.19558031826344574
2025-06-24 00:00:00+00:00,2025-06,False,0.2188420711113409
2025-06-24 05:00:00+00:00,2025-06,False,0.16898889558758945
2025-06-24 10:00:00+00:00,2025-06,False,0.25754844599658644
2025-06-24 15:00:00+00:00,2025-06,True,0.13826375453747908
2025-06-24 20:00:00+00:00,2025-06,True,0.16162219292192792
2025-06-25 00:00:00+00:00,2025-06,True,0.15802768881255902
2025-06-25 05:00:00+00:00,2025-06,True,0.12693336939566224
2025-06-25 10:00:00+00:00,2025-06,True,0.2107407451257587
2025-06-25 15:00:00+00:00,2025-06,False,0.2002721699195954
2025-06-25 20:00:00+00:00,2025-06,True,0.17301433764576463
2025-06-26 00:00:00+00:00,2025-06,False,0.2641482294779069
2025-06-26 05:00:00+00:00,2025-06,True,0.14339285155763942
2025-06-26 10:00:00+00:00,2025-06,True,0.1088413335454616
2025-06-26 15:00:00+00:00,2025-06,False,0.17668261537846153
2025-06-26 20:00:00+00:00,2025-06,False,0.1306375762167698
2025-06-27 00:00:00+00:00,2025-06,True,0.1190213968354476
2025-06-27 05:00:00+00:00,2025-06,True,0.13337264507339697
2025-06-27 10:00:00+00:00,2025-06,True,0.08854056715073844
2025-06-27 15:00:00+00:00,2025-06,True,0.11268484111573696
2025-06-27 20:00:00+00:00,2025-06,False,0.14376137619608637
2025-06-30 00:00:00+00:00,2025-06,False,0.13099709284695293
2025-06-30 05:00:00+00:00,2025-06,True,0.21981559401197093
2025-06-30 10:00:00+00:00,2025-06,True,0.07407465438724292
2025-06-30 15:00:00+00:00,2025-06,True,0.2171976374477148
2025-06-30 20:00:00+00:00,2025-06,True,0.1989778601274389
2025-07-01 00:00:00+00:00,2025-07,True,0.16978089893741477
2025-07-01 05:00:00+00:00,2025-07,True,0.10668339465891208
2025-07-01 10:00:00+00:00,2025-07,False,0.12105420832169006
2025-07-01 15:00:00+00:00,2025-07,True,0.07515623907100077
2025-07-01 20:00:00+00:00,2025-07,True,0.03891669375789697
2025-07-02 00:00:00+00:00,2025-07,True,0.0194850659318917
2025-07-02 05:00:00+00:00,2025-07,False,0.04824104894220227
2025-07-02 10:00:00+00:00,2025-07,False,0.07821026406776477
2025-07-02 15:00:00+00:00,2025-07,False,0.05553042322902402
2025-07-02 20:00:00+00:00,2025-07,True,0.03364200081382995
2025-07-03 00:00:00+00:00,2025-07,True,0.056835589558902
2025-07-03 05:00:00+00:00,2025-07,True,0.07142516597661608
2025-07-03 10:00:00+00:00,2025-07,True,0.029730103011477327
2025-07-03 15:00:00+00:00,2025-07,True,0.10552671903312849
2025-07-03 20:00:00+00:00,2025-07,True,0.023954839560265118
2025-07-04 00:00:00+00:00,2025-07,True,0.0511046871107928
2025-07-04 05:00:00+00:00,2025-07,True,0.04482246672285506
2025-07-04 10:00:00+00:00,2025-07,False,0.032150456975743924
2025-07-04 15:00:00+00:00,2025-07,False,0.041097698854498876
2025-07-04 20:00:00+00:00,2025-07,False,0.03555149361810278
2025-07-07 00:00:00+00:00,2025-07,False,0.10272168505352641
2025-07-07 05:00:00+00:00,2025-07,False,0.221599757137374
2025-07-07 10:00:00+00:00,2025-07,True,0.13754481491461634
2025-07-07 15:00:00+00:00,2025-07,False,0.11175240253376578
2025-07-07 20:00:00+00:00,2025-07,True,0.09400576455493748
2025-07-08 00:00:00+00:00,2025-07,True,0.06870501065272011
2025-07-08 05:00:00+00:00,2025-07,True,0.10003144516942108
2025-07-08 10:00:00+00:00,2025-07,False,0.0794121678027806
2025-07-08 15:00:00+00:00,2025-07,True,0.06041647676063644
2025-07-08 20:00:00+00:00,2025-07,True,0.04310093051794389
2025-07-09 00:00:00+00:00,2025-07,False,0.04627918608667919
2025-07-09 05:00:00+00:00,2025-07,True,0.05128646501900708
2025-07-09 10:00:00+00:00,2025-07,True,0.06718065539728568
2025-07-09 15:00:00+00:00,2025-07,True,0.056816881254416696
2025-07-09 20:00:00+00:00,2025-07,False,0.07857283192477904
2025-07-10 00:00:00+00:00,2025-07,True,0.0741416608917792
2025-07-10 05:00:00+00:00,2025-07,False,0.0908993526936081
2025-07-10 10:00:00+00:00,2025-07,True,0.10056919415361759
2025-07-10 15:00:00+00:00,2025-07,False,0.04167540970035588
2025-07-10 20:00:00+00:00,2025-07,False,0.08865095944311152
2025-07-11 00:00:00+00:00,2025-07,True,0.11280315921985806
2025-07-11 05:00:00+00:00,2025-07,True,0.034863357867695344
2025-07-11 10:00:00+00:00,2025-07,False,0.058673637861571315
2025-07-11 15:00:00+00:00,2025-07,False,0.055893899367291555
2025-07-11 20:00:00+00:00,2025-07,True,0.08715000386700145
2025-07-14 00:00:00+00:00,2025-07,True,0.06700435799450288
2025-07-14 05:00:00+00:00,2025-07,True,0.05589302338614488
2025-07-14 10:00:00+00:00,2025-07,False,0.03598239176708384
2025-07-14 15:00:00+00:00,2025-07,False,0.206214807423294
2025-07-14 20:00:00+00:00,2025-07,True,0.04034739327759285
2025-07-15 00:00:00+00:00,2025-07,True,0.05256151403779885
2025-07-15 05:00:00+00:00,2025-07,False,0.0636426978121819
2025-07-15 10:00:00+00:00,2025-07,False,0.044010163225943755
2025-07-15 15:00:00+00:00,2025-07,False,0.16784845769073142
2025-07-15 20:00:00+00:00,2025-07,True,0.09118166899529656
2025-07-16 00:00:00+00:00,2025-07,False,0.14209480085233867
2025-07-16 05:00:00+00:00,2025-07,False,0.10105094024609962
2025-07-16 10:00:00+00:00,2025-07,True,0.059305589988655316
2025-07-16 15:00:00+00:00,2025-07,True,0.06085283056187102
2025-07-16 20:00:00+00:00,2025-07,True,0.07107006271191357
2025-07-17 00:00:00+00:00,2025-07,False,0.050802423029322585
2025-07-17 05:00:00+00:00,2025-07,True,0.05053938054810081
2025-07-17 10:00:00+00:00,2025-07,False,0.1809020767424272
2025-07-17 15:00:00+00:00,2025-07,True,0.0515834371932804
2025-07-17 20:00:00+00:00,2025-07,True,0.040695215580990984
2025-07-18 00:00:00+00:00,2025-07,False,0.03580255762534901
2025-07-18 05:00:00+00:00,2025-07,True,0.04372392688911364
2025-07-18 10:00:00+00:00,2025-07,False,0.07979020749474314
2025-07-18 15:00:00+00:00,2025-07,True,0.09805922578367748
2025-07-18 20:00:00+00:00,2025-07,False,0.03386979128139267
2025-07-21 00:00:00+00:00,2025-07,True,0.09471196896414735
2025-07-21 05:00:00+00:00,2025-07,False,0.059538071383364144
2025-07-21 10:00:00+00:00,2025-07,False,0.06520288962565435
2025-07-21 15:00:00+00:00,2025-07,True,0.09357920443536938
2025-07-21 20:00:00+00:00,2025-07,True,0.05344910876268405
2025-07-22 00:00:00+00:00,2025-07,False,0.06516860052521645
2025-07-22 05:00:00+00:00,2025-07,False,0.10846223124312016
2025-07-22 10:00:00+00:00,2025-07,True,0.059206076892299175
2025-07-22 15:00:00+00:00,2025-07,True,0.15509702484855814
2025-07-22 20:00:00+00:00,2025-07,True,0.07676013156968065
2025-07-23 00:00:00+00:00,2025-07,True,0.09186905634901688
2025-07-23 05:00:00+00:00,2025-07,False,0.10454949873024638
2025-07-23 10:00:00+00:00,2025-07,False,0.1088777785979047
2025-07-23 15:00:00+00:00,2025-07,False,0.05536548971030214
2025-07-23 20:00:00+00:00,2025-07,False,0.1270803869733172
2025-07-24 00:00:00+00:00,2025-07,False,0.11889423702822105
2025-07-24 05:00:00+00:00,2025-07,True,0.11721978888459594
2025-07-24 10:00:00+00:00,2025-07,True,0.0864512872224753
2025-07-24 15:00:00+00:00,2025-07,False,0.08724720682772918
2025-07-24 20:00:00+00:00,2025-07,False,0.04532465639278449
2025-07-25 00:00:00+00:00,2025-07,True,0.0870999301583823
2025-07-25 05:00:00+00:00,2025-07,False,0.05527863945437683
2025-07-25 10:00:00+00:00,2025-07,False,0.16944425246788186
2025-07-25 15:00:00+00:00,2025-07,True,0.10742433180110372
2025-07-25 20:00:00+00:00,2025-07,True,0.051026022095699286
2025-07-28 00:00:00+00:00,2025-07,False,0.04165611363339339
2025-07-28 05:00:00+00:00,2025-07,False,0.0821039651052925
2025-07-28 10:00:00+00:00,2025-07,False,0.20909262765874115
2025-07-28 15:00:00+00:00,2025-07,False,0.12814620965036938
2025-07-28 20:00:00+00:00,2025-07,True,0.12815259308743676
2025-07-29 00:00:00+00:00,2025-07,False,0.15115156181829947
2025-07-29 05:00:00+00:00,2025-07,False,0.15466816827094987
2025-07-29 10:00:00+00:00,2025-07,False,0.08179675833934719
2025-07-29 15:00:00+00:00,2025-07,True,0.07842180680981642
2025-07-29 20:00:00+00:00,2025-07,False,0.054533594776426275
2025-07-30 00:00:00+00:00,2025-07,False,0.09427450204075805
2025-07-30 05:00:00+00:00,2025-07,True,0.10309094098368088
2025-07-30 10:00:00+00:00,2025-07,False,0.07629755118608494
2025-07-30 15:00:00+00:00,2025-07,False,0.08849685954496789
2025-07-30 20:00:00+00:00,2025-07,True,0.1591133911500041
2025-07-31 00:00:00+00:00,2025-07,True,0.11338401644286522
2025-07-31 05:00:00+00:00,2025-07,True,0.23354422901115346
2025-07-31 10:00:00+00:00,2025-07,False,0.1462351275020971
2025-07-31 15:00:00+00:00,2025-07,False,0.07300879575259911
2025-07-31 20:00:00+00:00,2025-07,False,0.12148981768384892
2025-08-01 00:00:00+00:00,2025-08,True,0.09696674882706258
2025-08-01 05:00:00+00:00,2025-08,False,0.055609300502479475
2025-08-01 10:00:00+00:00,2025-08,True,0.06903701440257748
2025-08-01 15:00:00+00:00,2025-08,False,0.1546599810209165
2025-08-01 20:00:00+00:00,2025-08,True,0.049357620320622686
2025-08-04 00:00:00+00:00,2025-08,True,0.06561473553618125
2025-08-04 05:00:00+00:00,2025-08,True,0.11216525297568425
2025-08-04 10:00:00+00:00,2025-08,False,0.05478386151318648
2025-08-04 15:00:00+00:00,2025-08,False,0.040658287014969874
2025-08-04 20:00:00+00:00,2025-08,True,0.03118219830990898
2025-08-05 00:00:00+00:00,2025-08,False,0.08401874656435382
2025-08-05 05:00:00+00:00,2025-08,True,0.07025535659255844
2025-08-05 10:00:00+00:00,2025-08,True,0.06371784568090977
2025-08-05 15:00:00+00:00,2025-08,True,0.028093073495945364
2025-08-05 20:00:00+00:00,2025-08,True,0.07266055835178653
2025-08-06 00:00:00+00:00,2025-08,True,0.047945179499339574
2025-08-06 05:00:00+00:00,2025-08,False,0.09329652504541697
2025-08-06 10:00:00+00:00,2025-08,True,0.08910567514536377
2025-08-06 15:00:00+00:00,2025-08,True,0.04198539529972195
2025-08-06 20:00:00+00:00,2025-08,False,0.0795999888263984
2025-08-07 00:00:00+00:00,2025-08,False,0.08233984931638472
2025-08-07 05:00:00+00:00,2025-08,True,0.07071862871858392
2025-08-07 10:00:00+00:00,2025-08,True,0.02702316111382841
2025-08-07 15:00:00+00:00,2025-08,False,0.02814131637696693
2025-08-07 20:00:00+00:00,2025-08,True,0.028843903481407418
2025-08-08 00:00:00+00:00,2025-08,True,0.05183729686138461
2025-08-08 05:00:00+00:00,2025-08,True,0.030023363530633174
2025-08-08 10:00:00+00:00,2025-08,True,0.031658689176714216
2025-08-08 15:00:00+00:00,2025-08,True,0.03954073812123726
2025-08-08 20:00:00+00:00,2025-08,False,0.06074489425227503
2025-08-11 00:00:00+00:00,2025-08,True,0.06668037672614535
2025-08-11 05:00:00+00:00,2025-08,False,0.0361311816358546
2025-08-11 10:00:00+00:00,2025-08,True,0.04785652114832495
2025-08-11 15:00:00+00:00,2025-08,True,0.07824956463304589
2025-08-11 20:00:00+00:00,2025-08,False,0.03672387779950903
2025-08-12 00:00:00+00:00,2025-08,False,0.02368752022067655
2025-08-12 05:00:00+00:00,2025-08,True,0.04626838552822732
2025-08-12 10:00:00+00:00,2025-08,False,0.05282470315915633
2025-08-12 15:00:00+00:00,2025-08,False,0.1256271393042071
2025-08-12 20:00:00+00:00,2025-08,True,0.0637685274434997
2025-08-13 00:00:00+00:00,2025-08,False,0.048646105133420436
2025-08-13 05:00:00+00:00,2025-08,True,0.042815137134850634
2025-08-13 10:00:00+00:00,2025-08,True,0.0996039834781196
2025-08-13 15:00:00+00:00,2025-08,True,0.07711190891081965
2025-08-13 20:00:00+00:00,2025-08,False,0.0799169008016698
2025-08-14 00:00:00+00:00,2025-08,False,0.0871298623985945
2025-08-14 05:00:00+00:00,2025-08,True,0.14790100468671707
2025-08-14 10:00:00+00:00,2025-08,False,0.0527642101974391
2025-08-14 15:00:00+00:00,2025-08,False,0.06917700815585293
2025-08-14 20:00:00+00:00,2025-08,True,0.10168531162499928
2025-08-15 00:00:00+00:00,2025-08,True,0.11522314644310339
2025-08-15 05:00:00+00:00,2025-08,False,0.026403902221964537
2025-08-15 10:00:00+00:00,2025-08,True,0.04234702239033061
2025-08-15 15:00:00+00:00,2025-08,True,0.0590855939675472
2025-08-15 20:00:00+00:00,2025-08,False,0.04687229550873395
2025-08-18 00:00:00+00:00,2025-08,True,0.0700713564363794
2025-08-18 05:00:00+00:00,2025-08,True,0.04400900096209148
2025-08-18 10:00:00+00:00,2025-08,False,0.05177569579120389
2025-08-18 15:00:00+00:00,2025-08,False,0.045008852695845536
2025-08-18 20:00:00+00:00,2025-08,True,0.0337075831752911
2025-08-19 00:00:00+00:00,2025-08,True,0.05659488791275713
2025-08-19 05:00:00+00:00,2025-08,True,0.07083258913204038
2025-08-19 10:00:00+00:00,2025-08,False,0.045737937119465055
2025-08-19 15:00:00+00:00,2025-08,False,0.10435004325156971
2025-08-19 20:00:00+00:00,2025-08,True,0.0714984484935357
2025-08-20 00:00:00+00:00,2025-08,False,0.11766496611132737
2025-08-20 05:00:00+00:00,2025-08,False,0.08851451296964125
2025-08-20 10:00:00+00:00,2025-08,False,0.1331435229458111
2025-08-20 15:00:00+00:00,2025-08,True,0.04362349751630967
2025-08-20 20:00:00+00:00,2025-08,True,0.11852015570869256
2025-08-21 00:00:00+00:00,2025-08,True,0.05008662645124662
2025-08-21 05:00:00+00:00,2025-08,True,0.04799731458980072
2025-08-21 10:00:00+00:00,2025-08,True,0.03663255873812726
2025-08-21 15:00:00+00:00,2025-08,False,0.054928831994452254
2025-08-21 20:00:00+00:00,2025-08,False,0.03962895277573791
2025-08-22 00:00:00+00:00,2025-08,False,0.07664400732568832
2025-08-22 05:00:00+00:00,2025-08,True,0.04975202628546205
2025-08-22 10:00:00+00:00,2025-08,True,0.06491058755813361
2025-08-22 15:00:00+00:00,2025-08,True,0.10561671689938579
2025-08-22 20:00:00+00:00,2025-08,True,0.09666207644073
2025-08-25 00:00:00+00:00,2025-08,True,0.05818461183482343
2025-08-25 05:00:00+00:00,2025-08,False,0.10837761965447013
2025-08-25 10:00:00+00:00,2025-08,True,0.02612344154356172
2025-08-25 15:00:00+00:00,2025-08,False,0.04737991158828492
2025-08-25 20:00:00+00:00,2025-08,False,0.11798361738686503
2025-08-26 00:00:00+00:00,2025-08,False,0.06549698379110758
2025-08-26 05:00:00+00:00,2025-08,False,0.04727465653257068
2025-08-26 10:00:00+00:00,2025-08,True,0.03024254737754173
2025-08-26 15:00:00+00:00,2025-08,False,0.03326079569053697
2025-08-26 20:00:00+00:00,2025-08,True,0.037170969272638854
2025-08-27 00:00:00+00:00,2025-08,True,0.021161761388235778
2025-08-27 05:00:00+00:00,2025-08,True,0.034463340946220944
2025-08-27 10:00:00+00:00,2025-08,True,0.08799450267266529
2025-08-27 15:00:00+00:00,2025-08,True,0.10105300696648545
2025-08-27 20:00:00+00:00,2025-08,False,0.05107008634768667
2025-08-28 00:00:00+00:00,2025-08,False,0.030383275139881094
2025-08-28 05:00:00+00:00,2025-08,True,0.04902638566215434
2025-08-28 10:00:00+00:00,2025-08,True,0.0546179091560316
2025-08-28 15:00:00+00:00,2025-08,False,0.047174932095431
2025-08-28 20:00:00+00:00,2025-08,True,0.033025977835834164
2025-08-29 00:00:00+00:00,2025-08,False,0.07005154484889625
2025-08-29 05:00:00+00:00,2025-08,False,0.022553593699591035
2025-08-29 10:00:00+00:00,2025-08,True,0.04477889142129021
2025-08-29 15:00:00+00:00,2025-08,True,0.07615622719302839
2025-08-29 20:00:00+00:00,2025-08,True,0.039753361866823655
2025-09-01 00:00:00+00:00,2025-09,True,0.035554966806467414
2025-09-01 05:00:00+00:00,2025-09,True,0.060624891359623456
2025-09-01 10:00:00+00:00,2025-09,True,0.06578329704846253
2025-09-01 15:00:00+00:00,2025-09,True,0.03254149873923906
2025-09-01 20:00:00+00:00,2025-09,False,0.03283592933870416
2025-09-02 00:00:00+00:00,2025-09,True,0.03645204699098736
2025-09-02 05:00:00+00:00,2025-09,True,0.1307785683084941
2025-09-02 10:00:00+00:00,2025-09,False,0.11204200771230088
2025-09-02 15:00:00+00:00,2025-09,False,0.09009440865187379
2025-09-02 20:00:00+00:00,2025-09,False,0.06757984397027073
2025-09-03 00:00:00+00:00,2025-09,False,0.060746552588826
2025-09-03 05:00:00+00:00,2025-09,True,0.11987054533072561
2025-09-03 10:00:00+00:00,2025-09,False,0.03633877301708599
2025-09-03 15:00:00+00:00,2025-09,False,0.09049890254028015
2025-09-03 20:00:00+00:00,2025-09,True,0.04689552037276479
2025-09-04 00:00:00+00:00,2025-09,True,0.0536347282004781
2025-09-04 05:00:00+00:00,2025-09,True,0.04770538736403929
2025-09-04 10:00:00+00:00,2025-09,True,0.06071664283262801
2025-09-04 15:00:00+00:00,2025-09,True,0.060038758468464404
2025-09-04 20:00:00+00:00,2025-09,True,0.050419574407162826
2025-09-05 00:00:00+00:00,2025-09,False,0.030783226682375875
2025-09-05 05:00:00+00:00,2025-09,False,0.06671322427057041
2025-09-05 10:00:00+00:00,2025-09,False,0.05313853867728652
2025-09-05 15:00:00+00:00,2025-09,False,0.09935195968238797
2025-09-05 20:00:00+00:00,2025-09,True,0.10880008225252535
2025-09-08 00:00:00+00:00,2025-09,False,0.05907095093368875
2025-09-08 05:00:00+00:00,2025-09,False,0.04397936248388623
2025-09-08 10:00:00+00:00,2025-09,False,0.05640526323606759
2025-09-08 15:00:00+00:00,2025-09,False,0.06808159246507606
2025-09-08 20:00:00+00:00,2025-09,True,0.05107474699234482
2025-09-09 00:00:00+00:00,2025-09,False,0.049707797225270856
2025-09-09 05:00:00+00:00,2025-09,False,0.07442294347981437
2025-09-09 10:00:00+00:00,2025-09,True,0.05878838257641161
2025-09-09 15:00:00+00:00,2025-09,False,0.15997541839531404
2025-09-09 20:00:00+00:00,2025-09,False,0.07176554180934858
2025-09-10 00:00:00+00:00,2025-09,True,0.04602618561880911
2025-09-10 05:00:00+00:00,2025-09,False,0.02428068684256357
2025-09-10 10:00:00+00:00,2025-09,True,0.08433093176288331
2025-09-10 15:00:00+00:00,2025-09,True,0.04840503029551235
2025-09-10 20:00:00+00:00,2025-09,False,0.052725901823157506
2025-09-11 00:00:00+00:00,2025-09,True,0.03279669095995297
2025-09-11 05:00:00+00:00,2025-09,True,0.08702589148735268
2025-09-11 10:00:00+00:00,2025-09,False,0.07859698203807658
2025-09-11 15:00:00+00:00,2025-09,True,0.06876964186701395
2025-09-11 20:00:00+00:00,2025-09,False,0.07726615875446136
2025-09-12 00:00:00+00:00,2025-09,True,0.09198793582538978
2025-09-12 05:00:00+00:00,2025-09,False,0.016456252917482095
2025-09-12 10:00:00+00:00,2025-09,True,0.0762170296546687
2025-09-12 15:00:00+00:00,2025-09,False,0.03064831309060667
2025-09-12 20:00:00+00:00,2025-09,False,0.06578158093533581
2025-09-15 00:00:00+00:00,2025-09,False,0.06692651045512799
2025-09-15 05:00:00+00:00,2025-09,True,0.04513077080163075
2025-09-15 10:00:00+00:00,2025-09,True,0.037434138711569975
2025-09-15 15:00:00+00:00,2025-09,True,0.034697994260612375
2025-09-15 20:00:00+00:00,2025-09,True,0.06550734966767657
2025-09-16 00:00:00+00:00,2025-09,False,0.05916225743015302
2025-09-16 05:00:00+00:00,2025-09,True,0.029652432929933248
2025-09-16 10:00:00+00:00,2025-09,True,0.051269483714496134
2025-09-16 15:00:00+00:00,2025-09,True,0.07996107171241618
2025-09-16 20:00:00+00:00,2025-09,True,0.05068890586258934
2025-09-17 00:00:00+00:00,2025-09,True,0.11383936063948519
2025-09-17 05:00:00+00:00,2025-09,False,0.06722626996700909
2025-09-17 10:00:00+00:00,2025-09,False,0.05812929597936545
2025-09-17 15:00:00+00:00,2025-09,True,0.015053550963287421
2025-09-17 20:00:00+00:00,2025-09,False,0.04038976149490625
2025-09-18 00:00:00+00:00,2025-09,True,0.07403555059094225
2025-09-18 05:00:00+00:00,2025-09,False,0.09640753258673651
2025-09-18 10:00:00+00:00,2025-09,False,0.09667033884666199
2025-09-18 15:00:00+00:00,2025-09,True,0.08630700749348474
2025-09-18 20:00:00+00:00,2025-09,True,0.08757508741423758
2025-09-19 00:00:00+00:00,2025-09,True,0.062257893990029456
2025-09-19 05:00:00+00:00,2025-09,True,0.11990460177453055
2025-09-19 10:00:00+00:00,2025-09,True,0.05615920164929672
2025-09-19 15:00:00+00:00,2025-09,True,0.048693684101920987
2025-09-19 20:00:00+00:00,2025-09,True,0.04717219551619556
2025-09-22 00:00:00+00:00,2025-09,True,0.06081232069707021
2025-09-22 05:00:00+00:00,2025-09,True,0.04532957927591663
2025-09-22 10:00:00+00:00,2025-09,False,0.03915395862213189
2025-09-22 15:00:00+00:00,2025-09,False,0.042148483439443885
2025-09-22 20:00:00+00:00,2025-09,True,0.03772055822215725
2025-09-23 00:00:00+00:00,2025-09,False,0.06598126197014098
2025-09-23 05:00:00+00:00,2025-09,False,0.04861806458269191
2025-09-23 10:00:00+00:00,2025-09,False,0.04292321475936811
2025-09-23 15:00:00+00:00,2025-09,False,0.02603351757951744
2025-09-23 20:00:00+00:00,2025-09,False,0.03969582111573122
2025-09-24 00:00:00+00:00,2025-09,False,0.01847135189744631
2025-09-24 05:00:00+00:00,2025-09,False,0.030547884009682336
2025-09-24 10:00:00+00:00,2025-09,True,0.06494241860030059
2025-09-24 15:00:00+00:00,2025-09,False,0.04222695313230407
2025-09-24 20:00:00+00:00,2025-09,True,0.0735614268244042
2025-09-25 00:00:00+00:00,2025-09,True,0.05333271298930664
2025-09-25 05:00:00+00:00,2025-09,False,0.019828118542301598
2025-09-25 10:00:00+00:00,2025-09,False,0.08085125650944813
2025-09-25 15:00:00+00:00,2025-09,False,0.08862875757954203
2025-09-25 20:00:00+00:00,2025-09,False,0.05369218399935838
2025-09-26 00:00:00+00:00,2025-09,True,0.06707425703724124
2025-09-26 05:00:00+00:00,2025-09,True,0.08254176452731554
2025-09-26 10:00:00+00:00,2025-09,True,0.054271091084464484
2025-09-26 15:00:00+00:00,2025-09,True,0.0625709338125584
2025-09-26 20:00:00+00:00,2025-09,False,0.05315712685884255
2025-09-29 00:00:00+00:00,2025-09,True,0.09280248425764975
2025-09-29 05:00:00+00:00,2025-09,False,0.05883640437998161
2025-09-29 10:00:00+00:00,2025-09,True,0.05149083508049912
2025-09-29 15:00:00+00:00,2025-09,True,0.029683343837424214
2025-09-29 20:00:00+00:00,2025-09,True,0.0461322114445567
2025-09-30 00:00:00+00:00,2025-09,False,0.02307501829432168
2025-09-30 05:00:00+00:00,2025-09,True,0.030049019943102495
2025-09-30 10:00:00+00:00,2025-09,False,0.036280340128181765
2025-09-30 15:00:00+00:00,2025-09,True,0.041006677431490224
2025-09-30 20:00:00+00:00,2025-09,True,0.05417418475886093
2025-10-01 00:00:00+00:00,2025-10,False,0.01571540494474888
2025-10-01 05:00:00+00:00,2025-10,False,0.04174611410406448
2025-10-01 10:00:00+00:00,2025-10,True,0.022395835190854974
2025-10-01 15:00:00+00:00,2025-10,True,0.040693039485880655
2025-10-01 20:00:00+00:00,2025-10,True,0.020876397566696125
2025-10-02 00:00:00+00:00,2025-10,False,0.03033742955097596
2025-10-02 05:00:00+00:00,2025-10,False,0.01893223516259679
2025-10-02 10:00:00+00:00,2025-10,True,0.05164552043294479
2025-10-02 15:00:00+00:00,2025-10,True,0.08456418922954723
2025-10-02 20:00:00+00:00,2025-10,False,0.01711327140281871
2025-10-03 00:00:00+00:00,2025-10,True,0.041504624419539615
2025-10-03 05:00:00+00:00,2025-10,False,0.018857090591879455
2025-10-03 10:00:00+00:00,2025-10,False,0.014115612938059519
2025-10-03 15:00:00+00:00,2025-10,True,0.07165507781835634
2025-10-03 20:00:00+00:00,2025-10,True,0.05159882692707929
2025-10-06 00:00:00+00:00,2025-10,False,0.058159075469261134
2025-10-06 05:00:00+00:00,2025-10,True,0.030919400703643962
2025-10-06 10:00:00+00:00,2025-10,True,0.038356648705699325
2025-10-06 15:00:00+00:00,2025-10,False,0.04955495220626077
2025-10-06 20:00:00+00:00,2025-10,False,0.03545560785090651
2025-10-07 00:00:00+00:00,2025-10,True,0.024523700398791926
2025-10-07 05:00:00+00:00,2025-10,False,0.041933161829598053
2025-10-07 10:00:00+00:00,2025-10,False,0.052859955013507265
2025-10-07 15:00:00+00:00,2025-10,True,0.040961325290572836
2025-10-07 20:00:00+00:00,2025-10,True,0.040961325290572836
2025-10-08 00:00:00+00:00,2025-10,True,0.040961325290572836
2025-10-08 05:00:00+00:00,2025-10,True,0.05579689078932737
2025-10-08 10:00:00+00:00,2025-10,True,0.038292556329197425
2025-10-08 15:00:00+00:00,2025-10,True,0.04427513907726388
2025-10-08 20:00:00+00:00,2025-10,True,0.022324618102614824
2025-10-09 00:00:00+00:00,2025-10,True,0.01910228846218237
2025-10-09 05:00:00+00:00,2025-10,False,0.041504624419539615
2025-10-09 10:00:00+00:00,2025-10,False,0.022142287523085336
2025-10-09 15:00:00+00:00,2025-10,False,0.06759759664085752
2025-10-09 20:00:00+00:00,2025-10,True,0.04966420474661748
2025-10-10 00:00:00+00:00,2025-10,False,0.022411424454330087
2025-10-10 05:00:00+00:00,2025-10,True,0.03926543682355199
2025-10-10 10:00:00+00:00,2025-10,True,0.05164552043294479
2025-10-10 15:00:00+00:00,2025-10,False,0.044145922463859844
2025-10-10 20:00:00+00:00,2025-10,True,0.07215970210208067
2025-10-13 00:00:00+00:00,2025-10,True,0.020818744012364165
2025-10-13 05:00:00+00:00,2025-10,False,0.041861008348933915
2025-10-13 10:00:00+00:00,2025-10,False,0.022979174240484124
2025-10-13 15:00:00+00:00,2025-10,False,0.041459868350797624
2025-10-13 20:00:00+00:00,2025-10,True,0.041459868350797624
2025-10-14 00:00:00+00:00,2025-10,False,0.034056317632623845
2025-10-14 05:00:00+00:00,2025-10,False,0.06236394068071438
2025-10-14 10:00:00+00:00,2025-10,True,0.08308269501706533
2025-10-14 15:00:00+00:00,2025-10,True,0.06620644482718385
2025-10-14 20:00:00+00:00,2025-10,True,0.03934619269210049
2025-10-15 00:00:00+00:00,2025-10,True,0.0320138628984572
2025-10-15 05:00:00+00:00,2025-10,False,0.022472336391495373
2025-10-15 10:00:00+00:00,2025-10,True,0.03577454300953525
2025-10-15 15:00:00+00:00,2025-10,True,0.023674813251290727
2025-10-15 20:00:00+00:00,2025-10,False,0.02522736056154906
2025-10-16 00:00:00+00:00,2025-10,True,0.05367628374315758
2025-10-16 05:00:00+00:00,2025-10,True,0.041504624419539615
2025-10-16 10:00:00+00:00,2025-10,False,0.03033742955097596
2025-10-16 15:00:00+00:00,2025-10,False,0.04566319424657095
2025-10-16 20:00:00+00:00,2025-10,True,0.05211393518024965
2025-10-17 00:00:00+00:00,2025-10,False,0.02226666328729443
2025-10-17 05:00:00+00:00,2025-10,True,0.09958327059260574
2025-10-17 10:00:00+00:00,2025-10,True,0.0697845954468983
2025-10-17 15:00:00+00:00,2025-10,False,0.01711327140281871
2025-10-17 20:00:00+00:00,2025-10,True,0.08557573112715955
2025-10-20 00:00:00+00:00,2025-10,False,0.041861008348933915
2025-10-20 05:00:00+00:00,2025-10,False,0.04533023613367282
2025-10-20 10:00:00+00:00,2025-10,False,0.02888415643665787
2025-10-20 15:00:00+00:00,2025-10,False,0.02667177237402818
2025-10-20 20:00:00+00:00,2025-10,True,0.024288889560715843
2025-10-21 00:00:00+00:00,2025-10,False,0.022472336391495373
2025-10-21 05:00:00+00:00,2025-10,True,0.07478244005003931
2025-10-21 10:00:00+00:00,2025-10,True,0.028538421633078848
2025-10-21 15:00:00+00:00,2025-10,False,0.026342311016668618
2025-10-21 20:00:00+00:00,2025-10,True,0.035631526384185486
2025-10-22 00:00:00+00:00,2025-10,True,0.043507835980583165
2025-10-22 05:00:00+00:00,2025-10,False,0.024835706526978862
2025-10-22 10:00:00+00:00,2025-10,True,0.02932398808035286
2025-10-22 15:00:00+00:00,2025-10,True,0.012717245895181306
2025-10-22 20:00:00+00:00,2025-10,False,0.014942870017211396
2025-10-23 00:00:00+00:00,2025-10,True,0.03033742955097596
2025-10-23 05:00:00+00:00,2025-10,True,0.01711327140281871
2025-10-23 10:00:00+00:00,2025-10,True,0.035073576639548465
2025-10-23 15:00:00+00:00,2025-10,False,0.0382297882135082
2025-10-23 20:00:00+00:00,2025-10,False,0.0382297882135082
2025-10-24 00:00:00+00:00,2025-10,True,0.061625909668009404
2025-10-24 05:00:00+00:00,2025-10,False,0.024835706526978862
2025-10-24 10:00:00+00:00,2025-10,False,0.018733679479577714
2025-10-24 15:00:00+00:00,2025-10,False,0.02550550643502547
2025-10-24 20:00:00+00:00,2025-10,True,0.036533805950561105
2025-10-27 00:00:00+00:00,2025-10,True,0.03991850111482176
2025-10-27 05:00:00+00:00,2025-10,False,0.05348794635060772
2025-10-27 10:00:00+00:00,2025-10,True,0.022979174240484124
2025-10-27 15:00:00+00:00,2025-10,True,0.024288889560715843
2025-10-27 20:00:00+00:00,2025-10,False,0.024288889560715843
2025-10-28 00:00:00+00:00,2025-10,False,0.014942870017211396
2025-10-28 05:00:00+00:00,2025-10,True,0.036138078416185604
2025-10-28 10:00:00+00:00,2025-10,True,0.048261517502875106
2025-10-28 15:00:00+00:00,2025-10,True,0.041155719600371565
2025-10-28 20:00:00+00:00,2025-10,False,0.043507835980583165
2025-10-29 00:00:00+00:00,2025-10,True,0.019316369078306805
2025-10-29 05:00:00+00:00,2025-10,False,0.08118869995480049
2025-10-29 10:00:00+00:00,2025-10,False,0.03934619269210049
2025-10-29 15:00:00+00:00,2025-10,False,0.01446887967241467
2025-10-29 20:00:00+00:00,2025-10,True,0.08219281887010743
2025-10-30 00:00:00+00:00,2025-10,True,0.01711327140281871
2025-10-30 05:00:00+00:00,2025-10,True,0.040114572044162355
2025-10-30 10:00:00+00:00,2025-10,True,0.05194890683127196
2025-10-30 15:00:00+00:00,2025-10,True,0.03374611176528747
2025-10-30 20:00:00+00:00,2025-10,True,0.04331285190208456
2025-10-31 00:00:00+00:00,2025-10,False,0.04136488266686156
2025-10-31 05:00:00+00:00,2025-10,True,0.023706529497081297
2025-10-31 10:00:00+00:00,2025-10,True,0.026085523867263816
2025-10-31 15:00:00+00:00,2025-10,False,0.017686145306191392
2025-10-31 20:00:00+00:00,2025-10,False,0.054826352037389614
2025-11-03 00:00:00+00:00,2025-11,False,0.04162659595307239
2025-11-03 05:00:00+00:00,2025-11,False,0.031330521745065454
2025-11-03 10:00:00+00:00,2025-11,True,0.05070344124125392
2025-11-03 15:00:00+00:00,2025-11,True,0.028749634780657396
2025-11-03 20:00:00+00:00,2025-11,False,0.03739492590707194
2025-11-04 00:00:00+00:00,2025-11,False,0.048307859929170194
2025-11-04 05:00:00+00:00,2025-11,False,0.064870742482944
2025-11-04 10:00:00+00:00,2025-11,False,0.0898563955248306
2025-11-04 15:00:00+00:00,2025-11,False,0.039319728282142585
2025-11-04 20:00:00+00:00,2025-11,False,0.11212784951022947
2025-11-05 00:00:00+00:00,2025-11,True,0.10906922317342271
2025-11-05 05:00:00+00:00,2025-11,True,0.04000622808486887
2025-11-05 10:00:00+00:00,2025-11,True,0.026410535981148398
2025-11-05 15:00:00+00:00,2025-11,False,0.025448419951626056
2025-11-05 20:00:00+00:00,2025-11,False,0.026953752801640085
2025-11-06 00:00:00+00:00,2025-11,False,0.03366753184474902
2025-11-06 05:00:00+00:00,2025-11,False,0.043175257242511256
2025-11-06 10:00:00+00:00,2025-11,True,0.03862868783691764
2025-11-06 15:00:00+00:00,2025-11,True,0.0648226994374893
2025-11-06 20:00:00+00:00,2025-11,False,0.04777670513920307
2025-11-07 00:00:00+00:00,2025-11,False,0.03593245320921723
2025-11-07 05:00:00+00:00,2025-11,True,0.03280282049092498
2025-11-07 10:00:00+00:00,2025-11,True,0.039387977684351205
2025-11-07 15:00:00+00:00,2025-11,True,0.047949911871210005
2025-11-07 20:00:00+00:00,2025-11,False,0.02425415527309921
2025-11-10 00:00:00+00:00,2025-11,True,0.038755275473940975
2025-11-10 05:00:00+00:00,2025-11,False,0.04185830984453098
2025-11-10 10:00:00+00:00,2025-11,True,0.0523635109440328
2025-11-10 15:00:00+00:00,2025-11,True,0.0520696145550289
2025-11-10 20:00:00+00:00,2025-11,True,0.056229212235203496
2025-11-11 00:00:00+00:00,2025-11,True,0.01777700906547841
2025-11-11 05:00:00+00:00,2025-11,False,0.04617559585255726
2025-11-11 10:00:00+00:00,2025-11,True,0.031099540068510567
2025-11-11 15:00:00+00:00,2025-11,True,0.025774929492303755
2025-11-11 20:00:00+00:00,2025-11,True,0.04969721436750607
2025-11-12 00:00:00+00:00,2025-11,False,0.023397813210133678
2025-11-12 05:00:00+00:00,2025-11,False,0.03581603730250971
2025-11-12 10:00:00+00:00,2025-11,False,0.05916410588508558
2025-11-12 15:00:00+00:00,2025-11,False,0.04109722752419642
2025-11-12 20:00:00+00:00,2025-11,False,0.03775031640330273
2025-11-13 00:00:00+00:00,2025-11,False,0.02496406626252523
2025-11-13 05:00:00+00:00,2025-11,True,0.04392718022072073
2025-11-13 10:00:00+00:00,2025-11,False,0.08119160013253746
2025-11-13 15:00:00+00:00,2025-11,False,0.04570747055665492
2025-11-13 20:00:00+00:00,2025-11,True,0.04799658010335284
2025-11-14 00:00:00+00:00,2025-11,True,0.05616385460776302
2025-11-14 05:00:00+00:00,2025-11,True,0.04531117358420639
2025-11-14 10:00:00+00:00,2025-11,False,0.028292604051436077
2025-11-14 15:00:00+00:00,2025-11,False,0.0927595177803282
2025-11-14 20:00:00+00:00,2025-11,True,0.0933955045152911
2025-11-17 00:00:00+00:00,2025-11,False,0.04037654031938409
2025-11-17 05:00:00+00:00,2025-11,True,0.044625261331213584
2025-11-17 10:00:00+00:00,2025-11,False,0.03928348926228753
2025-11-17 15:00:00+00:00,2025-11,True,0.06762625238771547
2025-11-17 20:00:00+00:00,2025-11,False,0.027654939225625785
2025-11-18 00:00:00+00:00,2025-11,False,0.05522128673778037
2025-11-18 05:00:00+00:00,2025-11,True,0.01588930162863955
2025-11-18 10:00:00+00:00,2025-11,False,0.03298180355538949
2025-11-18 15:00:00+00:00,2025-11,True,0.04784797796389051
2025-11-18 20:00:00+00:00,2025-11,True,0.04266473945687077
2025-11-19 00:00:00+00:00,2025-11,True,0.029938820524522347
2025-11-19 05:00:00+00:00,2025-11,True,0.038130505308965223
2025-11-19 10:00:00+00:00,2025-11,False,0.0613841479311007
2025-11-19 15:00:00+00:00,2025-11,True,0.03157953604839714
2025-11-19 20:00:00+00:00,2025-11,True,0.09740230537178263
2025-11-20 00:00:00+00:00,2025-11,False,0.060058562303045404
2025-11-20 05:00:00+00:00,2025-11,True,0.08696981550692934
2025-11-20 10:00:00+00:00,2025-11,True,0.017292175407528254
2025-11-20 15:00:00+00:00,2025-11,False,0.029987220606045528
2025-11-20 20:00:00+00:00,2025-11,False,0.03950993475660358
2025-11-21 00:00:00+00:00,2025-11,True,0.031053303134886634
2025-11-21 05:00:00+00:00,2025-11,True,0.04074445944326477
2025-11-21 10:00:00+00:00,2025-11,True,0.04925802860856732
2025-11-21 15:00:00+00:00,2025-11,True,0.06185946924326979
2025-11-21 20:00:00+00:00,2025-11,True,0.03181373365286755
2025-11-24 00:00:00+00:00,2025-11,False,0.03668258647947353
2025-11-24 05:00:00+00:00,2025-11,False,0.036349297896496546
2025-11-24 10:00:00+00:00,2025-11,True,0.03570955883504012
2025-11-24 15:00:00+00:00,2025-11,False,0.04445129015579141
2025-11-24 20:00:00+00:00,2025-11,False,0.06499049449195549
2025-11-25 00:00:00+00:00,2025-11,True,0.060591480724647706
2025-11-25 05:00:00+00:00,2025-11,True,0.022397057707664425
2025-11-25 10:00:00+00:00,2025-11,False,0.03314392774740926
2025-11-25 15:00:00+00:00,2025-11,False,0.0795428331053778
2025-11-25 20:00:00+00:00,2025-11,False,0.045575583195989866
2025-11-26 00:00:00+00:00,2025-11,False,0.062129068644120045
2025-11-26 05:00:00+00:00,2025-11,False,0.1404925664244533
2025-11-26 10:00:00+00:00,2025-11,True,0.025708428082508394
2025-11-26 15:00:00+00:00,2025-11,False,0.07727457306701935
2025-11-26 20:00:00+00:00,2025-11,False,0.0535335084497216
2025-11-27 00:00:00+00:00,2025-11,False,0.0563051404055851
2025-11-27 05:00:00+00:00,2025-11,False,0.032545977969327955
2025-11-27 10:00:00+00:00,2025-11,False,0.035364765511489205
2025-11-27 15:00:00+00:00,2025-11,False,0.045175638418629815
2025-11-27 20:00:00+00:00,2025-11,False,0.04588599898813306
2025-11-28 00:00:00+00:00,2025-11,False,0.05367136858071375
2025-11-28 05:00:00+00:00,2025-11,True,0.035438459901444785
2025-11-28 10:00:00+00:00,2025-11,True,0.042174816424312866
2025-11-28 15:00:00+00:00,2025-11,False,0.06138554513927136
2025-11-28 20:00:00+00:00,2025-11,True,0.0373152239399408
2025-12-01 00:00:00+00:00,2025-12,True,0.04919559548644514
2025-12-01 05:00:00+00:00,2025-12,True,0.024871445508488743
2025-12-01 10:00:00+00:00,2025-12,False,0.030864585251566323
2025-12-01 15:00:00+00:00,2025-12,True,0.03329155090753855
2025-12-01 20:00:00+00:00,2025-12,True,0.04729086475328664
2025-12-02 00:00:00+00:00,2025-12,True,0.02151418470100319
2025-12-02 05:00:00+00:00,2025-12,True,0.08999477268801565
2025-12-02 10:00:00+00:00,2025-12,True,0.057472225451025705
2025-12-02 15:00:00+00:00,2025-12,True,0.03942796721488562
2025-12-02 20:00:00+00:00,2025-12,True,0.052658706120171095
2025-12-03 00:00:00+00:00,2025-12,True,0.03678240387412324
2025-12-03 05:00:00+00:00,2025-12,False,0.03650565811952067
2025-12-03 10:00:00+00:00,2025-12,False,0.024803338906981887
2025-12-03 15:00:00+00:00,2025-12,False,0.04870460284507322
2025-12-03 20:00:00+00:00,2025-12,True,0.0742454557942247
2025-12-04 00:00:00+00:00,2025-12,True,0.09893299426299806
2025-12-04 05:00:00+00:00,2025-12,False,0.07473282168858514
2025-12-04 10:00:00+00:00,2025-12,True,0.07032438983017508
2025-12-04 15:00:00+00:00,2025-12,True,0.034605679704746595
2025-12-04 20:00:00+00:00,2025-12,True,0.07081850998837913
2025-12-05 00:00:00+00:00,2025-12,True,0.04740118773274293
2025-12-05 05:00:00+00:00,2025-12,True,0.03664171304697483
2025-12-05 10:00:00+00:00,2025-12,True,0.03954230575033235
2025-12-05 15:00:00+00:00,2025-12,False,0.02218488892357351
2025-12-05 20:00:00+00:00,2025-12,False,0.08590215168029469
2025-12-08 00:00:00+00:00,2025-12,False,0.12820813301139877
2025-12-08 05:00:00+00:00,2025-12,False,0.048138170573224226
2025-12-08 10:00:00+00:00,2025-12,True,0.03407614532968417
2025-12-08 15:00:00+00:00,2025-12,True,0.10469272220850112
2025-12-08 20:00:00+00:00,2025-12,True,0.10391675137754647
2025-12-09 00:00:00+00:00,2025-12,False,0.052429514775889974
2025-12-09 05:00:00+00:00,2025-12,True,0.034134326784883595
2025-12-09 10:00:00+00:00,2025-12,True,0.04210711609166673
2025-12-09 15:00:00+00:00,2025-12,True,0.04020448069488136
2025-12-09 20:00:00+00:00,2025-12,False,0.06254729231685385
2025-12-10 00:00:00+00:00,2025-12,True,0.06574955616331574
2025-12-10 05:00:00+00:00,2025-12,True,0.04389976403114548
2025-12-10 10:00:00+00:00,2025-12,True,0.039431147763611896
2025-12-10 15:00:00+00:00,2025-12,False,0.042501062689257796
2025-12-10 20:00:00+00:00,2025-12,True,0.1087000502638319
2025-12-11 00:00:00+00:00,2025-12,False,0.08068568766725837
2025-12-11 05:00:00+00:00,2025-12,False,0.05271990731466991
2025-12-11 10:00:00+00:00,2025-12,False,0.08393582164909763
2025-12-11 15:00:00+00:00,2025-12,True,0.1025430935884748
2025-12-11 20:00:00+00:00,2025-12,True,0.11822571607178767
2025-12-12 00:00:00+00:00,2025-12,False,0.04980472585447515
2025-12-12 05:00:00+00:00,2025-12,False,0.04161850453487714
2025-12-12 10:00:00+00:00,2025-12,True,0.028741436929166087
2025-12-12 15:00:00+00:00,2025-12,True,0.023891909832022273
2025-12-12 20:00:00+00:00,2025-12,False,0.046984050529350285
2025-12-15 00:00:00+00:00,2025-12,True,0.06166668134950126
2025-12-15 05:00:00+00:00,2025-12,True,0.06350041699741071
2025-12-15 10:00:00+00:00,2025-12,True,0.045284138694949405
2025-12-15 15:00:00+00:00,2025-12,False,0.05950974973550682
2025-12-15 20:00:00+00:00,2025-12,True,0.05304105798932435
2025-12-16 00:00:00+00:00,2025-12,False,0.05175801420388104
2025-12-16 05:00:00+00:00,2025-12,True,0.04903483657811103
2025-12-16 10:00:00+00:00,2025-12,False,0.022043051046463646
2025-12-16 15:00:00+00:00,2025-12,True,0.051588118599025234
2025-12-16 20:00:00+00:00,2025-12,False,0.049397845864993406
2025-12-17 00:00:00+00:00,2025-12,True,0.053712817699822835
2025-12-17 05:00:00+00:00,2025-12,False,0.08514476517290792
2025-12-17 10:00:00+00:00,2025-12,True,0.07626409966810788
2025-12-17 15:00:00+00:00,2025-12,True,0.04403534481121385
2025-12-17 20:00:00+00:00,2025-12,True,0.05258205803064264
2025-12-18 00:00:00+00:00,2025-12,True,0.06673964838279878
2025-12-18 05:00:00+00:00,2025-12,False,0.0510050860151513
2025-12-18 10:00:00+00:00,2025-12,True,0.04389976403114548
2025-12-18 15:00:00+00:00,2025-12,False,0.03135758577764913
2025-12-18 20:00:00+00:00,2025-12,True,0.04030587403687169
2025-12-19 00:00:00+00:00,2025-12,True,0.06047472309299062
2025-12-19 05:00:00+00:00,2025-12,False,0.0632396262863556
2025-12-19 10:00:00+00:00,2025-12,True,0.0581706662566831
2025-12-19 15:00:00+00:00,2025-12,False,0.06388939756146939
2025-12-19 20:00:00+00:00,2025-12,True,0.09769122089898752
2025-12-22 00:00:00+00:00,2025-12,False,0.1034115551706355
2025-12-22 05:00:00+00:00,2025-12,False,0.017297303536740083
2025-12-22 10:00:00+00:00,2025-12,False,0.04073167026075497
2025-12-22 15:00:00+00:00,2025-12,False,0.08503108077151755
2025-12-22 20:00:00+00:00,2025-12,False,0.11108096920226562
2025-12-23 00:00:00+00:00,2025-12,False,0.04219770182376237
2025-12-23 05:00:00+00:00,2025-12,False,0.14577101887745358
2025-12-23 10:00:00+00:00,2025-12,True,0.10724088048121572
2025-12-23 15:00:00+00:00,2025-12,False,0.04143153363187846
2025-12-23 20:00:00+00:00,2025-12,False,0.05262412670929173
2025-12-24 00:00:00+00:00,2025-12,False,0.03326964539341415
2025-12-24 05:00:00+00:00,2025-12,True,0.026691944095182496
2025-12-24 10:00:00+00:00,2025-12,False,0.05316757242070702
2025-12-24 15:00:00+00:00,2025-12,False,0.04036680317896724
2025-12-24 20:00:00+00:00,2025-12,False,0.0987118809175328
2025-12-25 00:00:00+00:00,2025-12,False,0.07245558404326646
2025-12-25 05:00:00+00:00,2025-12,False,0.0693133557832033
2025-12-25 10:00:00+00:00,2025-12,False,0.0786313652723627
2025-12-25 15:00:00+00:00,2025-12,False,0.0786313652723627
2025-12-25 20:00:00+00:00,2025-12,True,0.07106600868132118
2025-12-26 00:00:00+00:00,2025-12,True,0.047404934827612544
2025-12-26 05:00:00+00:00,2025-12,False,0.05534346734042794
2025-12-26 10:00:00+00:00,2025-12,True,0.027338044174525622
2025-12-26 15:00:00+00:00,2025-12,True,0.03650565811952067
2025-12-26 20:00:00+00:00,2025-12,False,0.04470530412746221
2025-12-29 00:00:00+00:00,2025-12,True,0.05130995701520247
2025-12-29 05:00:00+00:00,2025-12,True,0.04684295748751677
2025-12-29 10:00:00+00:00,2025-12,False,0.02967936047989761
2025-12-29 15:00:00+00:00,2025-12,True,0.05684498461035181
2025-12-29 20:00:00+00:00,2025-12,True,0.042594389470621885
2025-12-30 00:00:00+00:00,2025-12,False,0.08967206703340225
2025-12-30 05:00:00+00:00,2025-12,True,0.03673577003346362
2025-12-30 10:00:00+00:00,2025-12,False,0.04161850453487714
2025-12-30 15:00:00+00:00,2025-12,True,0.059698522232725426
2025-12-30 20:00:00+00:00,2025-12,True,0.07804680143661269
2025-12-31 00:00:00+00:00,2025-12,True,0.10947069098633433
2025-12-31 05:00:00+00:00,2025-12,False,0.06340398414285298
2025-12-31 10:00:00+00:00,2025-12,True,0.0679156510537473
2025-12-31 15:00:00+00:00,2025-12,True,0.08796563433542981
2025-12-31 20:00:00+00:00,2025-12,True,0.09076164933881692
2026-01-01 00:00:00+00:00,2026-01,True,0.03247743359437111
2026-01-01 05:00:00+00:00,2026-01,False,0.04834012032919521
2026-01-01 10:00:00+00:00,2026-01,False,0.04881228377185576
2026-01-01 15:00:00+00:00,2026-01,False,0.056429641062199054
2026-01-01 20:00:00+00:00,2026-01,False,0.04669855059997824
2026-01-02 00:00:00+00:00,2026-01,True,0.05530125478963288
2026-01-02 05:00:00+00:00,2026-01,True,0.027041806405276814
2026-01-02 10:00:00+00:00,2026-01,True,0.0476690341843059
2026-01-02 15:00:00+00:00,2026-01,True,0.05158378712202916
2026-01-02 20:00:00+00:00,2026-01,False,0.07910456041347891
2026-01-05 00:00:00+00:00,2026-01,False,0.03539608436078123
2026-01-05 05:00:00+00:00,2026-01,False,0.03897517941142359
2026-01-05 10:00:00+00:00,2026-01,True,0.0496960651940076
2026-01-05 15:00:00+00:00,2026-01,False,0.03726529287797442
2026-01-05 20:00:00+00:00,2026-01,True,0.03193533479175581
2026-01-06 00:00:00+00:00,2026-01,True,0.028669072672669826
2026-01-06 05:00:00+00:00,2026-01,True,0.02854019129153229
2026-01-06 10:00:00+00:00,2026-01,True,0.049785646129127614
2026-01-06 15:00:00+00:00,2026-01,False,0.05348842177791113
2026-01-06 20:00:00+00:00,2026-01,False,0.04666830498743679
2026-01-07 00:00:00+00:00,2026-01,False,0.03737697008193164
2026-01-07 05:00:00+00:00,2026-01,True,0.05197386061810527
2026-01-07 10:00:00+00:00,2026-01,False,0.05582224998572738
2026-01-07 15:00:00+00:00,2026-01,True,0.05859781671486797
2026-01-07 20:00:00+00:00,2026-01,False,0.08636250477422913
2026-01-08 00:00:00+00:00,2026-01,True,0.0530439503951754
2026-01-08 05:00:00+00:00,2026-01,True,0.05140461549348818
2026-01-08 10:00:00+00:00,2026-01,True,0.051350268937346066
2026-01-08 15:00:00+00:00,2026-01,False,0.05221200319742525
2026-01-08 20:00:00+00:00,2026-01,True,0.09802384829610655
2026-01-09 00:00:00+00:00,2026-01,False,0.06138047571706784
2026-01-09 05:00:00+00:00,2026-01,False,0.05929743753262251
2026-01-09 10:00:00+00:00,2026-01,True,0.07920106815676953
2026-01-09 15:00:00+00:00,2026-01,False,0.04023354889693631
2026-01-09 20:00:00+00:00,2026-01,True,0.10714977008007642
2026-01-12 00:00:00+00:00,2026-01,False,0.032123174229948814
2026-01-12 05:00:00+00:00,2026-01,True,0.03675315992601258
2026-01-12 10:00:00+00:00,2026-01,False,0.06176719681612591
2026-01-12 15:00:00+00:00,2026-01,False,0.06554146641922542
2026-01-12 20:00:00+00:00,2026-01,True,0.10177517811606351
2026-01-13 00:00:00+00:00,2026-01,True,0.051331220211527695
2026-01-13 05:00:00+00:00,2026-01,False,0.04616638999500344
2026-01-13 10:00:00+00:00,2026-01,True,0.03560977921040476
2026-01-13 15:00:00+00:00,2026-01,False,0.044358827628107944
2026-01-13 20:00:00+00:00,2026-01,True,0.08271241859057388
2026-01-14 00:00:00+00:00,2026-01,True,0.05723018392874413
2026-01-14 05:00:00+00:00,2026-01,True,0.05020010746126424
2026-01-14 10:00:00+00:00,2026-01,True,0.03987296114373806
2026-01-14 15:00:00+00:00,2026-01,True,0.05431203892759251
2026-01-14 20:00:00+00:00,2026-01,True,0.04473008534673795
2026-01-15 00:00:00+00:00,2026-01,False,0.044714790847603214
2026-01-15 05:00:00+00:00,2026-01,False,0.05898563381453226
2026-01-15 10:00:00+00:00,2026-01,False,0.04138804289844589
2026-01-15 15:00:00+00:00,2026-01,True,0.04274371891165657
2026-01-15 20:00:00+00:00,2026-01,True,0.08236174714810673
2026-01-16 00:00:00+00:00,2026-01,False,0.05330292204640252
2026-01-16 05:00:00+00:00,2026-01,False,0.04127907714414891
2026-01-16 10:00:00+00:00,2026-01,False,0.05174048092837458
2026-01-16 15:00:00+00:00,2026-01,True,0.04481389006619074
2026-01-16 20:00:00+00:00,2026-01,False,0.06101095818123814
2026-01-19 00:00:00+00:00,2026-01,True,0.03120343002944137
2026-01-19 05:00:00+00:00,2026-01,False,0.04222717042729307
2026-01-19 10:00:00+00:00,2026-01,True,0.03660391881647884
2026-01-19 15:00:00+00:00,2026-01,False,0.04216281498596025
2026-01-19 20:00:00+00:00,2026-01,False,0.02094517933781559
2026-01-20 00:00:00+00:00,2026-01,True,0.04543461180959396
2026-01-20 05:00:00+00:00,2026-01,False,0.04702154794203556
2026-01-20 10:00:00+00:00,2026-01,True,0.06974885681362286
2026-01-20 15:00:00+00:00,2026-01,False,0.05248632302792633
2026-01-20 20:00:00+00:00,2026-01,False,0.04565380399468444
2026-01-21 00:00:00+00:00,2026-01,True,0.07826916573755921
2026-01-21 05:00:00+00:00,2026-01,False,0.034419772774020085
2026-01-21 10:00:00+00:00,2026-01,True,0.05002752757363116
2026-01-21 15:00:00+00:00,2026-01,False,0.05129378634832338
2026-01-21 20:00:00+00:00,2026-01,False,0.0734333827492527
2026-01-22 00:00:00+00:00,2026-01,False,0.05289821939597339
2026-01-22 05:00:00+00:00,2026-01,True,0.03568057147160647
2026-01-22 10:00:00+00:00,2026-01,True,0.06481574268326595
2026-01-22 15:00:00+00:00,2026-01,False,0.1597385622178163
2026-01-22 20:00:00+00:00,2026-01,False,0.06653332387260014
2026-01-23 00:00:00+00:00,2026-01,False,0.15958473004603474
2026-01-23 05:00:00+00:00,2026-01,True,0.04379581187657827
2026-01-23 10:00:00+00:00,2026-01,True,0.04112079782597211
2026-01-23 15:00:00+00:00,2026-01,True,0.04294595091308456
2026-01-23 20:00:00+00:00,2026-01,True,0.11077952152233167
2026-01-26 00:00:00+00:00,2026-01,False,0.05314028401937254
2026-01-26 05:00:00+00:00,2026-01,False,0.09205925320600239
2026-01-26 10:00:00+00:00,2026-01,True,0.06516237095905608
2026-01-26 15:00:00+00:00,2026-01,True,0.0860715669773705
2026-01-26 20:00:00+00:00,2026-01,False,0.0727589059691004
2026-01-27 00:00:00+00:00,2026-01,False,0.054433517815834775
2026-01-27 05:00:00+00:00,2026-01,True,0.07918027036243314
2026-01-27 10:00:00+00:00,2026-01,True,0.047013998911134336
2026-01-27 15:00:00+00:00,2026-01,True,0.09870807332955689
2026-01-27 20:00:00+00:00,2026-01,False,0.14881297464839038
2026-01-28 00:00:00+00:00,2026-01,True,0.06730516905367256
2026-01-28 05:00:00+00:00,2026-01,False,0.10008534213388343
2026-01-28 10:00:00+00:00,2026-01,False,0.035044114780766966
2026-01-28 15:00:00+00:00,2026-01,True,0.06836537837115081
2026-01-28 20:00:00+00:00,2026-01,False,0.07889093981462947
2026-01-29 00:00:00+00:00,2026-01,False,0.04525366287034982
2026-01-29 05:00:00+00:00,2026-01,False,0.020529316291437727
2026-01-29 10:00:00+00:00,2026-01,True,0.03877745332977678
2026-01-29 15:00:00+00:00,2026-01,False,0.04273356236399112
2026-01-29 20:00:00+00:00,2026-01,False,0.09346560979760388
2026-01-30 00:00:00+00:00,2026-01,False,0.04574162877906818
2026-01-30 05:00:00+00:00,2026-01,True,0.05779827691193118
2026-01-30 10:00:00+00:00,2026-01,False,0.026787184838772904
2026-01-30 15:00:00+00:00,2026-01,False,0.07173291897703826
2026-01-30 20:00:00+00:00,2026-01,False,0.0906008039893561
2026-02-02 00:00:00+00:00,2026-02,True,0.07394190262231515
2026-02-02 05:00:00+00:00,2026-02,True,0.07394190262231515
2026-02-02 10:00:00+00:00,2026-02,True,0.07394190262231515
2026-02-02 15:00:00+00:00,2026-02,False,0.06725060369474956
2026-02-02 20:00:00+00:00,2026-02,False,0.15518705976070635
2026-02-03 00:00:00+00:00,2026-02,True,0.102946699536968
2026-02-03 05:00:00+00:00,2026-02,False,0.12640160363014302
2026-02-03 10:00:00+00:00,2026-02,False,0.07457614246608946
2026-02-03 15:00:00+00:00,2026-02,True,0.14173219826879824
2026-02-03 20:00:00+00:00,2026-02,True,0.08444879769529523
2026-02-04 00:00:00+00:00,2026-02,True,0.04590008199817597
2026-02-04 05:00:00+00:00,2026-02,False,0.18461553486295074
2026-02-04 10:00:00+00:00,2026-02,True,0.06142919048752843
2026-02-04 15:00:00+00:00,2026-02,False,0.046637033752903734
2026-02-04 20:00:00+00:00,2026-02,False,0.0749983095041673
2026-02-05 00:00:00+00:00,2026-02,False,0.06844592991881326
2026-02-05 05:00:00+00:00,2026-02,True,0.1464930236533014
2026-02-05 10:00:00+00:00,2026-02,False,0.07084605866716043
2026-02-05 15:00:00+00:00,2026-02,True,0.10294532206712137
2026-02-05 20:00:00+00:00,2026-02,False,0.09067718339981767
2026-02-06 00:00:00+00:00,2026-02,True,0.06875332241814813
2026-02-06 05:00:00+00:00,2026-02,True,0.03510529282755731
2026-02-06 10:00:00+00:00,2026-02,True,0.03999252181188717
2026-02-06 15:00:00+00:00,2026-02,False,0.1518748122254282
2026-02-06 20:00:00+00:00,2026-02,False,0.10865251147338312
2026-02-09 00:00:00+00:00,2026-02,False,0.07307201115472639
2026-02-09 05:00:00+00:00,2026-02,True,0.0733756437709866
2026-02-09 10:00:00+00:00,2026-02,True,0.07966256380220404
2026-02-09 15:00:00+00:00,2026-02,True,0.058406691929605015
2026-02-09 20:00:00+00:00,2026-02,False,0.10142592493632718
2026-02-10 00:00:00+00:00,2026-02,True,0.1005907379367123
2026-02-10 05:00:00+00:00,2026-02,False,0.07289826457062676
2026-02-10 10:00:00+00:00,2026-02,False,0.05008853874904717
2026-02-10 15:00:00+00:00,2026-02,True,0.12581981800875608
2026-02-10 20:00:00+00:00,2026-02,True,0.1844219590055003
2026-02-11 00:00:00+00:00,2026-02,False,0.15251609432774127
2026-02-11 05:00:00+00:00,2026-02,True,0.12527308933942227
2026-02-11 10:00:00+00:00,2026-02,False,0.10000753397701878
2026-02-11 15:00:00+00:00,2026-02,False,0.1415789372254198
2026-02-11 20:00:00+00:00,2026-02,False,0.07402263803808518
2026-02-12 00:00:00+00:00,2026-02,True,0.09165275357082969
2026-02-12 05:00:00+00:00,2026-02,True,0.0667170033086188
2026-02-12 10:00:00+00:00,2026-02,True,0.032917699766420894
2026-02-12 15:00:00+00:00,2026-02,False,0.05977393437178924
2026-02-12 20:00:00+00:00,2026-02,True,0.23275578081533355
2026-02-13 00:00:00+00:00,2026-02,False,0.08303751570341977
2026-02-13 05:00:00+00:00,2026-02,True,0.08371066476335509
2026-02-13 10:00:00+00:00,2026-02,True,0.07077146760673181
2026-02-13 15:00:00+00:00,2026-02,True,0.0651685130460613
2026-02-13 20:00:00+00:00,2026-02,True,0.1427055725768227
2026-02-16 00:00:00+00:00,2026-02,True,0.0742851595327968
2026-02-16 05:00:00+00:00,2026-02,False,0.10083347747533039
2026-02-16 10:00:00+00:00,2026-02,False,0.05770231416067606
2026-02-16 15:00:00+00:00,2026-02,True,0.060828520084651116
2026-02-16 20:00:00+00:00,2026-02,False,0.0551199372589849
2026-02-17 00:00:00+00:00,2026-02,False,0.025822785386786284
2026-02-17 05:00:00+00:00,2026-02,True,0.03898917524727474
2026-02-17 10:00:00+00:00,2026-02,False,0.04193514649293906
2026-02-17 15:00:00+00:00,2026-02,True,0.11093434007675329
2026-02-17 20:00:00+00:00,2026-02,True,0.15845812981691942
2026-02-18 00:00:00+00:00,2026-02,True,0.04280975755926786
2026-02-18 05:00:00+00:00,2026-02,True,0.0842749069545109
2026-02-18 10:00:00+00:00,2026-02,True,0.03825075940053302
2026-02-18 15:00:00+00:00,2026-02,False,0.03392888390168447
2026-02-18 20:00:00+00:00,2026-02,False,0.14380868566644534
2026-02-19 00:00:00+00:00,2026-02,True,0.14766621476765662
2026-02-19 05:00:00+00:00,2026-02,True,0.04678987470496554
2026-02-19 10:00:00+00:00,2026-02,False,0.06343996359297133
2026-02-19 15:00:00+00:00,2026-02,True,0.04415892725576698
2026-02-19 20:00:00+00:00,2026-02,True,0.09499783729227262
2026-02-20 00:00:00+00:00,2026-02,False,0.034526789645379585
2026-02-20 05:00:00+00:00,2026-02,True,0.04890936841282578
2026-02-20 10:00:00+00:00,2026-02,True,0.03960013944541074
2026-02-20 15:00:00+00:00,2026-02,False,0.04836584164511398
2026-02-20 20:00:00+00:00,2026-02,False,0.08651452116863634
2026-02-23 00:00:00+00:00,2026-02,False,0.12453557401094373
2026-02-23 05:00:00+00:00,2026-02,True,0.08317210788655438
2026-02-23 10:00:00+00:00,2026-02,False,0.08475741465517828
2026-02-23 15:00:00+00:00,2026-02,True,0.05434680919074464
2026-02-23 20:00:00+00:00,2026-02,True,0.07395350756159913
2026-02-24 00:00:00+00:00,2026-02,True,0.016225209506390892
2026-02-24 05:00:00+00:00,2026-02,True,0.05326295973640793
2026-02-24 10:00:00+00:00,2026-02,False,0.046274025119065754
2026-02-24 15:00:00+00:00,2026-02,False,0.10842779995075236
2026-02-24 20:00:00+00:00,2026-02,True,0.034704047162415486
2026-02-25 00:00:00+00:00,2026-02,True,0.028884273119868853
2026-02-25 05:00:00+00:00,2026-02,False,0.03874685004944034
2026-02-25 10:00:00+00:00,2026-02,False,0.04240840967043835
2026-02-25 15:00:00+00:00,2026-02,True,0.0537845279743705
2026-02-25 20:00:00+00:00,2026-02,True,0.04443652118047159
2026-02-26 00:00:00+00:00,2026-02,True,0.06444867590572112
2026-02-26 05:00:00+00:00,2026-02,False,0.061611715392349775
2026-02-26 10:00:00+00:00,2026-02,True,0.069094749231566
2026-02-26 15:00:00+00:00,2026-02,False,0.044924698000254004
2026-02-26 20:00:00+00:00,2026-02,False,0.03852720658005693
2026-02-27 00:00:00+00:00,2026-02,True,0.07357004101259568
2026-02-27 05:00:00+00:00,2026-02,True,0.04936873035648809
2026-02-27 10:00:00+00:00,2026-02,False,0.049327793731385294
2026-02-27 15:00:00+00:00,2026-02,True,0.058180651163243446
2026-02-27 20:00:00+00:00,2026-02,False,0.08326805113094249
2026-03-02 00:00:00+00:00,2026-03,False,0.15215466062583605
2026-03-02 05:00:00+00:00,2026-03,False,0.03152445619449207
2026-03-02 10:00:00+00:00,2026-03,True,0.049649933565752535
2026-03-02 15:00:00+00:00,2026-03,True,0.12578662734655366
2026-03-02 20:00:00+00:00,2026-03,True,0.11647939277367902
2026-03-03 00:00:00+00:00,2026-03,False,0.0446322011267809
2026-03-03 05:00:00+00:00,2026-03,False,0.07243929161319662
2026-03-03 10:00:00+00:00,2026-03,False,0.16414580931413203
2026-03-03 15:00:00+00:00,2026-03,True,0.12360637780073747
2026-03-03 20:00:00+00:00,2026-03,False,0.1227545700330942
2026-03-04 00:00:00+00:00,2026-03,False,0.07261617501993045
2026-03-04 05:00:00+00:00,2026-03,True,0.06875818508235232
2026-03-04 10:00:00+00:00,2026-03,True,0.11954047328141243
2026-03-04 15:00:00+00:00,2026-03,True,0.09143915851786882
2026-03-04 20:00:00+00:00,2026-03,True,0.062432761231206835
2026-03-05 00:00:00+00:00,2026-03,False,0.04781565535746435
2026-03-05 05:00:00+00:00,2026-03,True,0.14445219613710347
2026-03-05 10:00:00+00:00,2026-03,False,0.04340090066411417
2026-03-05 15:00:00+00:00,2026-03,True,0.10990077726834424
2026-03-05 20:00:00+00:00,2026-03,False,0.0531424641763345
2026-03-06 00:00:00+00:00,2026-03,True,0.07738526393843781
2026-03-06 05:00:00+00:00,2026-03,True,0.03570042919950456
2026-03-06 10:00:00+00:00,2026-03,False,0.036530880298982105
2026-03-06 15:00:00+00:00,2026-03,True,0.08400720838757514
2026-03-06 20:00:00+00:00,2026-03,False,0.05596802561930925
2026-03-09 00:00:00+00:00,2026-03,False,0.09415612991867661
2026-03-09 05:00:00+00:00,2026-03,True,0.06807278037755665
2026-03-09 10:00:00+00:00,2026-03,True,0.09186700370525314
2026-03-09 15:00:00+00:00,2026-03,True,0.029641812824177105
2026-03-09 20:00:00+00:00,2026-03,False,0.12045119446892555
2026-03-10 00:00:00+00:00,2026-03,False,0.06918526937759106
2026-03-10 05:00:00+00:00,2026-03,False,0.04240762484414362
2026-03-10 10:00:00+00:00,2026-03,False,0.05827832631936941
2026-03-10 15:00:00+00:00,2026-03,False,0.060905256342868475
2026-03-10 20:00:00+00:00,2026-03,True,0.07385943925195626
2026-03-11 00:00:00+00:00,2026-03,True,0.05526182683399805
2026-03-11 05:00:00+00:00,2026-03,False,0.05137720206267893
2026-03-11 10:00:00+00:00,2026-03,False,0.05550516391078486
2026-03-11 15:00:00+00:00,2026-03,True,0.07607925753672806
2026-03-11 20:00:00+00:00,2026-03,False,0.13211473822507902
2026-03-12 00:00:00+00:00,2026-03,False,0.05692805632282416
2026-03-12 05:00:00+00:00,2026-03,True,0.04798635983117794
2026-03-12 10:00:00+00:00,2026-03,True,0.040888735672651055
2026-03-12 15:00:00+00:00,2026-03,True,0.04645078184021578
2026-03-12 20:00:00+00:00,2026-03,True,0.11954548331989967
2026-03-13 00:00:00+00:00,2026-03,False,0.10539893781018084
2026-03-13 05:00:00+00:00,2026-03,False,0.13227813052217519
2026-03-13 10:00:00+00:00,2026-03,True,0.12307659821742079
2026-03-13 15:00:00+00:00,2026-03,False,0.1493521282040784
2026-03-13 20:00:00+00:00,2026-03,True,0.11641911360585888
2026-03-16 00:00:00+00:00,2026-03,True,0.03599950129972174
2026-03-16 05:00:00+00:00,2026-03,True,0.03987499322081156
2026-03-16 10:00:00+00:00,2026-03,False,0.09386817968471656
2026-03-16 15:00:00+00:00,2026-03,True,0.026087553305333855
2026-03-16 20:00:00+00:00,2026-03,True,0.09580264756801482
2026-03-17 00:00:00+00:00,2026-03,True,0.044002795646700066
2026-03-17 05:00:00+00:00,2026-03,False,0.08280477164904093
2026-03-17 10:00:00+00:00,2026-03,True,0.06485376313409785
2026-03-17 15:00:00+00:00,2026-03,True,0.0446446766942904
2026-03-17 20:00:00+00:00,2026-03,True,0.05652132533295284
2026-03-18 00:00:00+00:00,2026-03,True,0.057251806607360844
2026-03-18 05:00:00+00:00,2026-03,False,0.05464456169264764
2026-03-18 10:00:00+00:00,2026-03,False,0.03681682446581508
2026-03-18 15:00:00+00:00,2026-03,False,0.05285404790259329
2026-03-18 20:00:00+00:00,2026-03,True,0.16356532411989677
2026-03-19 00:00:00+00:00,2026-03,True,0.055662144669210656
2026-03-19 05:00:00+00:00,2026-03,True,0.11713903745102872
2026-03-19 10:00:00+00:00,2026-03,False,0.0565689675899993
2026-03-19 15:00:00+00:00,2026-03,True,0.14645628791729148
2026-03-19 20:00:00+00:00,2026-03,True,0.15282844990778388
2026-03-20 00:00:00+00:00,2026-03,True,0.10937172886343316
2026-03-20 05:00:00+00:00,2026-03,False,0.09144634285724612
2026-03-20 10:00:00+00:00,2026-03,False,0.06825591895095173
2026-03-20 15:00:00+00:00,2026-03,True,0.0728916371823719
2026-03-20 20:00:00+00:00,2026-03,True,0.0706278073476807
2026-03-23 00:00:00+00:00,2026-03,False,0.11871056618110454
2026-03-23 05:00:00+00:00,2026-03,True,0.1334802278742484
2026-03-23 10:00:00+00:00,2026-03,True,0.1284174985822394
2026-03-23 15:00:00+00:00,2026-03,True,0.07574277777738814
2026-03-23 20:00:00+00:00,2026-03,True,0.03833256585502037
2026-03-24 00:00:00+00:00,2026-03,True,0.04412885106101805
2026-03-24 05:00:00+00:00,2026-03,False,0.041094104684937904
2026-03-24 10:00:00+00:00,2026-03,True,0.08072513958129457
2026-03-24 15:00:00+00:00,2026-03,True,0.058318347173785146
2026-03-24 20:00:00+00:00,2026-03,False,0.10412427900201093
2026-03-25 00:00:00+00:00,2026-03,True,0.06866600730872224
2026-03-25 05:00:00+00:00,2026-03,False,0.0634551855224611
2026-03-25 10:00:00+00:00,2026-03,False,0.038428544520250796
2026-03-25 15:00:00+00:00,2026-03,True,0.05385541749248812
2026-03-25 20:00:00+00:00,2026-03,True,0.08804779707548205
2026-03-26 00:00:00+00:00,2026-03,True,0.05546527013672797
2026-03-26 05:00:00+00:00,2026-03,True,0.06912875731564738
2026-03-26 10:00:00+00:00,2026-03,False,0.05333584122941826
2026-03-26 15:00:00+00:00,2026-03,False,0.05262780199407935
2026-03-26 20:00:00+00:00,2026-03,False,0.08515222710677994
2026-03-27 00:00:00+00:00,2026-03,True,0.040612163716426064
2026-03-27 05:00:00+00:00,2026-03,False,0.04813100668540071
2026-03-27 10:00:00+00:00,2026-03,True,0.07299997065746655
2026-03-27 15:00:00+00:00,2026-03,False,0.040118743859176687
2026-03-27 20:00:00+00:00,2026-03,False,0.06592358753167848
2026-03-30 00:00:00+00:00,2026-03,True,0.05706049242916322
2026-03-30 05:00:00+00:00,2026-03,True,0.041007448642722766
2026-03-30 10:00:00+00:00,2026-03,True,0.05505734517887606
2026-03-30 15:00:00+00:00,2026-03,False,0.042174543056085034
2026-03-30 20:00:00+00:00,2026-03,True,0.14581388875118406
2026-03-31 00:00:00+00:00,2026-03,True,0.05386384638047359
2026-03-31 05:00:00+00:00,2026-03,True,0.06404700595007773
2026-03-31 10:00:00+00:00,2026-03,True,0.046911384175030935
2026-03-31 15:00:00+00:00,2026-03,True,0.037306323048280854
2026-03-31 20:00:00+00:00,2026-03,False,0.10462759400306648
2026-04-01 00:00:00+00:00,2026-04,True,0.13252250954926215
2026-04-01 05:00:00+00:00,2026-04,False,0.07507849523689636
2026-04-01 10:00:00+00:00,2026-04,True,0.18196715824805643
2026-04-01 15:00:00+00:00,2026-04,True,0.09490058270603963
2026-04-01 20:00:00+00:00,2026-04,True,0.11551621103084664
2026-04-02 00:00:00+00:00,2026-04,True,0.042026666897970744
2026-04-02 05:00:00+00:00,2026-04,True,0.13964152951789244
2026-04-02 10:00:00+00:00,2026-04,True,0.15397969699264497
2026-04-02 15:00:00+00:00,2026-04,False,0.08361864523160711
2026-04-02 20:00:00+00:00,2026-04,True,0.09863709319830727
2026-04-03 00:00:00+00:00,2026-04,False,0.07438477622670014
2026-04-03 05:00:00+00:00,2026-04,False,0.04908917185316042
2026-04-03 10:00:00+00:00,2026-04,False,0.03199100609734862
2026-04-03 15:00:00+00:00,2026-04,True,0.032729013066483625
2026-04-03 20:00:00+00:00,2026-04,True,0.10283620469916832
2026-04-06 00:00:00+00:00,2026-04,True,0.10665496238382277
2026-04-06 05:00:00+00:00,2026-04,False,0.06592035583811773
2026-04-06 10:00:00+00:00,2026-04,True,0.06227032837436486
2026-04-06 15:00:00+00:00,2026-04,True,0.06739656817921269
2026-04-06 20:00:00+00:00,2026-04,True,0.11645729938034621
2026-04-07 00:00:00+00:00,2026-04,False,0.049894189529767985
2026-04-07 05:00:00+00:00,2026-04,True,0.04875703150577049
2026-04-07 10:00:00+00:00,2026-04,True,0.053177336220527005
2026-04-07 15:00:00+00:00,2026-04,True,0.06448084004537324
2026-04-07 20:00:00+00:00,2026-04,False,0.06983654495035219
2026-04-08 00:00:00+00:00,2026-04,False,0.07473871061755527
2026-04-08 05:00:00+00:00,2026-04,True,0.07648571702617524
2026-04-08 10:00:00+00:00,2026-04,False,0.14924671582242344
2026-04-08 15:00:00+00:00,2026-04,True,0.10997791375430699
2026-04-08 20:00:00+00:00,2026-04,True,0.08045918797677254
2026-04-09 00:00:00+00:00,2026-04,True,0.04914986583819658
2026-04-09 05:00:00+00:00,2026-04,False,0.0852707721479119
2026-04-09 10:00:00+00:00,2026-04,False,0.06527086600292958
2026-04-09 15:00:00+00:00,2026-04,False,0.07516418109746204
2026-04-09 20:00:00+00:00,2026-04,True,0.07759815244063095
2026-04-10 00:00:00+00:00,2026-04,True,0.03968848279389814
2026-04-10 05:00:00+00:00,2026-04,False,0.06353790289097228
2026-04-10 10:00:00+00:00,2026-04,True,0.043162711827226974
2026-04-10 15:00:00+00:00,2026-04,True,0.07168896578813744
2026-04-10 20:00:00+00:00,2026-04,True,0.12252276210959567
2026-04-13 00:00:00+00:00,2026-04,False,0.07679908353897846
2026-04-13 05:00:00+00:00,2026-04,False,0.08913676356884903
2026-04-13 10:00:00+00:00,2026-04,True,0.05044136944657618
2026-04-13 15:00:00+00:00,2026-04,True,0.06641144017945211
2026-04-13 20:00:00+00:00,2026-04,True,0.09527105215354892
2026-04-14 00:00:00+00:00,2026-04,True,0.154858361396765
2026-04-14 05:00:00+00:00,2026-04,False,0.10299924338811295
2026-04-14 10:00:00+00:00,2026-04,True,0.17950593259543635
2026-04-14 15:00:00+00:00,2026-04,True,0.05993005656771083
2026-04-14 20:00:00+00:00,2026-04,True,0.14287579036167164
2026-04-15 00:00:00+00:00,2026-04,True,0.04671156679843547
2026-04-15 05:00:00+00:00,2026-04,False,0.07475222828964312
2026-04-15 10:00:00+00:00,2026-04,True,0.06450167204145463
2026-04-15 15:00:00+00:00,2026-04,False,0.053194627021262875
2026-04-15 20:00:00+00:00,2026-04,True,0.11143273175177826
2026-04-16 00:00:00+00:00,2026-04,False,0.11845333489206028
2026-04-16 05:00:00+00:00,2026-04,True,0.09911390325009273
2026-04-16 10:00:00+00:00,2026-04,False,0.10046142592271745
2026-04-16 15:00:00+00:00,2026-04,False,0.052645071436856594
2026-04-16 20:00:00+00:00,2026-04,True,0.12107048101874429
2026-04-17 00:00:00+00:00,2026-04,False,0.07182213738871857
2026-04-17 05:00:00+00:00,2026-04,False,0.03802741231661744
2026-04-17 10:00:00+00:00,2026-04,True,0.07466405084583805
2026-04-17 15:00:00+00:00,2026-04,False,0.07945264563969634
2026-04-17 20:00:00+00:00,2026-04,True,0.08422782645162485
2026-04-20 00:00:00+00:00,2026-04,False,0.09605295259816093
2026-04-20 05:00:00+00:00,2026-04,False,0.07649224425949386
2026-04-20 10:00:00+00:00,2026-04,True,0.060349943493451796
2026-04-20 15:00:00+00:00,2026-04,False,0.06914723616722629
2026-04-20 20:00:00+00:00,2026-04,True,0.13865605087183364
2026-04-21 00:00:00+00:00,2026-04,False,0.06632177185917132
2026-04-21 05:00:00+00:00,2026-04,True,0.0695661742144984
2026-04-21 10:00:00+00:00,2026-04,True,0.03279828989927608
2026-04-21 15:00:00+00:00,2026-04,True,0.10967205187420725
2026-04-21 20:00:00+00:00,2026-04,True,0.11792619418863426
2026-04-22 00:00:00+00:00,2026-04,False,0.05070684147978155
2026-04-22 05:00:00+00:00,2026-04,False,0.10625940543448942
2026-04-22 10:00:00+00:00,2026-04,True,0.06996162130839279
2026-04-22 15:00:00+00:00,2026-04,False,0.030331794996162453
2026-04-22 20:00:00+00:00,2026-04,True,0.08807934815301321
2026-04-23 00:00:00+00:00,2026-04,False,0.0693108269948643
2026-04-23 05:00:00+00:00,2026-04,True,0.06675316870485531
2026-04-23 10:00:00+00:00,2026-04,False,0.054953805323453286
2026-04-23 15:00:00+00:00,2026-04,True,0.05130208391251756
2026-04-23 20:00:00+00:00,2026-04,True,0.16796971504415814
2026-04-24 00:00:00+00:00,2026-04,False,0.07251077385562466
2026-04-24 05:00:00+00:00,2026-04,True,0.06534743587747682
2026-04-24 10:00:00+00:00,2026-04,True,0.07627507637356046
2026-04-24 15:00:00+00:00,2026-04,False,0.0816169932479307
2026-04-24 20:00:00+00:00,2026-04,True,0.09771695448132989
2026-04-27 00:00:00+00:00,2026-04,False,0.07207336902421435
2026-04-27 05:00:00+00:00,2026-04,True,0.0893771110336038
2026-04-27 10:00:00+00:00,2026-04,False,0.06941126648054863
2026-04-27 15:00:00+00:00,2026-04,True,0.057764800444488285
2026-04-27 20:00:00+00:00,2026-04,True,0.04906500225454069
2026-04-28 00:00:00+00:00,2026-04,True,0.05636901998910282
2026-04-28 05:00:00+00:00,2026-04,True,0.09603551978682334
2026-04-28 10:00:00+00:00,2026-04,False,0.07040068801201194
2026-04-28 15:00:00+00:00,2026-04,True,0.059997900074386434
2026-04-28 20:00:00+00:00,2026-04,True,0.11363088993059267
2026-04-29 00:00:00+00:00,2026-04,True,0.050027924640998256
2026-04-29 05:00:00+00:00,2026-04,False,0.036402024757475115
2026-04-29 10:00:00+00:00,2026-04,True,0.0627288052167031
2026-04-29 15:00:00+00:00,2026-04,False,0.058996844428498174
2026-04-29 20:00:00+00:00,2026-04,True,0.14281343222033882
2026-04-30 00:00:00+00:00,2026-04,False,0.0642930480665671
2026-04-30 05:00:00+00:00,2026-04,True,0.0924200169268477
2026-04-30 10:00:00+00:00,2026-04,True,0.22131622929502848
2026-04-30 15:00:00+00:00,2026-04,False,0.13115039076112134
2026-04-30 20:00:00+00:00,2026-04,True,0.12063569852608347
2026-05-01 00:00:00+00:00,2026-05,False,0.2875979220137168
2026-05-01 05:00:00+00:00,2026-05,False,0.21040169043708024
2026-05-01 10:00:00+00:00,2026-05,False,0.10406059933755629
2026-05-01 15:00:00+00:00,2026-05,True,0.10117813492720179
2026-05-01 20:00:00+00:00,2026-05,True,0.21193593044149217
2026-05-04 00:00:00+00:00,2026-05,False,0.1246719277594528
2026-05-04 05:00:00+00:00,2026-05,True,0.16708539723297888
2026-05-04 10:00:00+00:00,2026-05,False,0.14222948782972167
2026-05-04 15:00:00+00:00,2026-05,False,0.08088323478118109
2026-05-04 20:00:00+00:00,2026-05,True,0.1184641383452879
2026-05-05 00:00:00+00:00,2026-05,True,0.09557054944282373
2026-05-05 05:00:00+00:00,2026-05,True,0.163257249459817
2026-05-05 10:00:00+00:00,2026-05,True,0.1579094724882113
2026-05-05 15:00:00+00:00,2026-05,True,0.10054346158443106
2026-05-05 20:00:00+00:00,2026-05,False,0.09098984184419168
2026-05-06 00:00:00+00:00,2026-05,True,0.1676317474225183
2026-05-06 05:00:00+00:00,2026-05,False,0.12893518897829276
2026-05-06 10:00:00+00:00,2026-05,True,0.15365814524949817
2026-05-06 15:00:00+00:00,2026-05,True,0.10395287725253799
2026-05-06 20:00:00+00:00,2026-05,True,0.13772712974393786
2026-05-07 00:00:00+00:00,2026-05,True,0.1964037998377045
2026-05-07 05:00:00+00:00,2026-05,True,0.13353372626383475
2026-05-07 10:00:00+00:00,2026-05,False,0.03871840691044692
2026-05-07 15:00:00+00:00,2026-05,False,0.0975852586969882
2026-05-07 20:00:00+00:00,2026-05,True,0.20601018676104066
2026-05-08 00:00:00+00:00,2026-05,True,0.08809160932529558
2026-05-08 05:00:00+00:00,2026-05,True,0.080940540907813
2026-05-08 10:00:00+00:00,2026-05,False,0.17269179646318278
2026-05-08 15:00:00+00:00,2026-05,True,0.05912796187471314
2026-05-08 20:00:00+00:00,2026-05,True,0.11997087895569336
2026-05-11 00:00:00+00:00,2026-05,False,0.16019125822076385
2026-05-11 05:00:00+00:00,2026-05,True,0.11803272398567433
2026-05-11 10:00:00+00:00,2026-05,True,0.15653946372546068
2026-05-11 15:00:00+00:00,2026-05,True,0.07940841651144326
2026-05-11 20:00:00+00:00,2026-05,True,0.1391020759255236
2026-05-12 00:00:00+00:00,2026-05,False,0.06901541108759957
2026-05-12 05:00:00+00:00,2026-05,True,0.12698169497775025
2026-05-12 10:00:00+00:00,2026-05,False,0.06118634795705319
2026-05-12 15:00:00+00:00,2026-05,False,0.08059107018653211
2026-05-12 20:00:00+00:00,2026-05,True,0.11907335854405243
2026-05-13 00:00:00+00:00,2026-05,True,0.1205224924763666
2026-05-13 05:00:00+00:00,2026-05,False,0.10338457914230359
2026-05-13 10:00:00+00:00,2026-05,False,0.043064189551804966
2026-05-13 15:00:00+00:00,2026-05,True,0.05387400356663813
2026-05-13 20:00:00+00:00,2026-05,False,0.062487832943957766
2026-05-14 00:00:00+00:00,2026-05,False,0.10685786350586357
2026-05-14 05:00:00+00:00,2026-05,True,0.09210081406865189
2026-05-14 10:00:00+00:00,2026-05,True,0.09317072884498911
2026-05-14 15:00:00+00:00,2026-05,True,0.07035778161789907
2026-05-14 20:00:00+00:00,2026-05,False,0.20683033031798426
2026-05-15 00:00:00+00:00,2026-05,False,0.1984323055557572
2026-05-15 05:00:00+00:00,2026-05,False,0.19795493373814899
2026-05-15 10:00:00+00:00,2026-05,False,0.16637503867475745
2026-05-15 15:00:00+00:00,2026-05,True,0.14043351617116206
2026-05-15 20:00:00+00:00,2026-05,True,0.22128733345325624
2026-05-18 00:00:00+00:00,2026-05,True,0.21425978610246432
2026-05-18 05:00:00+00:00,2026-05,False,0.08830317820892697
2026-05-18 10:00:00+00:00,2026-05,True,0.1266717233422866
2026-05-18 15:00:00+00:00,2026-05,False,0.1302594477689013
2026-05-18 20:00:00+00:00,2026-05,True,0.18437640842507141
2026-05-19 00:00:00+00:00,2026-05,False,0.10955428043761595
2026-05-19 05:00:00+00:00,2026-05,True,0.13520736174523063
2026-05-19 10:00:00+00:00,2026-05,False,0.06709364121278893
2026-05-19 15:00:00+00:00,2026-05,False,0.08936102432041959
2026-05-19 20:00:00+00:00,2026-05,True,0.16720928509949862
2026-05-20 00:00:00+00:00,2026-05,False,0.06612922826242507
2026-05-20 05:00:00+00:00,2026-05,False,0.09407911717215212
2026-05-20 10:00:00+00:00,2026-05,False,0.07567485049219236
2026-05-20 15:00:00+00:00,2026-05,True,0.11997228515978609
2026-05-20 20:00:00+00:00,2026-05,False,0.18445244430584384
2026-05-21 00:00:00+00:00,2026-05,True,0.06892664836010098
2026-05-21 05:00:00+00:00,2026-05,True,0.10436393867738714
2026-05-21 10:00:00+00:00,2026-05,True,0.08941099867767555
2026-05-21 15:00:00+00:00,2026-05,True,0.15723961084263371
2026-05-21 20:00:00+00:00,2026-05,False,0.1687585807421304
2026-05-22 00:00:00+00:00,2026-05,False,0.08011234598327799
2026-05-22 05:00:00+00:00,2026-05,False,0.06147593027323184
2026-05-22 10:00:00+00:00,2026-05,True,0.0919338712482275
2026-05-22 15:00:00+00:00,2026-05,True,0.09141080821005887
2026-05-22 20:00:00+00:00,2026-05,True,0.22800358855103364
2026-05-25 00:00:00+00:00,2026-05,False,0.09134282229849155
2026-05-25 05:00:00+00:00,2026-05,False,0.10250128901057809
2026-05-25 10:00:00+00:00,2026-05,False,0.08779082724739973
2026-05-25 15:00:00+00:00,2026-05,True,0.1304247509189177
2026-05-25 20:00:00+00:00,2026-05,True,0.0846232473179711
2026-05-26 00:00:00+00:00,2026-05,True,0.12861783285746464
2026-05-26 05:00:00+00:00,2026-05,True,0.08121329730772003
2026-05-26 10:00:00+00:00,2026-05,False,0.11990711809161503
2026-05-26 15:00:00+00:00,2026-05,False,0.08559715990478456
2026-05-26 20:00:00+00:00,2026-05,True,0.10834143739312951
2026-05-27 00:00:00+00:00,2026-05,False,0.06999782728909854
2026-05-27 05:00:00+00:00,2026-05,False,0.11026909545805441
2026-05-27 10:00:00+00:00,2026-05,False,0.07650613483255086
2026-05-27 15:00:00+00:00,2026-05,False,0.15508141733644948
2026-05-27 20:00:00+00:00,2026-05,True,0.14644165776676504
2026-05-28 00:00:00+00:00,2026-05,True,0.09416360389324635
2026-05-28 05:00:00+00:00,2026-05,True,0.06476831135202177
2026-05-28 10:00:00+00:00,2026-05,True,0.10086164219721439
2026-05-28 15:00:00+00:00,2026-05,False,0.1467109562852833
2026-05-28 20:00:00+00:00,2026-05,False,0.17689136385411625
2026-05-29 00:00:00+00:00,2026-05,True,0.13116512123006324
2026-05-29 05:00:00+00:00,2026-05,False,0.10621005274496254
2026-05-29 10:00:00+00:00,2026-05,False,0.14890136495167056
2026-05-29 15:00:00+00:00,2026-05,True,0.10884915895938935
2026-05-29 20:00:00+00:00,2026-05,True,0.16479872003029283
2026-06-01 00:00:00+00:00,2026-06,False,0.06459346011106237
2026-06-01 05:00:00+00:00,2026-06,True,0.11451416060440522
2026-06-01 10:00:00+00:00,2026-06,False,0.0913837903409549
2026-06-01 15:00:00+00:00,2026-06,True,0.11972737875293071
2026-06-01 20:00:00+00:00,2026-06,False,0.1291835999561547
2026-06-02 00:00:00+00:00,2026-06,True,0.08607878353709786
2026-06-02 05:00:00+00:00,2026-06,True,0.06294552579880575
2026-06-02 10:00:00+00:00,2026-06,False,0.05854732538520391
2026-06-02 15:00:00+00:00,2026-06,True,0.06637972762900368
2026-06-02 20:00:00+00:00,2026-06,True,0.1374043827941115
2026-06-03 00:00:00+00:00,2026-06,False,0.06624371633490478
2026-06-03 05:00:00+00:00,2026-06,False,0.10923229930634437
2026-06-03 10:00:00+00:00,2026-06,True,0.07051741898391722
2026-06-03 15:00:00+00:00,2026-06,True,0.10320066496349872
2026-06-03 20:00:00+00:00,2026-06,True,0.21354189037800386
2026-06-04 00:00:00+00:00,2026-06,False,0.08969775241796996
2026-06-04 05:00:00+00:00,2026-06,False,0.07198815191518193
2026-06-04 10:00:00+00:00,2026-06,False,0.04432849939006134
2026-06-04 15:00:00+00:00,2026-06,False,0.0822607029710275
2026-06-04 20:00:00+00:00,2026-06,False,0.07909817594863455
2026-06-05 00:00:00+00:00,2026-06,True,0.08669210317065612
2026-06-05 05:00:00+00:00,2026-06,False,0.06278135406736252
2026-06-05 10:00:00+00:00,2026-06,False,0.140289788585803
2026-06-05 15:00:00+00:00,2026-06,True,0.14322585721687908
2026-06-05 20:00:00+00:00,2026-06,True,0.19648383210170894
2026-06-08 00:00:00+00:00,2026-06,False,0.1709514427547918
2026-06-08 05:00:00+00:00,2026-06,True,0.18425086772166155
2026-06-08 10:00:00+00:00,2026-06,True,0.14535969695840123
2026-06-08 15:00:00+00:00,2026-06,False,0.07136931722388473
2026-06-08 20:00:00+00:00,2026-06,True,0.12535323438352108
2026-06-09 00:00:00+00:00,2026-06,False,0.06310828644245114
2026-06-09 05:00:00+00:00,2026-06,True,0.10646227782810702
2026-06-09 10:00:00+00:00,2026-06,False,0.06630946078702032
2026-06-09 15:00:00+00:00,2026-06,True,0.14689649646736447
2026-06-09 20:00:00+00:00,2026-06,True,0.13426101136686797
2026-06-10 00:00:00+00:00,2026-06,False,0.07805056232825336
2026-06-10 05:00:00+00:00,2026-06,False,0.05071331385968081
2026-06-10 10:00:00+00:00,2026-06,False,0.04099854356556992
2026-06-10 15:00:00+00:00,2026-06,True,0.06076551421066978
2026-06-10 20:00:00+00:00,2026-06,False,0.14363751995020113
2026-06-11 00:00:00+00:00,2026-06,False,0.09518979673133032
2026-06-11 05:00:00+00:00,2026-06,False,0.07360896183502008
2026-06-11 10:00:00+00:00,2026-06,False,0.08181663982126208
2026-06-11 15:00:00+00:00,2026-06,True,0.0395527609182349
2026-06-11 20:00:00+00:00,2026-06,False,0.14504681093381971
2026-06-12 00:00:00+00:00,2026-06,True,0.05447862885331278
