t,sym,dir,score,why,win,month
2025-06-12 05:00:00+00:00,USDJPY,BUY,4.015257607201961,низ диапазона,False,2025-06
2025-06-12 10:00:00+00:00,USDCHF,BUY,4.141979926906861,низ диапазона,True,2025-06
2025-06-12 15:00:00+00:00,USDCAD,BUY,1.7448951638121064,низ диапазона,False,2025-06
2025-06-12 20:00:00+00:00,USDCHF,BUY,3.815331074594486,низ диапазона,False,2025-06
2025-06-13 00:00:00+00:00,AUDUSD,BUY,3.0505387894606013,низ диапазона,True,2025-06
2025-06-13 05:00:00+00:00,NZDUSD,BUY,2.635589580700246,низ диапазона,False,2025-06
2025-06-13 10:00:00+00:00,NZDUSD,BUY,3.916889887365138,низ диапазона,True,2025-06
2025-06-13 15:00:00+00:00,USDCAD,BUY,2.7526487945719396,низ диапазона,True,2025-06
2025-06-16 10:00:00+00:00,NZDUSD,SELL,0.9572072144994674,верх диапазона + тренд вниз,False,2025-06
2025-06-16 15:00:00+00:00,USDCAD,BUY,1.2783623934249935,RSI перепроданность,True,2025-06
2025-06-17 00:00:00+00:00,USDCHF,SELL,1.6740341935751917,верх диапазона + тренд вниз,True,2025-06
2025-06-17 05:00:00+00:00,GBPUSD,BUY,2.299245885847281,низ диапазона,False,2025-06
2025-06-17 15:00:00+00:00,GBPUSD,BUY,2.7071684571762744,низ диапазона,False,2025-06
2025-06-17 20:00:00+00:00,GBPUSD,BUY,3.9226074866425527,низ диапазона,True,2025-06
2025-06-18 00:00:00+00:00,GBPUSD,BUY,4.209196328012264,низ диапазона,True,2025-06
2025-06-18 05:00:00+00:00,GBPUSD,BUY,2.413774599223546,низ диапазона,False,2025-06
2025-06-18 10:00:00+00:00,USDJPY,BUY,3.6431722066621477,низ диапазона,False,2025-06
2025-06-18 15:00:00+00:00,USDJPY,BUY,4.7818852171890605,низ диапазона,True,2025-06
2025-06-19 00:00:00+00:00,GBPUSD,BUY,0.843689720947518,низ диапазона,False,2025-06
2025-06-19 05:00:00+00:00,NZDUSD,BUY,4.662974698135872,низ диапазона,False,2025-06
2025-06-19 10:00:00+00:00,NZDUSD,BUY,3.2443852310086103,низ диапазона,False,2025-06
2025-06-19 15:00:00+00:00,AUDUSD,BUY,1.925772798272887,низ диапазона,True,2025-06
2025-06-19 20:00:00+00:00,USDCHF,BUY,2.830847608778068,низ диапазона,True,2025-06
2025-06-20 00:00:00+00:00,USDCHF,BUY,2.2917350031881525,низ диапазона,True,2025-06
2025-06-20 05:00:00+00:00,USDCAD,BUY,3.2138533646567433,низ диапазона,True,2025-06
2025-06-20 10:00:00+00:00,GBPUSD,SELL,0.9287420204250448,верх диапазона + тренд вниз,True,2025-06
2025-06-20 15:00:00+00:00,NZDUSD,BUY,2.4841213548468817,низ диапазона,True,2025-06
2025-06-20 20:00:00+00:00,AUDUSD,BUY,2.841880373820895,низ диапазона,False,2025-06
2025-06-23 00:00:00+00:00,AUDUSD,BUY,4.035145630189159,низ диапазона,False,2025-06
2025-06-23 05:00:00+00:00,NZDUSD,BUY,3.652334709325729,низ диапазона,False,2025-06
2025-06-23 10:00:00+00:00,NZDUSD,BUY,4.678873538888565,низ диапазона,True,2025-06
2025-06-23 15:00:00+00:00,USDCHF,BUY,2.583849694832482,низ диапазона,False,2025-06
2025-06-23 20:00:00+00:00,USDJPY,BUY,2.9682820205318663,низ диапазона,False,2025-06
2025-06-24 00:00:00+00:00,USDJPY,BUY,5.99560905933106,низ диапазона,False,2025-06
2025-06-24 05:00:00+00:00,USDJPY,BUY,5.491679969246044,низ диапазона,False,2025-06
2025-06-24 10:00:00+00:00,EURJPY,BUY,3.4542569266853818,низ диапазона,False,2025-06
2025-06-24 15:00:00+00:00,EURJPY,BUY,2.253726282268646,RSI перепроданность,False,2025-06
2025-06-24 20:00:00+00:00,USDCHF,BUY,3.254604043597261,низ диапазона,False,2025-06
2025-06-25 00:00:00+00:00,USDCHF,BUY,3.2284764638782995,низ диапазона,True,2025-06
2025-06-25 10:00:00+00:00,USDJPY,SELL,2.200605147098991,верх диапазона + тренд вниз,True,2025-06
2025-06-25 20:00:00+00:00,USDCHF,BUY,1.9769745001383414,низ диапазона,False,2025-06
2025-06-26 00:00:00+00:00,USDJPY,BUY,4.609708097842845,низ диапазона,False,2025-06
2025-06-26 05:00:00+00:00,USDJPY,BUY,4.193998052079453,низ диапазона,False,2025-06
2025-06-26 10:00:00+00:00,USDCAD,BUY,3.5408850416582833,низ диапазона,False,2025-06
2025-06-26 15:00:00+00:00,USDCAD,BUY,4.13040229099373,низ диапазона,True,2025-06
2025-06-26 20:00:00+00:00,USDCAD,BUY,2.2360950007465004,RSI перепроданность,False,2025-06
2025-06-27 05:00:00+00:00,EURUSD,BUY,2.260179316967212,низ диапазона,True,2025-06
2025-06-27 10:00:00+00:00,AUDUSD,BUY,1.8547052866559925,низ диапазона,False,2025-06
2025-06-27 15:00:00+00:00,USDCAD,SELL,1.203165366341396,верх диапазона + тренд вниз,False,2025-06
2025-06-30 05:00:00+00:00,EURJPY,BUY,4.522104909095898,низ диапазона,True,2025-06
2025-06-30 10:00:00+00:00,USDCHF,BUY,2.0767327875944637,низ диапазона,False,2025-06
2025-06-30 15:00:00+00:00,USDCHF,BUY,3.25289928378879,низ диапазона,False,2025-06
2025-06-30 20:00:00+00:00,USDCHF,BUY,3.3859421492142685,низ диапазона,True,2025-06
2025-07-01 00:00:00+00:00,USDCHF,BUY,3.9342500699574954,низ диапазона,True,2025-07
2025-07-01 05:00:00+00:00,USDCHF,BUY,2.3480286534800126,низ диапазона,False,2025-07
2025-07-01 10:00:00+00:00,USDJPY,BUY,2.8005267514277756,низ диапазона,True,2025-07
2025-07-01 15:00:00+00:00,USDCAD,SELL,1.4640157098265858,верх диапазона + тренд вниз,True,2025-07
2025-07-02 10:00:00+00:00,EURUSD,BUY,3.5013397256142116,низ диапазона,True,2025-07
2025-07-02 15:00:00+00:00,USDCAD,BUY,2.9018567311769368,низ диапазона,False,2025-07
2025-07-02 20:00:00+00:00,USDCAD,BUY,4.227553534213055,низ диапазона,False,2025-07
2025-07-03 00:00:00+00:00,USDCAD,BUY,4.545431830482708,низ диапазона,True,2025-07
2025-07-03 10:00:00+00:00,GBPUSD,SELL,0.05935633996187217,верх диапазона + тренд вниз,True,2025-07
2025-07-03 15:00:00+00:00,USDJPY,SELL,1.4696089581099585,RSI перекупленность,True,2025-07
2025-07-04 05:00:00+00:00,USDCHF,BUY,2.0805800712869993,низ диапазона,True,2025-07
2025-07-04 10:00:00+00:00,USDJPY,BUY,2.5721823218572073,низ диапазона,True,2025-07
2025-07-04 15:00:00+00:00,NZDUSD,BUY,2.106598179925556,низ диапазона,True,2025-07
2025-07-07 00:00:00+00:00,NZDUSD,BUY,3.2747022678933533,низ диапазона,False,2025-07
2025-07-07 05:00:00+00:00,NZDUSD,BUY,2.584234725791233,низ диапазона,False,2025-07
2025-07-07 10:00:00+00:00,EURUSD,BUY,3.662136374043384,низ диапазона,True,2025-07
2025-07-07 15:00:00+00:00,USDCHF,SELL,1.252721351170715,RSI перекупленность,False,2025-07
2025-07-07 20:00:00+00:00,AUDUSD,BUY,1.8598596906664204,низ диапазона,True,2025-07
2025-07-08 05:00:00+00:00,AUDUSD,SELL,0.5097702217833193,верх диапазона + тренд вниз,True,2025-07
2025-07-08 10:00:00+00:00,GBPUSD,BUY,2.1726634111221106,низ диапазона,False,2025-07
2025-07-08 20:00:00+00:00,USDCHF,BUY,1.2155888768842305,низ диапазона,True,2025-07
2025-07-09 10:00:00+00:00,EURJPY,BUY,2.2065184318511624,низ диапазона,False,2025-07
2025-07-09 15:00:00+00:00,EURJPY,BUY,1.143570301645985,RSI перепроданность,False,2025-07
2025-07-09 20:00:00+00:00,USDJPY,BUY,3.6916300317975823,низ диапазона,False,2025-07
2025-07-10 00:00:00+00:00,USDJPY,BUY,4.497140048878121,низ диапазона,True,2025-07
2025-07-10 05:00:00+00:00,EURUSD,SELL,1.621697633123281,RSI перекупленность,True,2025-07
2025-07-10 10:00:00+00:00,NZDUSD,SELL,2.78202150282155,верх диапазона + тренд вниз,True,2025-07
2025-07-10 15:00:00+00:00,EURUSD,BUY,2.210094984362332,RSI перепроданность,True,2025-07
2025-07-10 20:00:00+00:00,USDCAD,BUY,1.965753132432946,низ диапазона,True,2025-07
2025-07-11 00:00:00+00:00,EURUSD,BUY,2.617236562154858,низ диапазона,True,2025-07
2025-07-11 05:00:00+00:00,EURUSD,BUY,0.4808505536098041,низ диапазона,True,2025-07
2025-07-11 10:00:00+00:00,GBPUSD,BUY,2.759969971830184,низ диапазона,False,2025-07
2025-07-11 15:00:00+00:00,GBPUSD,BUY,1.5627210831421878,низ диапазона,False,2025-07
2025-07-11 20:00:00+00:00,GBPUSD,BUY,2.025512142736793,низ диапазона,False,2025-07
2025-07-14 00:00:00+00:00,GBPUSD,BUY,1.6788814481132914,низ диапазона,False,2025-07
2025-07-14 05:00:00+00:00,NZDUSD,BUY,3.225956844893238,низ диапазона,True,2025-07
2025-07-14 10:00:00+00:00,USDCAD,BUY,1.9027225278308137,низ диапазона,True,2025-07
2025-07-14 15:00:00+00:00,AUDUSD,BUY,2.987749938323977,низ диапазона,False,2025-07
2025-07-14 20:00:00+00:00,AUDUSD,BUY,2.7759688981953303,низ диапазона,True,2025-07
2025-07-15 00:00:00+00:00,GBPUSD,BUY,2.503694680806279,низ диапазона,True,2025-07
2025-07-15 10:00:00+00:00,NZDUSD,SELL,2.704897048072847,верх диапазона + тренд вниз,True,2025-07
2025-07-15 15:00:00+00:00,EURUSD,BUY,1.8733910700085024,низ диапазона,False,2025-07
2025-07-15 20:00:00+00:00,EURUSD,BUY,3.116290789030107,низ диапазона,True,2025-07
2025-07-16 00:00:00+00:00,EURUSD,BUY,2.77255269737537,низ диапазона,True,2025-07
2025-07-16 10:00:00+00:00,USDJPY,BUY,1.081934910505576,низ диапазона,False,2025-07
2025-07-16 20:00:00+00:00,EURJPY,BUY,2.4042218127678474,низ диапазона,True,2025-07
2025-07-17 05:00:00+00:00,AUDUSD,BUY,1.3737307253150415,низ диапазона,False,2025-07
2025-07-17 10:00:00+00:00,AUDUSD,BUY,3.786354989037904,низ диапазона,True,2025-07
2025-07-17 20:00:00+00:00,GBPUSD,SELL,0.900415456045234,верх диапазона + тренд вниз,False,2025-07
2025-07-18 00:00:00+00:00,AUDUSD,SELL,2.2469207698876206,верх диапазона + тренд вниз,True,2025-07
2025-07-18 05:00:00+00:00,AUDUSD,SELL,0.4140867519615477,верх диапазона + тренд вниз,False,2025-07
2025-07-18 10:00:00+00:00,USDCHF,BUY,4.032190615245361,низ диапазона,False,2025-07
2025-07-18 20:00:00+00:00,GBPUSD,BUY,1.7929253665904945,низ диапазона,True,2025-07
2025-07-21 00:00:00+00:00,EURJPY,BUY,3.848272206416771,низ диапазона,True,2025-07
2025-07-21 10:00:00+00:00,USDJPY,BUY,4.039215899903448,низ диапазона,False,2025-07
2025-07-21 15:00:00+00:00,USDJPY,BUY,4.932404610435049,низ диапазона,True,2025-07
2025-07-21 20:00:00+00:00,USDJPY,BUY,2.3712600079872903,низ диапазона,True,2025-07
2025-07-22 05:00:00+00:00,NZDUSD,BUY,4.151857905527012,низ диапазона,False,2025-07
2025-07-22 15:00:00+00:00,USDCHF,BUY,3.9102727395449906,низ диапазона,False,2025-07
2025-07-22 20:00:00+00:00,USDCAD,BUY,4.1635736758455995,низ диапазона,False,2025-07
2025-07-23 00:00:00+00:00,USDCAD,BUY,4.343988642482858,низ диапазона,True,2025-07
2025-07-23 05:00:00+00:00,USDJPY,SELL,1.1044248141338233,RSI перекупленность,True,2025-07
2025-07-23 10:00:00+00:00,EURJPY,BUY,2.7719920624317345,низ диапазона,True,2025-07
2025-07-23 20:00:00+00:00,USDCHF,BUY,1.16586383457134,низ диапазона,True,2025-07
2025-07-24 05:00:00+00:00,USDJPY,BUY,2.028685904619602,низ диапазона,True,2025-07
2025-07-24 10:00:00+00:00,GBPUSD,BUY,3.7060121309708283,низ диапазона,False,2025-07
2025-07-24 15:00:00+00:00,GBPUSD,BUY,3.8524572496242637,низ диапазона,False,2025-07
2025-07-24 20:00:00+00:00,GBPUSD,BUY,3.333300244344288,низ диапазона,False,2025-07
2025-07-25 00:00:00+00:00,GBPUSD,BUY,1.850540824740339,низ диапазона,False,2025-07
2025-07-25 10:00:00+00:00,EURUSD,BUY,3.161698669347408,низ диапазона,True,2025-07
2025-07-25 15:00:00+00:00,AUDUSD,BUY,3.57226218571747,низ диапазона,True,2025-07
2025-07-25 20:00:00+00:00,GBPUSD,BUY,1.66204585971599,RSI перепроданность,True,2025-07
2025-07-28 00:00:00+00:00,USDCHF,BUY,1.1688298426951123,низ диапазона,True,2025-07
2025-07-28 10:00:00+00:00,EURUSD,BUY,4.176915431353688,низ диапазона,False,2025-07
2025-07-28 15:00:00+00:00,EURJPY,BUY,5.30265780302235,низ диапазона,False,2025-07
2025-07-28 20:00:00+00:00,EURJPY,BUY,5.325382895314172,низ диапазона,True,2025-07
2025-07-29 00:00:00+00:00,EURUSD,BUY,3.9932806290128315,низ диапазона,False,2025-07
2025-07-29 05:00:00+00:00,EURJPY,BUY,3.3284897061435563,низ диапазона,True,2025-07
2025-07-29 15:00:00+00:00,EURUSD,BUY,1.5516676197681563,низ диапазона,True,2025-07
2025-07-30 00:00:00+00:00,USDJPY,BUY,3.334439669318172,низ диапазона,False,2025-07
2025-07-30 05:00:00+00:00,USDJPY,BUY,2.2107124428614893,низ диапазона,True,2025-07
2025-07-30 10:00:00+00:00,AUDUSD,BUY,2.6518482957164844,низ диапазона,False,2025-07
2025-07-30 15:00:00+00:00,AUDUSD,BUY,4.491531977157741,низ диапазона,False,2025-07
2025-07-30 20:00:00+00:00,EURUSD,BUY,4.340690184741023,низ диапазона,True,2025-07
2025-07-31 00:00:00+00:00,GBPUSD,BUY,2.398036073991813,низ диапазона,True,2025-07
2025-07-31 10:00:00+00:00,EURJPY,SELL,1.4467036529603428,верх диапазона + тренд вниз,False,2025-07
2025-07-31 15:00:00+00:00,AUDUSD,BUY,2.378410467238595,низ диапазона,False,2025-07
2025-07-31 20:00:00+00:00,AUDUSD,BUY,3.679990945940194,низ диапазона,True,2025-07
2025-08-01 00:00:00+00:00,EURJPY,SELL,1.560397933769376,верх диапазона + тренд вниз,True,2025-08
2025-08-01 05:00:00+00:00,NZDUSD,BUY,1.1203249996309355,низ диапазона,False,2025-08
2025-08-01 10:00:00+00:00,EURJPY,BUY,2.647384839818244,низ диапазона,False,2025-08
2025-08-01 15:00:00+00:00,USDJPY,BUY,3.9233374595221893,низ диапазона,False,2025-08
2025-08-01 20:00:00+00:00,USDJPY,BUY,5.316724197533399,низ диапазона,True,2025-08
2025-08-04 00:00:00+00:00,USDJPY,BUY,3.893916553953277,низ диапазона,True,2025-08
2025-08-04 05:00:00+00:00,USDJPY,BUY,0.9204046611974219,низ диапазона,False,2025-08
2025-08-04 10:00:00+00:00,GBPUSD,SELL,0.415771304559087,верх диапазона + тренд вниз,True,2025-08
2025-08-04 15:00:00+00:00,EURJPY,BUY,3.5572724908063202,низ диапазона,False,2025-08
2025-08-04 20:00:00+00:00,EURJPY,BUY,1.9761881348110506,низ диапазона,False,2025-08
2025-08-05 00:00:00+00:00,EURJPY,BUY,3.365029183317943,низ диапазона,False,2025-08
2025-08-05 05:00:00+00:00,EURUSD,BUY,2.079454718366089,низ диапазона,False,2025-08
2025-08-05 10:00:00+00:00,USDJPY,SELL,0.7108136217892259,верх диапазона + тренд вниз,True,2025-08
2025-08-05 15:00:00+00:00,EURJPY,SELL,2.4997471503102577,верх диапазона + тренд вниз,False,2025-08
2025-08-05 20:00:00+00:00,EURJPY,SELL,2.3190779570165914,верх диапазона + тренд вниз,True,2025-08
2025-08-06 00:00:00+00:00,USDCHF,BUY,1.7647822430248308,RSI перепроданность,False,2025-08
2025-08-06 05:00:00+00:00,USDCAD,BUY,1.1123019377015464,низ диапазона,False,2025-08
2025-08-06 10:00:00+00:00,USDCAD,BUY,3.3389695104463977,низ диапазона,False,2025-08
2025-08-06 15:00:00+00:00,USDCHF,BUY,2.9928017959732744,низ диапазона,True,2025-08
2025-08-06 20:00:00+00:00,EURJPY,SELL,2.243150197974318,RSI перекупленность,False,2025-08
2025-08-07 15:00:00+00:00,AUDUSD,BUY,0.8715728307700241,низ диапазона,True,2025-08
2025-08-08 10:00:00+00:00,USDJPY,SELL,1.6256746457618614,верх диапазона + тренд вниз,True,2025-08
2025-08-11 00:00:00+00:00,NZDUSD,BUY,2.2121561438765855,низ диапазона,True,2025-08
2025-08-11 05:00:00+00:00,USDCHF,BUY,2.412266846984881,низ диапазона,True,2025-08
2025-08-11 10:00:00+00:00,NZDUSD,BUY,1.3966474260976594,низ диапазона,False,2025-08
2025-08-11 15:00:00+00:00,EURUSD,BUY,2.151149965211717,низ диапазона,True,2025-08
2025-08-12 05:00:00+00:00,AUDUSD,BUY,2.3791629601747384,низ диапазона,False,2025-08
2025-08-12 10:00:00+00:00,AUDUSD,BUY,3.620261502945535,низ диапазона,True,2025-08
2025-08-12 20:00:00+00:00,USDCHF,BUY,3.453943362161926,низ диапазона,True,2025-08
2025-08-13 00:00:00+00:00,USDCHF,BUY,3.5520931389063897,низ диапазона,True,2025-08
2025-08-13 05:00:00+00:00,USDCHF,BUY,1.885713891569805,низ диапазона,False,2025-08
2025-08-13 10:00:00+00:00,USDCAD,BUY,1.4410248278723137,низ диапазона,True,2025-08
2025-08-13 15:00:00+00:00,USDJPY,BUY,2.295557348808876,низ диапазона,True,2025-08
2025-08-14 00:00:00+00:00,EURJPY,BUY,4.213033843834233,низ диапазона,False,2025-08
2025-08-14 05:00:00+00:00,EURJPY,BUY,4.263728478274239,низ диапазона,False,2025-08
2025-08-14 10:00:00+00:00,NZDUSD,BUY,3.453958808267469,низ диапазона,False,2025-08
2025-08-14 15:00:00+00:00,NZDUSD,BUY,4.853434956876848,низ диапазона,True,2025-08
2025-08-14 20:00:00+00:00,AUDUSD,BUY,2.785366494102448,низ диапазона,True,2025-08
2025-08-15 00:00:00+00:00,GBPUSD,BUY,2.116183945460632,низ диапазона,True,2025-08
2025-08-15 05:00:00+00:00,USDJPY,BUY,1.5756258849757483,RSI перепроданность,False,2025-08
2025-08-15 10:00:00+00:00,USDCAD,BUY,3.640102516325917,низ диапазона,True,2025-08
2025-08-18 00:00:00+00:00,USDJPY,SELL,1.8025958679237055,верх диапазона + тренд вниз,True,2025-08
2025-08-18 10:00:00+00:00,GBPUSD,BUY,1.9696392010118597,низ диапазона,False,2025-08
2025-08-18 15:00:00+00:00,EURUSD,BUY,3.2183336987777773,низ диапазона,False,2025-08
2025-08-18 20:00:00+00:00,GBPUSD,BUY,4.34623780647157,низ диапазона,False,2025-08
2025-08-19 00:00:00+00:00,GBPUSD,BUY,4.103430692212363,низ диапазона,False,2025-08
2025-08-19 05:00:00+00:00,AUDUSD,BUY,2.906033891225872,низ диапазона,True,2025-08
2025-08-19 10:00:00+00:00,USDCHF,BUY,3.0951368435189903,низ диапазона,True,2025-08
2025-08-19 15:00:00+00:00,AUDUSD,BUY,3.3226300955523476,низ диапазона,False,2025-08
2025-08-19 20:00:00+00:00,NZDUSD,BUY,3.7314302989823096,низ диапазона,False,2025-08
2025-08-20 00:00:00+00:00,EURUSD,BUY,4.137829145148693,низ диапазона,False,2025-08
2025-08-20 05:00:00+00:00,NZDUSD,BUY,3.3729060348583144,низ диапазона,False,2025-08
2025-08-20 10:00:00+00:00,NZDUSD,BUY,3.184263785922071,низ диапазона,False,2025-08
2025-08-20 15:00:00+00:00,USDCHF,BUY,3.4417964107620964,низ диапазона,False,2025-08
2025-08-20 20:00:00+00:00,USDCHF,BUY,2.5371509662351404,низ диапазона,True,2025-08
2025-08-21 00:00:00+00:00,GBPUSD,BUY,1.708065616244722,низ диапазона,False,2025-08
2025-08-21 10:00:00+00:00,USDJPY,SELL,2.291120749328039,верх диапазона + тренд вниз,False,2025-08
2025-08-21 15:00:00+00:00,GBPUSD,BUY,2.7801448513850753,низ диапазона,False,2025-08
2025-08-21 20:00:00+00:00,GBPUSD,BUY,1.9194351849688507,низ диапазона,False,2025-08
2025-08-22 00:00:00+00:00,GBPUSD,BUY,2.4921549012170363,низ диапазона,False,2025-08
2025-08-22 05:00:00+00:00,NZDUSD,BUY,2.9126682447496632,низ диапазона,True,2025-08
2025-08-22 10:00:00+00:00,NZDUSD,BUY,1.312104923749416,низ диапазона,True,2025-08
2025-08-22 15:00:00+00:00,USDJPY,BUY,3.650486335645371,низ диапазона,True,2025-08
2025-08-22 20:00:00+00:00,USDCHF,BUY,3.7820279717580085,низ диапазона,True,2025-08
2025-08-25 00:00:00+00:00,NZDUSD,SELL,1.8788803019992866,RSI перекупленность,False,2025-08
2025-08-25 15:00:00+00:00,EURUSD,BUY,2.574310230372123,низ диапазона,False,2025-08
2025-08-25 20:00:00+00:00,EURUSD,BUY,3.62135185448059,низ диапазона,True,2025-08
2025-08-26 00:00:00+00:00,EURJPY,BUY,3.7364223615874406,низ диапазона,True,2025-08
2025-08-26 15:00:00+00:00,USDCAD,BUY,2.4288123623255533,низ диапазона,True,2025-08
2025-08-26 20:00:00+00:00,USDCHF,BUY,3.1502954618307886,низ диапазона,True,2025-08
2025-08-27 05:00:00+00:00,NZDUSD,BUY,3.2253740247748173,низ диапазона,False,2025-08
2025-08-27 10:00:00+00:00,NZDUSD,BUY,4.637494624419636,низ диапазона,True,2025-08
2025-08-27 20:00:00+00:00,USDCHF,BUY,2.7596053900187076,низ диапазона,False,2025-08
2025-08-28 00:00:00+00:00,USDCHF,BUY,4.320402335607393,низ диапазона,False,2025-08
2025-08-28 05:00:00+00:00,USDJPY,BUY,2.920812494770991,низ диапазона,False,2025-08
2025-08-28 10:00:00+00:00,USDCHF,BUY,3.53595081843312,низ диапазона,True,2025-08
2025-08-28 15:00:00+00:00,USDCAD,BUY,2.1431427151992417,низ диапазона,False,2025-08
2025-08-28 20:00:00+00:00,USDCAD,BUY,1.317618493601092,RSI перепроданность,False,2025-08
2025-08-29 00:00:00+00:00,USDCAD,BUY,0.8109926311093631,низ диапазона,True,2025-08
2025-08-29 10:00:00+00:00,GBPUSD,BUY,4.0687497429156565,низ диапазона,True,2025-08
2025-08-29 15:00:00+00:00,USDCAD,BUY,1.895670320086987,низ диапазона,True,2025-08
2025-09-01 00:00:00+00:00,EURJPY,SELL,1.5808460100559318,верх диапазона + тренд вниз,True,2025-09
2025-09-01 15:00:00+00:00,USDCAD,SELL,0.17815434262242008,верх диапазона + тренд вниз,True,2025-09
2025-09-02 00:00:00+00:00,EURUSD,BUY,1.734333166924858,низ диапазона,False,2025-09
2025-09-02 05:00:00+00:00,GBPUSD,BUY,3.908349788489253,низ диапазона,False,2025-09
2025-09-02 10:00:00+00:00,GBPUSD,BUY,4.82547510756319,низ диапазона,True,2025-09
2025-09-02 15:00:00+00:00,GBPUSD,BUY,1.4741212694215982,RSI перепроданность,True,2025-09
2025-09-02 20:00:00+00:00,GBPUSD,BUY,1.149353472139632,RSI перепроданность,False,2025-09
2025-09-03 15:00:00+00:00,USDJPY,BUY,3.761820841157631,низ диапазона,True,2025-09
2025-09-03 20:00:00+00:00,USDJPY,BUY,1.9583450903691382,низ диапазона,False,2025-09
2025-09-04 00:00:00+00:00,EURJPY,BUY,2.9725617830597475,низ диапазона,True,2025-09
2025-09-04 05:00:00+00:00,AUDUSD,BUY,4.141512449458857,низ диапазона,False,2025-09
2025-09-04 10:00:00+00:00,AUDUSD,BUY,3.7866667766082376,низ диапазона,False,2025-09
2025-09-04 15:00:00+00:00,NZDUSD,BUY,4.234291960417072,низ диапазона,True,2025-09
2025-09-05 00:00:00+00:00,USDCAD,BUY,1.154273412017216,низ диапазона,False,2025-09
2025-09-05 05:00:00+00:00,USDCAD,BUY,3.5170419140213784,низ диапазона,False,2025-09
2025-09-05 10:00:00+00:00,USDCHF,BUY,3.2091815911962747,низ диапазона,False,2025-09
2025-09-05 15:00:00+00:00,USDJPY,BUY,4.930788052418515,низ диапазона,True,2025-09
2025-09-05 20:00:00+00:00,USDCHF,BUY,1.5495856722801378,RSI перепроданность,True,2025-09
2025-09-08 10:00:00+00:00,USDCAD,BUY,3.2149933166232136,низ диапазона,True,2025-09
2025-09-08 15:00:00+00:00,USDCHF,BUY,3.626481955109959,низ диапазона,False,2025-09
2025-09-08 20:00:00+00:00,USDCHF,BUY,3.3506923326361306,низ диапазона,False,2025-09
2025-09-09 00:00:00+00:00,USDCHF,BUY,2.6876259151458965,низ диапазона,False,2025-09
2025-09-09 05:00:00+00:00,EURJPY,BUY,4.079267004209679,низ диапазона,False,2025-09
2025-09-09 10:00:00+00:00,EURJPY,BUY,5.32073895628629,низ диапазона,True,2025-09
2025-09-09 15:00:00+00:00,EURUSD,BUY,2.914712697550964,низ диапазона,False,2025-09
2025-09-09 20:00:00+00:00,EURUSD,BUY,3.879498049123862,низ диапазона,False,2025-09
2025-09-10 00:00:00+00:00,EURUSD,BUY,4.62971519211288,низ диапазона,True,2025-09
2025-09-10 05:00:00+00:00,USDJPY,SELL,0.3353816199666664,верх диапазона + тренд вниз,False,2025-09
2025-09-10 20:00:00+00:00,EURJPY,BUY,0.7472089581537444,низ диапазона,False,2025-09
2025-09-11 05:00:00+00:00,GBPUSD,BUY,4.125188452827638,низ диапазона,False,2025-09
2025-09-11 10:00:00+00:00,USDJPY,SELL,2.3099780429296084,верх диапазона + тренд вниз,True,2025-09
2025-09-11 15:00:00+00:00,USDCAD,BUY,2.933143879871062,низ диапазона,False,2025-09
2025-09-11 20:00:00+00:00,USDCHF,BUY,3.253320444162911,низ диапазона,True,2025-09
2025-09-12 00:00:00+00:00,USDCHF,BUY,1.858965361431304,RSI перепроданность,True,2025-09
2025-09-12 10:00:00+00:00,NZDUSD,BUY,2.7084689202674865,низ диапазона,False,2025-09
2025-09-12 15:00:00+00:00,AUDUSD,BUY,2.9222982001473694,низ диапазона,True,2025-09
2025-09-15 10:00:00+00:00,USDCAD,BUY,2.579470563536268,низ диапазона,False,2025-09
2025-09-15 15:00:00+00:00,USDCHF,BUY,3.7736153989762005,низ диапазона,True,2025-09
2025-09-15 20:00:00+00:00,USDCAD,BUY,2.6934836707117293,низ диапазона,False,2025-09
2025-09-16 00:00:00+00:00,USDCAD,BUY,1.3605527914758717,RSI перепроданность,False,2025-09
2025-09-16 05:00:00+00:00,USDCAD,BUY,2.5278064386346344,низ диапазона,False,2025-09
2025-09-16 10:00:00+00:00,USDCHF,BUY,3.8433646592841457,низ диапазона,False,2025-09
2025-09-16 15:00:00+00:00,USDCHF,BUY,4.580862092784499,низ диапазона,False,2025-09
2025-09-16 20:00:00+00:00,USDCHF,BUY,4.818403065587307,низ диапазона,True,2025-09
2025-09-17 00:00:00+00:00,USDCHF,BUY,2.166694037566124,низ диапазона,True,2025-09
2025-09-17 10:00:00+00:00,EURJPY,BUY,3.7203973339536773,низ диапазона,True,2025-09
2025-09-17 15:00:00+00:00,AUDUSD,BUY,2.5430832345850702,низ диапазона,False,2025-09
2025-09-17 20:00:00+00:00,EURUSD,BUY,3.3906584352900917,низ диапазона,True,2025-09
2025-09-18 00:00:00+00:00,NZDUSD,BUY,4.064949278226338,низ диапазона,False,2025-09
2025-09-18 05:00:00+00:00,GBPUSD,BUY,4.193290718434622,низ диапазона,True,2025-09
2025-09-18 10:00:00+00:00,NZDUSD,BUY,2.37186201153289,низ диапазона,False,2025-09
2025-09-18 15:00:00+00:00,NZDUSD,BUY,2.738539659653104,низ диапазона,True,2025-09
2025-09-18 20:00:00+00:00,GBPUSD,BUY,1.7322754764044384,низ диапазона,False,2025-09
2025-09-19 00:00:00+00:00,GBPUSD,BUY,4.155128561685048,низ диапазона,False,2025-09
2025-09-19 05:00:00+00:00,EURJPY,BUY,2.885517124494381,низ диапазона,True,2025-09
2025-09-19 10:00:00+00:00,GBPUSD,BUY,1.9982587228143345,низ диапазона,False,2025-09
2025-09-19 15:00:00+00:00,USDCAD,BUY,2.3498307768720688,низ диапазона,True,2025-09
2025-09-19 20:00:00+00:00,GBPUSD,BUY,1.9593246121660786,низ диапазона,False,2025-09
2025-09-22 00:00:00+00:00,NZDUSD,BUY,3.860344942183233,низ диапазона,True,2025-09
2025-09-22 05:00:00+00:00,EURUSD,BUY,1.1707492795389047,RSI перепроданность,True,2025-09
2025-09-22 10:00:00+00:00,USDCHF,BUY,2.343967392432305,низ диапазона,False,2025-09
2025-09-22 15:00:00+00:00,USDCHF,BUY,2.865300879833497,низ диапазона,False,2025-09
2025-09-22 20:00:00+00:00,USDJPY,BUY,3.5558776807519594,низ диапазона,False,2025-09
2025-09-23 00:00:00+00:00,USDJPY,BUY,3.452765803881321,низ диапазона,True,2025-09
2025-09-24 05:00:00+00:00,AUDUSD,SELL,1.1610054025814511,верх диапазона + тренд вниз,True,2025-09
2025-09-24 10:00:00+00:00,EURUSD,BUY,5.254230786898801,низ диапазона,False,2025-09
2025-09-24 15:00:00+00:00,NZDUSD,BUY,4.168393779726861,низ диапазона,True,2025-09
2025-09-24 20:00:00+00:00,EURUSD,BUY,3.4974191576736153,низ диапазона,True,2025-09
2025-09-25 00:00:00+00:00,NZDUSD,BUY,3.0406274381090306,низ диапазона,True,2025-09
2025-09-25 15:00:00+00:00,GBPUSD,BUY,3.5867670444743585,низ диапазона,False,2025-09
2025-09-25 20:00:00+00:00,GBPUSD,BUY,3.396595032630603,низ диапазона,False,2025-09
2025-09-26 00:00:00+00:00,NZDUSD,BUY,3.2746355625598693,низ диапазона,True,2025-09
2025-09-26 05:00:00+00:00,NZDUSD,BUY,1.105756020111916,низ диапазона,False,2025-09
2025-09-26 10:00:00+00:00,AUDUSD,BUY,2.6856266868976553,низ диапазона,True,2025-09
2025-09-26 15:00:00+00:00,USDJPY,BUY,1.5022268736579216,низ диапазона,False,2025-09
2025-09-26 20:00:00+00:00,USDCHF,BUY,2.0612045048528054,низ диапазона,False,2025-09
2025-09-29 00:00:00+00:00,USDCHF,BUY,4.253886698792348,низ диапазона,False,2025-09
2025-09-29 05:00:00+00:00,USDJPY,BUY,4.965122574082537,низ диапазона,False,2025-09
2025-09-29 10:00:00+00:00,USDJPY,BUY,3.246424067673507,низ диапазона,False,2025-09
2025-09-29 15:00:00+00:00,USDJPY,BUY,3.306886239860649,низ диапазона,True,2025-09
2025-09-29 20:00:00+00:00,USDJPY,BUY,2.1486232573599846,низ диапазона,True,2025-09
2025-09-30 00:00:00+00:00,AUDUSD,SELL,1.0532857419954387,верх диапазона + тренд вниз,False,2025-09
2025-09-30 05:00:00+00:00,USDJPY,BUY,2.55671092954314,низ диапазона,False,2025-09
2025-09-30 10:00:00+00:00,USDJPY,BUY,1.677629804938514,низ диапазона,False,2025-09
2025-09-30 15:00:00+00:00,EURJPY,BUY,1.3352123627174652,RSI перепроданность,False,2025-09
2025-09-30 20:00:00+00:00,EURJPY,BUY,1.9290214846308684,низ диапазона,True,2025-09
2025-10-01 05:00:00+00:00,EURJPY,BUY,2.4008232713413076,низ диапазона,False,2025-10
2025-10-01 10:00:00+00:00,EURJPY,BUY,3.743777036595109,низ диапазона,True,2025-10
2025-10-01 15:00:00+00:00,EURJPY,BUY,3.795709403924164,низ диапазона,True,2025-10
2025-10-01 20:00:00+00:00,EURJPY,BUY,2.906570631013814,низ диапазона,True,2025-10
2025-10-02 05:00:00+00:00,NZDUSD,SELL,1.2786779453354704,верх диапазона + тренд вниз,True,2025-10
2025-10-02 10:00:00+00:00,USDCHF,BUY,3.1682129734439126,низ диапазона,True,2025-10
2025-10-02 15:00:00+00:00,AUDUSD,BUY,3.5213604875411084,низ диапазона,True,2025-10
2025-10-03 00:00:00+00:00,USDJPY,SELL,1.364738143659972,RSI перекупленность,False,2025-10
2025-10-03 05:00:00+00:00,EURJPY,SELL,3.035020434756879,верх диапазона + тренд вниз,True,2025-10
2025-10-03 10:00:00+00:00,USDCHF,BUY,1.388807664809345,низ диапазона,False,2025-10
2025-10-03 15:00:00+00:00,USDCAD,BUY,3.2230888436425715,низ диапазона,True,2025-10
2025-10-03 20:00:00+00:00,USDCHF,BUY,2.63144604482477,низ диапазона,True,2025-10
2025-10-06 00:00:00+00:00,USDJPY,SELL,3.1656564615189517,верх диапазона + тренд вниз,False,2025-10
2025-10-06 05:00:00+00:00,EURUSD,BUY,1.2684144554551124,низ диапазона,False,2025-10
2025-10-06 10:00:00+00:00,EURUSD,BUY,3.3708596239462776,низ диапазона,True,2025-10
2025-10-06 20:00:00+00:00,USDCHF,BUY,3.468824433424331,низ диапазона,True,2025-10
2025-10-07 00:00:00+00:00,USDCHF,BUY,1.4181953650891526,RSI перепроданность,True,2025-10
2025-10-07 10:00:00+00:00,GBPUSD,BUY,4.841549754378016,низ диапазона,True,2025-10
2025-10-07 15:00:00+00:00,AUDUSD,BUY,3.281639947755329,низ диапазона,False,2025-10
2025-10-07 20:00:00+00:00,AUDUSD,BUY,2.5923203786668916,низ диапазона,False,2025-10
2025-10-08 00:00:00+00:00,AUDUSD,BUY,2.8945109860642653,низ диапазона,False,2025-10
2025-10-08 05:00:00+00:00,NZDUSD,BUY,5.039883805652491,низ диапазона,True,2025-10
2025-10-08 15:00:00+00:00,EURUSD,BUY,1.8476102441630173,низ диапазона,True,2025-10
2025-10-08 20:00:00+00:00,NZDUSD,SELL,3.2390647698798776,верх диапазона + тренд вниз,False,2025-10
2025-10-09 00:00:00+00:00,NZDUSD,SELL,1.4114598575833686,верх диапазона + тренд вниз,False,2025-10
2025-10-09 05:00:00+00:00,EURUSD,SELL,1.6818352743994165,RSI перекупленность,True,2025-10
2025-10-09 10:00:00+00:00,USDCHF,BUY,1.768576079982034,низ диапазона,True,2025-10
2025-10-09 15:00:00+00:00,EURUSD,BUY,3.4034890248851233,низ диапазона,True,2025-10
2025-10-09 20:00:00+00:00,EURJPY,BUY,1.6175172734134584,RSI перепроданность,False,2025-10
2025-10-10 00:00:00+00:00,EURJPY,BUY,2.256449549879627,низ диапазона,False,2025-10
2025-10-10 10:00:00+00:00,GBPUSD,BUY,3.1330312008302363,низ диапазона,True,2025-10
2025-10-10 15:00:00+00:00,AUDUSD,BUY,4.025939469102442,низ диапазона,False,2025-10
2025-10-10 20:00:00+00:00,AUDUSD,BUY,4.653759948851752,низ диапазона,True,2025-10
2025-10-13 00:00:00+00:00,GBPUSD,SELL,0.9141537925845112,верх диапазона + тренд вниз,True,2025-10
2025-10-14 00:00:00+00:00,EURUSD,BUY,2.0547796843556947,низ диапазона,True,2025-10
2025-10-14 05:00:00+00:00,NZDUSD,BUY,3.5601519377457262,низ диапазона,False,2025-10
2025-10-14 10:00:00+00:00,AUDUSD,BUY,4.161905939053552,низ диапазона,True,2025-10
2025-10-14 15:00:00+00:00,USDCHF,BUY,3.0452560732929794,низ диапазона,False,2025-10
2025-10-14 20:00:00+00:00,USDCHF,BUY,2.447912638819874,низ диапазона,False,2025-10
2025-10-15 00:00:00+00:00,EURUSD,SELL,2.625960774019926,верх диапазона + тренд вниз,False,2025-10
2025-10-15 05:00:00+00:00,GBPUSD,SELL,2.1891166399561195,верх диапазона + тренд вниз,False,2025-10
2025-10-15 10:00:00+00:00,AUDUSD,SELL,3.0282425581614443,верх диапазона + тренд вниз,True,2025-10
2025-10-15 15:00:00+00:00,USDCHF,BUY,1.5681723721000527,RSI перепроданность,False,2025-10
2025-10-15 20:00:00+00:00,USDCHF,BUY,2.0692549896461756,низ диапазона,False,2025-10
2025-10-16 00:00:00+00:00,USDCHF,BUY,3.7932334939275067,низ диапазона,True,2025-10
2025-10-16 20:00:00+00:00,USDJPY,BUY,2.587479230913213,низ диапазона,False,2025-10
2025-10-17 00:00:00+00:00,USDCHF,BUY,3.480811808870143,низ диапазона,False,2025-10
2025-10-17 05:00:00+00:00,USDCHF,BUY,5.23968874584677,низ диапазона,True,2025-10
2025-10-17 10:00:00+00:00,USDCAD,BUY,2.1270530402577035,низ диапазона,True,2025-10
2025-10-17 20:00:00+00:00,EURUSD,BUY,4.554205468997468,низ диапазона,True,2025-10
2025-10-20 00:00:00+00:00,EURJPY,SELL,2.758456319075205,верх диапазона + тренд вниз,True,2025-10
2025-10-20 05:00:00+00:00,USDCAD,BUY,1.7344236760124598,RSI перепроданность,True,2025-10
2025-10-20 10:00:00+00:00,EURUSD,BUY,1.676240828536087,низ диапазона,True,2025-10
2025-10-20 15:00:00+00:00,NZDUSD,SELL,0.9639426513473284,верх диапазона + тренд вниз,True,2025-10
2025-10-20 20:00:00+00:00,EURUSD,BUY,2.7075970148168924,низ диапазона,True,2025-10
2025-10-21 00:00:00+00:00,AUDUSD,SELL,2.9848227731607464,верх диапазона + тренд вниз,True,2025-10
2025-10-21 05:00:00+00:00,GBPUSD,BUY,4.071678960552885,низ диапазона,True,2025-10
2025-10-21 10:00:00+00:00,NZDUSD,BUY,2.5774551074610965,низ диапазона,True,2025-10
2025-10-21 15:00:00+00:00,USDCAD,BUY,2.6841130375396616,низ диапазона,True,2025-10
2025-10-21 20:00:00+00:00,EURUSD,BUY,3.553239947123295,низ диапазона,True,2025-10
2025-10-22 00:00:00+00:00,EURJPY,BUY,1.0760367801177768,RSI перепроданность,True,2025-10
2025-10-22 05:00:00+00:00,USDCAD,BUY,2.4466427012521317,низ диапазона,True,2025-10
2025-10-22 10:00:00+00:00,GBPUSD,BUY,3.244344986978401,низ диапазона,True,2025-10
2025-10-22 15:00:00+00:00,USDCAD,BUY,2.006692992418121,низ диапазона,True,2025-10
2025-10-22 20:00:00+00:00,NZDUSD,BUY,2.5680948373826387,низ диапазона,False,2025-10
2025-10-23 10:00:00+00:00,EURUSD,BUY,2.9039889305924858,низ диапазона,True,2025-10
2025-10-23 15:00:00+00:00,AUDUSD,SELL,1.7517041932775563,верх диапазона + тренд вниз,True,2025-10
2025-10-23 20:00:00+00:00,USDCHF,BUY,3.638964232032043,низ диапазона,True,2025-10
2025-10-24 00:00:00+00:00,USDCHF,BUY,3.4601752864809923,низ диапазона,True,2025-10
2025-10-24 05:00:00+00:00,AUDUSD,BUY,2.105596576596015,низ диапазона,False,2025-10
2025-10-24 10:00:00+00:00,AUDUSD,BUY,1.9405026331693003,низ диапазона,True,2025-10
2025-10-24 15:00:00+00:00,GBPUSD,BUY,1.6434466939932921,низ диапазона,True,2025-10
2025-10-24 20:00:00+00:00,USDCAD,BUY,1.8718899894312508,низ диапазона,False,2025-10
2025-10-27 00:00:00+00:00,USDCAD,BUY,2.9687132203279907,низ диапазона,False,2025-10
2025-10-27 05:00:00+00:00,USDCAD,BUY,2.657714328867413,низ диапазона,False,2025-10
2025-10-27 10:00:00+00:00,USDCAD,BUY,1.482731266121988,низ диапазона,True,2025-10
2025-10-28 00:00:00+00:00,USDCHF,BUY,2.014592665183004,низ диапазона,False,2025-10
2025-10-28 05:00:00+00:00,EURJPY,BUY,4.174306477300955,низ диапазона,False,2025-10
2025-10-28 10:00:00+00:00,USDJPY,BUY,3.9259629718182216,низ диапазона,True,2025-10
2025-10-28 15:00:00+00:00,USDCAD,BUY,2.896761078473135,низ диапазона,True,2025-10
2025-10-28 20:00:00+00:00,USDCAD,BUY,2.2630639662104746,низ диапазона,False,2025-10
2025-10-29 00:00:00+00:00,USDCAD,BUY,2.7565571948541736,низ диапазона,True,2025-10
2025-10-29 05:00:00+00:00,GBPUSD,BUY,3.443652881522519,низ диапазона,False,2025-10
2025-10-29 10:00:00+00:00,GBPUSD,BUY,1.7418055012548699,RSI перепроданность,True,2025-10
2025-10-29 15:00:00+00:00,USDCAD,BUY,1.8346381286878064,низ диапазона,True,2025-10
2025-10-30 10:00:00+00:00,AUDUSD,BUY,1.9283845535967539,низ диапазона,False,2025-10
2025-10-30 15:00:00+00:00,EURUSD,BUY,1.5113699910156584,низ диапазона,True,2025-10
2025-10-30 20:00:00+00:00,EURUSD,BUY,1.817232632615315,низ диапазона,True,2025-10
2025-10-31 05:00:00+00:00,AUDUSD,BUY,1.748065551999319,низ диапазона,True,2025-10
2025-10-31 10:00:00+00:00,GBPUSD,BUY,1.7393728541294402,низ диапазона,True,2025-10
2025-10-31 20:00:00+00:00,EURJPY,BUY,2.257268186717024,низ диапазона,True,2025-10
2025-11-03 00:00:00+00:00,EURUSD,BUY,2.77932320292552,низ диапазона,True,2025-11
2025-11-03 10:00:00+00:00,NZDUSD,BUY,0.9416856149169288,низ диапазона,False,2025-11
2025-11-03 20:00:00+00:00,NZDUSD,BUY,1.3275672664820295,RSI перепроданность,False,2025-11
2025-11-04 00:00:00+00:00,NZDUSD,BUY,2.986760918558346,низ диапазона,False,2025-11
2025-11-04 05:00:00+00:00,EURJPY,BUY,4.2959461303397495,низ диапазона,False,2025-11
2025-11-04 10:00:00+00:00,GBPUSD,BUY,3.1488237103672274,низ диапазона,False,2025-11
2025-11-04 15:00:00+00:00,USDJPY,BUY,4.216505123908182,низ диапазона,True,2025-11
2025-11-04 20:00:00+00:00,GBPUSD,BUY,3.889711161013505,низ диапазона,False,2025-11
2025-11-05 00:00:00+00:00,NZDUSD,BUY,3.685716611869884,низ диапазона,True,2025-11
2025-11-05 05:00:00+00:00,GBPUSD,BUY,1.5547627085249496,низ диапазона,True,2025-11
2025-11-05 15:00:00+00:00,EURJPY,SELL,3.0334756595689356,верх диапазона + тренд вниз,True,2025-11
2025-11-05 20:00:00+00:00,EURJPY,SELL,1.155742110514914,верх диапазона + тренд вниз,False,2025-11
2025-11-06 00:00:00+00:00,USDCAD,BUY,3.3485386521175835,низ диапазона,True,2025-11
2025-11-06 05:00:00+00:00,USDCHF,BUY,3.1099252203417005,низ диапазона,True,2025-11
2025-11-06 10:00:00+00:00,GBPUSD,SELL,0.7490210495767654,верх диапазона + тренд вниз,False,2025-11
2025-11-06 15:00:00+00:00,USDJPY,BUY,3.9557916497201817,низ диапазона,False,2025-11
2025-11-06 20:00:00+00:00,USDCHF,BUY,3.426986472474114,низ диапазона,True,2025-11
2025-11-07 00:00:00+00:00,NZDUSD,BUY,1.9567209704346062,низ диапазона,False,2025-11
2025-11-07 05:00:00+00:00,NZDUSD,BUY,2.1775944502481845,низ диапазона,False,2025-11
2025-11-07 10:00:00+00:00,EURJPY,SELL,1.0095827999310425,верх диапазона + тренд вниз,False,2025-11
2025-11-07 15:00:00+00:00,USDCAD,BUY,1.6703149152453562,RSI перепроданность,False,2025-11
2025-11-07 20:00:00+00:00,USDCAD,BUY,4.646686946099472,низ диапазона,False,2025-11
2025-11-10 00:00:00+00:00,USDCAD,BUY,3.023311273634975,низ диапазона,False,2025-11
2025-11-10 05:00:00+00:00,USDCAD,BUY,3.160043362452254,низ диапазона,False,2025-11
2025-11-10 10:00:00+00:00,AUDUSD,SELL,1.7715401781860425,верх диапазона + тренд вниз,True,2025-11
2025-11-10 15:00:00+00:00,EURUSD,BUY,1.7404803773601116,низ диапазона,True,2025-11
2025-11-10 20:00:00+00:00,USDCHF,BUY,2.326399696591663,низ диапазона,True,2025-11
2025-11-11 05:00:00+00:00,USDCHF,BUY,3.499571425641421,низ диапазона,False,2025-11
2025-11-11 10:00:00+00:00,USDCHF,BUY,2.648419158619052,низ диапазона,False,2025-11
2025-11-11 15:00:00+00:00,USDCHF,BUY,2.9725962183694117,низ диапазона,True,2025-11
2025-11-11 20:00:00+00:00,USDCHF,BUY,1.8709574417761239,RSI перепроданность,True,2025-11
2025-11-12 05:00:00+00:00,GBPUSD,BUY,2.104640785363676,RSI перепроданность,False,2025-11
2025-11-12 10:00:00+00:00,EURUSD,BUY,2.2245109204111047,низ диапазона,True,2025-11
2025-11-12 15:00:00+00:00,USDCHF,BUY,4.057397924992842,низ диапазона,True,2025-11
2025-11-12 20:00:00+00:00,USDCHF,BUY,1.3750384847477246,RSI перепроданность,True,2025-11
2025-11-13 00:00:00+00:00,NZDUSD,BUY,1.199171505360514,низ диапазона,False,2025-11
2025-11-13 05:00:00+00:00,NZDUSD,BUY,2.409973391435127,низ диапазона,True,2025-11
2025-11-13 15:00:00+00:00,USDCHF,BUY,3.0089278800532187,низ диапазона,True,2025-11
2025-11-13 20:00:00+00:00,AUDUSD,BUY,3.0146380251300027,низ диапазона,True,2025-11
2025-11-14 00:00:00+00:00,AUDUSD,BUY,3.0725654723391056,низ диапазона,True,2025-11
2025-11-14 05:00:00+00:00,GBPUSD,BUY,2.768759786723045,низ диапазона,False,2025-11
2025-11-14 10:00:00+00:00,AUDUSD,BUY,2.704495886235536,низ диапазона,True,2025-11
2025-11-14 15:00:00+00:00,EURUSD,BUY,1.8378029995922183,низ диапазона,True,2025-11
2025-11-17 00:00:00+00:00,NZDUSD,BUY,2.7139453641767917,низ диапазона,True,2025-11
2025-11-17 05:00:00+00:00,EURUSD,BUY,3.3804159634567945,низ диапазона,False,2025-11
2025-11-17 10:00:00+00:00,AUDUSD,BUY,3.4888358486485265,низ диапазона,False,2025-11
2025-11-17 15:00:00+00:00,AUDUSD,BUY,1.3787957533368818,низ диапазона,False,2025-11
2025-11-17 20:00:00+00:00,EURUSD,BUY,1.8325133445416788,низ диапазона,True,2025-11
2025-11-18 00:00:00+00:00,AUDUSD,BUY,2.700437896918409,низ диапазона,False,2025-11
2025-11-18 10:00:00+00:00,EURUSD,BUY,2.05288713527616,низ диапазона,False,2025-11
2025-11-18 15:00:00+00:00,EURUSD,BUY,2.1787482776188747,низ диапазона,False,2025-11
2025-11-18 20:00:00+00:00,USDCAD,BUY,4.114672361080899,низ диапазона,True,2025-11
2025-11-19 00:00:00+00:00,NZDUSD,BUY,2.6492031323784033,низ диапазона,False,2025-11
2025-11-19 05:00:00+00:00,NZDUSD,BUY,1.6938710386932683,низ диапазона,False,2025-11
2025-11-19 10:00:00+00:00,NZDUSD,BUY,3.5567380358355676,низ диапазона,False,2025-11
2025-11-19 15:00:00+00:00,NZDUSD,BUY,3.3908930704308977,низ диапазона,False,2025-11
2025-11-19 20:00:00+00:00,GBPUSD,BUY,3.675345090795377,низ диапазона,False,2025-11
2025-11-20 00:00:00+00:00,GBPUSD,BUY,2.2764859556469705,низ диапазона,False,2025-11
2025-11-20 05:00:00+00:00,EURUSD,BUY,2.4753566647009295,низ диапазона,True,2025-11
2025-11-20 20:00:00+00:00,NZDUSD,BUY,2.174545549077767,низ диапазона,True,2025-11
2025-11-21 05:00:00+00:00,USDJPY,BUY,2.0941818139949784,низ диапазона,False,2025-11
2025-11-21 10:00:00+00:00,USDJPY,BUY,2.7836082773057607,низ диапазона,False,2025-11
2025-11-21 15:00:00+00:00,EURJPY,BUY,3.5022176199493336,низ диапазона,True,2025-11
2025-11-21 20:00:00+00:00,USDJPY,BUY,2.6971581616227804,низ диапазона,True,2025-11
2025-11-24 05:00:00+00:00,AUDUSD,SELL,2.580062667177536,верх диапазона + тренд вниз,True,2025-11
2025-11-24 10:00:00+00:00,USDCHF,BUY,2.576083767626759,низ диапазона,True,2025-11
2025-11-25 05:00:00+00:00,EURJPY,BUY,2.817354659877318,низ диапазона,False,2025-11
2025-11-25 10:00:00+00:00,USDJPY,BUY,2.2295932441465505,низ диапазона,False,2025-11
2025-11-26 00:00:00+00:00,NZDUSD,SELL,1.412410091666998,верх диапазона + тренд вниз,False,2025-11
2025-11-26 05:00:00+00:00,AUDUSD,SELL,3.2484271844629817,верх диапазона + тренд вниз,True,2025-11
2025-11-26 15:00:00+00:00,USDCAD,BUY,2.6106929013503635,низ диапазона,False,2025-11
2025-11-26 20:00:00+00:00,USDCAD,BUY,1.8364863054731555,низ диапазона,False,2025-11
2025-11-27 00:00:00+00:00,USDCHF,BUY,3.4657946100829484,низ диапазона,True,2025-11
2025-11-27 05:00:00+00:00,USDCAD,BUY,3.340366081676612,низ диапазона,True,2025-11
2025-11-27 10:00:00+00:00,EURUSD,BUY,1.1253778689360565,низ диапазона,True,2025-11
2025-11-28 10:00:00+00:00,EURUSD,BUY,4.128365340098455,низ диапазона,True,2025-11
2025-11-28 15:00:00+00:00,USDCAD,BUY,3.81886410927104,низ диапазона,True,2025-11
2025-11-28 20:00:00+00:00,USDCHF,BUY,1.7276799097091229,низ диапазона,True,2025-11
2025-12-01 00:00:00+00:00,USDJPY,BUY,2.2630306777638003,низ диапазона,False,2025-12
2025-12-01 05:00:00+00:00,USDCAD,SELL,1.8840323226926667,RSI перекупленность,True,2025-12
2025-12-01 10:00:00+00:00,USDJPY,BUY,3.3901944556303745,низ диапазона,False,2025-12
2025-12-02 00:00:00+00:00,GBPUSD,BUY,2.542222346437958,низ диапазона,True,2025-12
2025-12-02 05:00:00+00:00,GBPUSD,BUY,3.185529702787674,низ диапазона,False,2025-12
2025-12-02 10:00:00+00:00,USDJPY,SELL,3.203022678027318,верх диапазона + тренд вниз,True,2025-12
2025-12-02 20:00:00+00:00,USDCHF,BUY,1.9800139363512723,низ диапазона,False,2025-12
2025-12-03 00:00:00+00:00,USDCHF,BUY,3.508419327937701,низ диапазона,False,2025-12
2025-12-03 05:00:00+00:00,USDCHF,BUY,3.667768052220965,низ диапазона,False,2025-12
2025-12-03 10:00:00+00:00,USDJPY,BUY,2.8961347199401413,низ диапазона,False,2025-12
2025-12-03 15:00:00+00:00,USDJPY,BUY,3.255969921673648,низ диапазона,True,2025-12
2025-12-03 20:00:00+00:00,USDCHF,BUY,1.341468885273627,низ диапазона,True,2025-12
2025-12-04 00:00:00+00:00,USDJPY,BUY,2.4568605642945807,низ диапазона,True,2025-12
2025-12-04 10:00:00+00:00,EURJPY,BUY,3.1262746472872314,низ диапазона,False,2025-12
2025-12-04 15:00:00+00:00,EURJPY,BUY,2.5298196813689477,низ диапазона,True,2025-12
2025-12-04 20:00:00+00:00,EURUSD,BUY,2.0945343571073587,низ диапазона,True,2025-12
2025-12-05 00:00:00+00:00,GBPUSD,BUY,1.3805652448871324,низ диапазона,True,2025-12
2025-12-05 05:00:00+00:00,EURJPY,BUY,1.5415137831054737,низ диапазона,True,2025-12
2025-12-05 15:00:00+00:00,USDCAD,BUY,4.815008936191606,низ диапазона,False,2025-12
2025-12-05 20:00:00+00:00,USDCAD,BUY,4.86146685051619,низ диапазона,False,2025-12
2025-12-08 00:00:00+00:00,USDCAD,BUY,3.681700180532674,низ диапазона,False,2025-12
2025-12-08 05:00:00+00:00,USDCAD,BUY,2.876924732691993,низ диапазона,True,2025-12
2025-12-08 10:00:00+00:00,GBPUSD,BUY,2.345938501787674,низ диапазона,False,2025-12
2025-12-08 15:00:00+00:00,USDJPY,SELL,3.4915300287377278,RSI перекупленность,False,2025-12
2025-12-08 20:00:00+00:00,USDJPY,SELL,2.4870993971290263,верх диапазона + тренд вниз,True,2025-12
2025-12-09 00:00:00+00:00,AUDUSD,BUY,1.429679000848551,низ диапазона,True,2025-12
2025-12-09 05:00:00+00:00,USDCHF,BUY,1.7878270282428694,RSI перепроданность,True,2025-12
2025-12-09 15:00:00+00:00,GBPUSD,BUY,2.862523803931387,низ диапазона,True,2025-12
2025-12-09 20:00:00+00:00,GBPUSD,BUY,1.8079557823359207,низ диапазона,True,2025-12
2025-12-10 00:00:00+00:00,NZDUSD,BUY,2.161773432101574,низ диапазона,True,2025-12
2025-12-10 15:00:00+00:00,USDCHF,BUY,4.2739593916592025,низ диапазона,False,2025-12
2025-12-10 20:00:00+00:00,USDJPY,BUY,3.2696584561606103,низ диапазона,False,2025-12
2025-12-11 00:00:00+00:00,USDCHF,BUY,4.256000790208262,низ диапазона,True,2025-12
2025-12-11 05:00:00+00:00,USDCHF,BUY,2.1116889963361323,низ диапазона,False,2025-12
2025-12-11 10:00:00+00:00,USDCHF,BUY,3.25208174504477,низ диапазона,False,2025-12
2025-12-11 15:00:00+00:00,USDCHF,BUY,3.8779134909806197,низ диапазона,True,2025-12
2025-12-11 20:00:00+00:00,USDCHF,BUY,1.7477220995645837,RSI перепроданность,False,2025-12
2025-12-12 05:00:00+00:00,USDJPY,SELL,2.256170992594809,RSI перекупленность,False,2025-12
2025-12-12 10:00:00+00:00,EURUSD,BUY,3.1759770126813267,низ диапазона,True,2025-12
2025-12-12 15:00:00+00:00,GBPUSD,BUY,4.380404095815989,низ диапазона,True,2025-12
2025-12-15 05:00:00+00:00,EURJPY,BUY,4.501789853206284,низ диапазона,True,2025-12
2025-12-15 10:00:00+00:00,USDJPY,BUY,2.3777427210133513,низ диапазона,True,2025-12
2025-12-16 00:00:00+00:00,AUDUSD,BUY,3.3705312794995996,низ диапазона,True,2025-12
2025-12-16 05:00:00+00:00,GBPUSD,BUY,3.5277423502867435,низ диапазона,True,2025-12
2025-12-16 20:00:00+00:00,EURJPY,BUY,1.0857103109573545,низ диапазона,False,2025-12
2025-12-17 00:00:00+00:00,EURJPY,BUY,3.112580168119516,низ диапазона,True,2025-12
2025-12-17 05:00:00+00:00,EURUSD,BUY,4.675020214688444,низ диапазона,False,2025-12
2025-12-17 10:00:00+00:00,GBPUSD,BUY,3.629351415323601,низ диапазона,True,2025-12
2025-12-17 15:00:00+00:00,AUDUSD,BUY,2.3586690852796433,низ диапазона,False,2025-12
2025-12-17 20:00:00+00:00,USDJPY,SELL,1.2721930070782477,верх диапазона + тренд вниз,False,2025-12
2025-12-18 00:00:00+00:00,NZDUSD,BUY,1.3258705375315372,низ диапазона,False,2025-12
2025-12-18 05:00:00+00:00,GBPUSD,BUY,1.240882186321814,RSI перепроданность,False,2025-12
2025-12-18 10:00:00+00:00,GBPUSD,BUY,2.3539117097749065,низ диапазона,True,2025-12
2025-12-18 15:00:00+00:00,EURJPY,BUY,2.117634805508412,низ диапазона,True,2025-12
2025-12-18 20:00:00+00:00,EURJPY,BUY,2.951651676318532,низ диапазона,True,2025-12
2025-12-19 05:00:00+00:00,NZDUSD,BUY,2.516398789514316,низ диапазона,False,2025-12
2025-12-19 15:00:00+00:00,GBPUSD,BUY,2.054207141013233,низ диапазона,True,2025-12
2025-12-22 00:00:00+00:00,NZDUSD,SELL,0.9630369960601616,верх диапазона + тренд вниз,False,2025-12
2025-12-22 10:00:00+00:00,USDCHF,BUY,2.443164390757101,низ диапазона,False,2025-12
2025-12-22 15:00:00+00:00,USDCAD,BUY,4.218732715821745,низ диапазона,True,2025-12
2025-12-22 20:00:00+00:00,USDCHF,BUY,3.428413652342021,низ диапазона,False,2025-12
2025-12-23 00:00:00+00:00,USDJPY,BUY,4.396843068496406,низ диапазона,False,2025-12
2025-12-23 05:00:00+00:00,USDJPY,BUY,4.155840638960704,низ диапазона,False,2025-12
2025-12-23 10:00:00+00:00,USDCHF,BUY,3.868243455789019,низ диапазона,True,2025-12
2025-12-23 20:00:00+00:00,USDCAD,BUY,2.0115198222829958,низ диапазона,False,2025-12
2025-12-24 00:00:00+00:00,USDCAD,BUY,1.5420496263408554,низ диапазона,False,2025-12
2025-12-24 05:00:00+00:00,USDCAD,BUY,2.505105555470287,низ диапазона,False,2025-12
2025-12-24 10:00:00+00:00,USDCAD,BUY,2.6302341307772394,низ диапазона,False,2025-12
2025-12-24 15:00:00+00:00,EURUSD,BUY,2.5359591989280625,низ диапазона,True,2025-12
2025-12-24 20:00:00+00:00,NZDUSD,BUY,2.2968143551089595,низ диапазона,True,2025-12
2025-12-25 00:00:00+00:00,AUDUSD,BUY,2.095462404765587,низ диапазона,True,2025-12
2025-12-25 10:00:00+00:00,USDCHF,BUY,2.214500774087248,низ диапазона,True,2025-12
2025-12-25 15:00:00+00:00,USDCHF,BUY,2.214500774087248,низ диапазона,True,2025-12
2025-12-25 20:00:00+00:00,USDCHF,BUY,2.8199212713679263,низ диапазона,True,2025-12
2025-12-26 00:00:00+00:00,NZDUSD,BUY,3.30952380952381,RSI перепроданность,True,2025-12
2025-12-26 05:00:00+00:00,GBPUSD,BUY,2.095099858099991,низ диапазона,False,2025-12
2025-12-26 10:00:00+00:00,NZDUSD,BUY,3.461451529513741,низ диапазона,True,2025-12
2025-12-29 05:00:00+00:00,EURJPY,BUY,3.30932358955282,низ диапазона,True,2025-12
2025-12-29 10:00:00+00:00,NZDUSD,BUY,4.20927136405702,низ диапазона,True,2025-12
2025-12-29 15:00:00+00:00,EURJPY,BUY,3.2318329650713435,низ диапазона,True,2025-12
2025-12-29 20:00:00+00:00,AUDUSD,BUY,2.189505787115378,низ диапазона,True,2025-12
2025-12-30 10:00:00+00:00,EURJPY,BUY,1.3655940773403672,низ диапазона,True,2025-12
2025-12-30 20:00:00+00:00,NZDUSD,BUY,4.019007114135479,низ диапазона,False,2025-12
2025-12-31 00:00:00+00:00,GBPUSD,BUY,3.6773398924503917,низ диапазона,False,2025-12
2025-12-31 05:00:00+00:00,NZDUSD,BUY,4.442390016844608,низ диапазона,False,2025-12
2025-12-31 10:00:00+00:00,NZDUSD,BUY,3.8644712454209635,низ диапазона,False,2025-12
2025-12-31 15:00:00+00:00,AUDUSD,BUY,2.7076131803408865,низ диапазона,True,2025-12
2025-12-31 20:00:00+00:00,USDCAD,SELL,1.095190415105012,верх диапазона + тренд вниз,True,2025-12
2026-01-01 00:00:00+00:00,GBPUSD,SELL,0.4012229551484614,верх диапазона + тренд вниз,True,2026-01
2026-01-01 10:00:00+00:00,GBPUSD,SELL,1.811982953427191,верх диапазона + тренд вниз,False,2026-01
2026-01-01 15:00:00+00:00,NZDUSD,BUY,2.3166666666666673,низ диапазона,True,2026-01
2026-01-01 20:00:00+00:00,USDCAD,BUY,6.1499999999999995,низ диапазона,False,2026-01
2026-01-02 00:00:00+00:00,USDCAD,BUY,4.5,RSI перепроданность,True,2026-01
2026-01-02 05:00:00+00:00,AUDUSD,SELL,1.0045334625704498,RSI перекупленность,False,2026-01
2026-01-02 10:00:00+00:00,GBPUSD,BUY,1.975677301123879,низ диапазона,True,2026-01
2026-01-02 15:00:00+00:00,USDCHF,BUY,2.2093643704150794,низ диапазона,True,2026-01
2026-01-02 20:00:00+00:00,EURJPY,BUY,2.7445916994998387,низ диапазона,False,2026-01
2026-01-05 00:00:00+00:00,AUDUSD,BUY,3.17479605635127,низ диапазона,False,2026-01
2026-01-05 05:00:00+00:00,EURUSD,BUY,1.560828333787034,низ диапазона,True,2026-01
2026-01-05 10:00:00+00:00,EURJPY,BUY,2.9979329258539877,низ диапазона,True,2026-01
2026-01-05 15:00:00+00:00,USDJPY,BUY,1.906555740513271,низ диапазона,False,2026-01
2026-01-05 20:00:00+00:00,USDCHF,BUY,2.605980991505714,низ диапазона,False,2026-01
2026-01-06 00:00:00+00:00,USDCHF,BUY,2.180737791892395,низ диапазона,False,2026-01
2026-01-06 05:00:00+00:00,USDCHF,BUY,2.627844473736131,низ диапазона,True,2026-01
2026-01-06 15:00:00+00:00,NZDUSD,BUY,2.071047463937363,низ диапазона,True,2026-01
2026-01-06 20:00:00+00:00,GBPUSD,BUY,2.9696802471374246,низ диапазона,True,2026-01
2026-01-07 00:00:00+00:00,GBPUSD,BUY,2.323930101781319,низ диапазона,True,2026-01
2026-01-07 05:00:00+00:00,EURJPY,BUY,2.252774703082925,низ диапазона,True,2026-01
2026-01-07 15:00:00+00:00,AUDUSD,BUY,2.2862130294386507,низ диапазона,False,2026-01
2026-01-07 20:00:00+00:00,AUDUSD,BUY,4.116460599043405,низ диапазона,True,2026-01
2026-01-08 00:00:00+00:00,GBPUSD,BUY,3.8752391895616425,низ диапазона,True,2026-01
2026-01-08 05:00:00+00:00,AUDUSD,BUY,3.4367606731829916,низ диапазона,False,2026-01
2026-01-08 10:00:00+00:00,AUDUSD,BUY,2.379750465933242,низ диапазона,False,2026-01
2026-01-08 15:00:00+00:00,AUDUSD,BUY,1.2011492363986935,RSI перепроданность,False,2026-01
2026-01-08 20:00:00+00:00,EURUSD,BUY,1.000647906561369,RSI перепроданность,False,2026-01
2026-01-09 05:00:00+00:00,NZDUSD,BUY,2.003881876689374,низ диапазона,False,2026-01
2026-01-09 10:00:00+00:00,NZDUSD,BUY,3.6701956803573603,низ диапазона,True,2026-01
2026-01-09 15:00:00+00:00,EURJPY,SELL,1.4486825897075997,верх диапазона + тренд вниз,True,2026-01
2026-01-12 00:00:00+00:00,USDCHF,BUY,3.3124463919092886,низ диапазона,True,2026-01
2026-01-12 05:00:00+00:00,NZDUSD,SELL,2.2649646316298977,верх диапазона + тренд вниз,False,2026-01
2026-01-12 10:00:00+00:00,NZDUSD,SELL,2.8582743886472572,верх диапазона + тренд вниз,False,2026-01
2026-01-12 15:00:00+00:00,USDCHF,BUY,2.18822583085986,низ диапазона,True,2026-01
2026-01-12 20:00:00+00:00,NZDUSD,SELL,1.3801758562621704,верх диапазона + тренд вниз,False,2026-01
2026-01-13 00:00:00+00:00,NZDUSD,SELL,1.8318629768393317,верх диапазона + тренд вниз,False,2026-01
2026-01-13 05:00:00+00:00,EURUSD,BUY,2.0414722838361516,низ диапазона,True,2026-01
2026-01-13 10:00:00+00:00,AUDUSD,BUY,3.6963833270496824,низ диапазона,False,2026-01
2026-01-13 15:00:00+00:00,GBPUSD,BUY,3.5016287092822678,низ диапазона,False,2026-01
2026-01-13 20:00:00+00:00,NZDUSD,BUY,3.4649760901267204,низ диапазона,False,2026-01
2026-01-14 00:00:00+00:00,NZDUSD,BUY,3.362815995807381,низ диапазона,True,2026-01
2026-01-14 05:00:00+00:00,EURUSD,BUY,0.8911002263056547,низ диапазона,True,2026-01
2026-01-14 10:00:00+00:00,USDJPY,BUY,2.4274925167338415,низ диапазона,False,2026-01
2026-01-14 15:00:00+00:00,EURJPY,BUY,4.857505277624361,низ диапазона,True,2026-01
2026-01-14 20:00:00+00:00,EURJPY,BUY,1.3560101932382107,RSI перепроданность,False,2026-01
2026-01-15 00:00:00+00:00,EURJPY,BUY,2.343480981421979,низ диапазона,False,2026-01
2026-01-15 05:00:00+00:00,NZDUSD,BUY,3.2694527744365,низ диапазона,True,2026-01
2026-01-15 10:00:00+00:00,AUDUSD,SELL,1.5046515335906496,верх диапазона + тренд вниз,True,2026-01
2026-01-15 15:00:00+00:00,EURUSD,BUY,2.852557633206624,низ диапазона,True,2026-01
2026-01-15 20:00:00+00:00,GBPUSD,BUY,2.16463984341627,низ диапазона,True,2026-01
2026-01-16 00:00:00+00:00,GBPUSD,BUY,2.204710413217937,низ диапазона,True,2026-01
2026-01-16 05:00:00+00:00,NZDUSD,SELL,0.30534576361292487,верх диапазона + тренд вниз,False,2026-01
2026-01-16 10:00:00+00:00,USDCHF,BUY,2.188008709793874,низ диапазона,True,2026-01
2026-01-16 15:00:00+00:00,EURJPY,BUY,3.1533656745225827,низ диапазона,True,2026-01
2026-01-16 20:00:00+00:00,EURJPY,BUY,2.0214073437553943,низ диапазона,True,2026-01
2026-01-19 00:00:00+00:00,USDJPY,BUY,3.6969168016779976,низ диапазона,True,2026-01
2026-01-19 05:00:00+00:00,USDCHF,BUY,1.8533484314778574,низ диапазона,True,2026-01
2026-01-19 10:00:00+00:00,USDCAD,BUY,2.8332726501639316,низ диапазона,False,2026-01
2026-01-19 15:00:00+00:00,USDCAD,BUY,3.1339975889438043,низ диапазона,True,2026-01
2026-01-19 20:00:00+00:00,EURJPY,SELL,2.1464778524577177,верх диапазона + тренд вниз,True,2026-01
2026-01-20 05:00:00+00:00,USDCAD,BUY,1.8298314606998816,низ диапазона,False,2026-01
2026-01-20 10:00:00+00:00,USDCHF,BUY,4.882566048542994,низ диапазона,True,2026-01
2026-01-20 15:00:00+00:00,USDCHF,BUY,1.7318011162773708,RSI перепроданность,True,2026-01
2026-01-21 00:00:00+00:00,NZDUSD,BUY,2.762371899624065,низ диапазона,True,2026-01
2026-01-21 05:00:00+00:00,EURUSD,BUY,2.1594726690573802,низ диапазона,False,2026-01
2026-01-21 10:00:00+00:00,GBPUSD,BUY,2.8402898042624884,низ диапазона,True,2026-01
2026-01-21 15:00:00+00:00,EURUSD,BUY,2.7192812437754768,низ диапазона,False,2026-01
2026-01-21 20:00:00+00:00,EURUSD,BUY,2.0145338566531192,низ диапазона,True,2026-01
2026-01-22 15:00:00+00:00,USDCHF,BUY,5.040172076501182,низ диапазона,False,2026-01
2026-01-22 20:00:00+00:00,USDCHF,BUY,4.654987814014351,низ диапазона,True,2026-01
2026-01-23 00:00:00+00:00,USDCHF,BUY,2.934275301858769,низ диапазона,True,2026-01
2026-01-23 10:00:00+00:00,USDCAD,BUY,1.2459672207354857,низ диапазона,False,2026-01
2026-01-23 15:00:00+00:00,USDCAD,BUY,3.272659871897267,низ диапазона,False,2026-01
2026-01-23 20:00:00+00:00,USDCAD,BUY,4.6424681478917185,низ диапазона,False,2026-01
2026-01-26 00:00:00+00:00,USDCAD,BUY,5.0649268248984765,низ диапазона,False,2026-01
2026-01-26 05:00:00+00:00,USDCHF,BUY,4.82965416597117,низ диапазона,False,2026-01
2026-01-26 10:00:00+00:00,USDJPY,BUY,4.203623736314413,низ диапазона,True,2026-01
2026-01-26 15:00:00+00:00,USDCHF,BUY,2.2980977675741556,низ диапазона,True,2026-01
2026-01-26 20:00:00+00:00,USDCAD,SELL,0.1523756566387684,верх диапазона + тренд вниз,False,2026-01
2026-01-27 00:00:00+00:00,AUDUSD,BUY,2.692867533412128,низ диапазона,True,2026-01
2026-01-27 05:00:00+00:00,USDCAD,SELL,2.759671911651771,верх диапазона + тренд вниз,True,2026-01
2026-01-27 15:00:00+00:00,USDCAD,BUY,3.9374156077100144,низ диапазона,False,2026-01
2026-01-27 20:00:00+00:00,USDCHF,BUY,4.506180888241849,низ диапазона,True,2026-01
2026-01-28 00:00:00+00:00,USDCHF,BUY,2.680517893121282,низ диапазона,True,2026-01
2026-01-28 05:00:00+00:00,USDCAD,BUY,0.7525901783593862,низ диапазона,False,2026-01
2026-01-28 10:00:00+00:00,USDCAD,BUY,1.8173354159129225,низ диапазона,True,2026-01
2026-01-28 15:00:00+00:00,EURUSD,BUY,3.2296300786621117,низ диапазона,True,2026-01
2026-01-29 00:00:00+00:00,USDCAD,BUY,0.7989981047445005,низ диапазона,False,2026-01
2026-01-29 05:00:00+00:00,USDCHF,BUY,1.7288804887574631,низ диапазона,True,2026-01
2026-01-29 15:00:00+00:00,AUDUSD,BUY,2.6423100173117664,низ диапазона,True,2026-01
2026-01-29 20:00:00+00:00,USDCAD,BUY,1.6821663523003665,низ диапазона,True,2026-01
2026-01-30 05:00:00+00:00,USDJPY,SELL,2.5581872266961643,RSI перекупленность,False,2026-01
2026-01-30 10:00:00+00:00,USDJPY,SELL,1.4502579090934384,верх диапазона + тренд вниз,False,2026-01
2026-01-30 15:00:00+00:00,GBPUSD,BUY,2.8368677470108,низ диапазона,False,2026-01
2026-01-30 20:00:00+00:00,GBPUSD,BUY,2.8368677470108,низ диапазона,False,2026-01
2026-02-02 00:00:00+00:00,GBPUSD,BUY,2.8368677470108,низ диапазона,False,2026-02
2026-02-02 05:00:00+00:00,GBPUSD,BUY,2.8368677470108,низ диапазона,False,2026-02
2026-02-02 10:00:00+00:00,GBPUSD,BUY,2.8368677470108,низ диапазона,False,2026-02
2026-02-02 15:00:00+00:00,GBPUSD,BUY,2.8368677470108,низ диапазона,False,2026-02
2026-02-02 20:00:00+00:00,EURUSD,BUY,3.453014089792472,низ диапазона,True,2026-02
2026-02-03 00:00:00+00:00,EURUSD,BUY,2.8633538840167896,низ диапазона,True,2026-02
2026-02-03 05:00:00+00:00,USDJPY,SELL,2.502233905117347,RSI перекупленность,False,2026-02
2026-02-03 15:00:00+00:00,USDCHF,BUY,3.521044635873169,низ диапазона,True,2026-02
2026-02-03 20:00:00+00:00,USDCAD,BUY,1.725431440397024,низ диапазона,False,2026-02
2026-02-04 05:00:00+00:00,USDCAD,BUY,1.833181873234297,низ диапазона,True,2026-02
2026-02-04 10:00:00+00:00,NZDUSD,BUY,3.226920881145182,низ диапазона,False,2026-02
2026-02-04 15:00:00+00:00,NZDUSD,BUY,3.6514902591132534,низ диапазона,False,2026-02
2026-02-04 20:00:00+00:00,GBPUSD,BUY,2.990252794858975,низ диапазона,False,2026-02
2026-02-05 00:00:00+00:00,GBPUSD,BUY,3.10572623707269,низ диапазона,False,2026-02
2026-02-05 05:00:00+00:00,GBPUSD,BUY,3.1337662205949117,низ диапазона,False,2026-02
2026-02-05 10:00:00+00:00,EURUSD,BUY,1.0833243390138056,низ диапазона,True,2026-02
2026-02-05 15:00:00+00:00,GBPUSD,BUY,3.496022690923527,низ диапазона,True,2026-02
2026-02-05 20:00:00+00:00,AUDUSD,BUY,2.945395941188624,низ диапазона,False,2026-02
2026-02-06 00:00:00+00:00,EURJPY,BUY,2.1986874618825016,низ диапазона,True,2026-02
2026-02-06 10:00:00+00:00,GBPUSD,SELL,1.507187316391612,верх диапазона + тренд вниз,False,2026-02
2026-02-06 15:00:00+00:00,USDCAD,BUY,3.775393826753028,низ диапазона,True,2026-02
2026-02-06 20:00:00+00:00,GBPUSD,SELL,1.8318458147962233,верх диапазона + тренд вниз,True,2026-02
2026-02-09 00:00:00+00:00,USDCHF,BUY,3.0377681667572576,низ диапазона,False,2026-02
2026-02-09 05:00:00+00:00,USDCHF,BUY,1.804564435287359,низ диапазона,False,2026-02
2026-02-09 10:00:00+00:00,USDCHF,BUY,2.8644445318669662,низ диапазона,False,2026-02
2026-02-09 15:00:00+00:00,USDCHF,BUY,4.854130681019652,низ диапазона,True,2026-02
2026-02-09 20:00:00+00:00,USDCAD,BUY,4.061680904065625,низ диапазона,False,2026-02
2026-02-10 00:00:00+00:00,USDCAD,BUY,3.747892355467124,низ диапазона,False,2026-02
2026-02-10 05:00:00+00:00,EURJPY,BUY,2.172113716762224,низ диапазона,False,2026-02
2026-02-10 10:00:00+00:00,EURJPY,BUY,3.202119547004784,низ диапазона,False,2026-02
2026-02-10 15:00:00+00:00,EURJPY,BUY,3.9367897861159262,низ диапазона,False,2026-02
2026-02-10 20:00:00+00:00,EURJPY,BUY,3.3598822996732514,низ диапазона,False,2026-02
2026-02-11 00:00:00+00:00,EURJPY,BUY,4.118135471842607,низ диапазона,False,2026-02
2026-02-11 05:00:00+00:00,EURJPY,BUY,4.010756761720886,низ диапазона,True,2026-02
2026-02-11 10:00:00+00:00,USDCAD,BUY,3.5812476573619088,низ диапазона,True,2026-02
2026-02-11 15:00:00+00:00,USDCHF,SELL,1.4941964801699146,верх диапазона + тренд вниз,True,2026-02
2026-02-11 20:00:00+00:00,GBPUSD,BUY,2.4765244789697687,низ диапазона,True,2026-02
2026-02-12 00:00:00+00:00,GBPUSD,BUY,2.4595703038174883,низ диапазона,False,2026-02
2026-02-12 10:00:00+00:00,USDCHF,BUY,2.402293213162766,низ диапазона,False,2026-02
2026-02-12 15:00:00+00:00,USDCHF,BUY,0.9114318249578086,низ диапазона,True,2026-02
2026-02-12 20:00:00+00:00,NZDUSD,BUY,2.0369292106151193,низ диапазона,True,2026-02
2026-02-13 00:00:00+00:00,NZDUSD,BUY,2.8439287544463108,низ диапазона,False,2026-02
2026-02-13 05:00:00+00:00,AUDUSD,BUY,4.3255666437062255,низ диапазона,False,2026-02
2026-02-13 10:00:00+00:00,AUDUSD,BUY,2.0556888455838185,низ диапазона,False,2026-02
2026-02-13 15:00:00+00:00,EURUSD,BUY,2.5004291269967984,низ диапазона,True,2026-02
2026-02-13 20:00:00+00:00,USDJPY,BUY,2.3261182813972114,низ диапазона,True,2026-02
2026-02-16 10:00:00+00:00,EURJPY,SELL,1.813903950494062,верх диапазона + тренд вниз,True,2026-02
2026-02-16 15:00:00+00:00,AUDUSD,BUY,2.255530348778316,низ диапазона,True,2026-02
2026-02-16 20:00:00+00:00,GBPUSD,BUY,1.1449183000373389,низ диапазона,False,2026-02
2026-02-17 00:00:00+00:00,GBPUSD,BUY,3.7949442943988387,низ диапазона,False,2026-02
2026-02-17 05:00:00+00:00,GBPUSD,BUY,3.4529734974600514,низ диапазона,False,2026-02
2026-02-17 15:00:00+00:00,GBPUSD,BUY,3.647688204145929,низ диапазона,True,2026-02
2026-02-17 20:00:00+00:00,EURJPY,SELL,0.3551406404952093,верх диапазона + тренд вниз,False,2026-02
2026-02-18 05:00:00+00:00,NZDUSD,BUY,2.021376544844238,низ диапазона,True,2026-02
2026-02-18 10:00:00+00:00,NZDUSD,BUY,1.495446443390847,RSI перепроданность,False,2026-02
2026-02-18 15:00:00+00:00,EURJPY,SELL,1.5915609818519763,верх диапазона + тренд вниз,False,2026-02
2026-02-18 20:00:00+00:00,EURUSD,BUY,3.8148946405683004,низ диапазона,True,2026-02
2026-02-19 00:00:00+00:00,GBPUSD,BUY,4.178926873339004,низ диапазона,False,2026-02
2026-02-19 05:00:00+00:00,GBPUSD,BUY,3.737450930179102,низ диапазона,False,2026-02
2026-02-19 10:00:00+00:00,GBPUSD,BUY,1.4357157630636554,низ диапазона,False,2026-02
2026-02-20 05:00:00+00:00,GBPUSD,BUY,0.6905447859108748,низ диапазона,True,2026-02
2026-02-20 10:00:00+00:00,GBPUSD,SELL,0.18273360189314225,верх диапазона + тренд вниз,False,2026-02
2026-02-20 15:00:00+00:00,AUDUSD,SELL,2.1939663208053064,верх диапазона + тренд вниз,True,2026-02
2026-02-20 20:00:00+00:00,AUDUSD,SELL,0.8318020751712583,верх диапазона + тренд вниз,True,2026-02
2026-02-23 00:00:00+00:00,USDJPY,BUY,4.377857390702826,низ диапазона,True,2026-02
2026-02-23 05:00:00+00:00,EURUSD,SELL,1.083150161962056,RSI перекупленность,True,2026-02
2026-02-23 15:00:00+00:00,AUDUSD,BUY,2.4962929910894482,низ диапазона,False,2026-02
2026-02-23 20:00:00+00:00,NZDUSD,BUY,3.3960681093020195,низ диапазона,True,2026-02
2026-02-24 05:00:00+00:00,EURJPY,SELL,2.1052279270103433,верх диапазона + тренд вниз,False,2026-02
2026-02-24 10:00:00+00:00,USDCHF,BUY,1.2769780486299407,низ диапазона,True,2026-02
2026-02-24 15:00:00+00:00,EURUSD,BUY,0.4055348299251873,низ диапазона,True,2026-02
2026-02-25 00:00:00+00:00,AUDUSD,SELL,0.8096564030388013,верх диапазона + тренд вниз,False,2026-02
2026-02-25 05:00:00+00:00,USDCAD,BUY,3.9390949006629237,низ диапазона,True,2026-02
2026-02-25 15:00:00+00:00,GBPUSD,SELL,0.8841771437648207,верх диапазона + тренд вниз,False,2026-02
2026-02-26 00:00:00+00:00,USDCHF,BUY,2.72064507850016,низ диапазона,True,2026-02
2026-02-26 05:00:00+00:00,USDCAD,BUY,2.174843247896661,низ диапазона,True,2026-02
2026-02-26 10:00:00+00:00,EURJPY,BUY,4.471773065994578,низ диапазона,True,2026-02
2026-02-26 15:00:00+00:00,GBPUSD,BUY,2.3727754191519046,низ диапазона,False,2026-02
2026-02-27 05:00:00+00:00,USDCAD,BUY,2.6819444658748886,низ диапазона,True,2026-02
2026-02-27 15:00:00+00:00,USDCHF,BUY,3.0418848895521826,RSI перепроданность,False,2026-02
2026-02-27 20:00:00+00:00,USDCHF,BUY,2.2390572240585147,RSI перепроданность,False,2026-02
2026-03-02 00:00:00+00:00,USDCHF,BUY,2.088240974008304,RSI перепроданность,True,2026-03
2026-03-02 05:00:00+00:00,EURUSD,BUY,1.5025363541003964,низ диапазона,False,2026-03
2026-03-02 10:00:00+00:00,USDCHF,SELL,1.884404596463888,RSI перекупленность,False,2026-03
2026-03-02 15:00:00+00:00,EURUSD,BUY,3.8672909628639665,низ диапазона,True,2026-03
2026-03-02 20:00:00+00:00,EURUSD,BUY,1.06212442150952,низ диапазона,True,2026-03
2026-03-03 00:00:00+00:00,EURUSD,BUY,0.9026888976879164,низ диапазона,False,2026-03
2026-03-03 05:00:00+00:00,EURJPY,BUY,3.4179053668950345,низ диапазона,False,2026-03
2026-03-03 10:00:00+00:00,GBPUSD,BUY,4.851089320469125,низ диапазона,True,2026-03
2026-03-03 15:00:00+00:00,EURUSD,BUY,2.3504644728994037,RSI перепроданность,True,2026-03
2026-03-04 00:00:00+00:00,USDCHF,BUY,1.3938131584605475,RSI перепроданность,False,2026-03
2026-03-04 15:00:00+00:00,NZDUSD,SELL,2.409799388206463,верх диапазона + тренд вниз,False,2026-03
2026-03-04 20:00:00+00:00,NZDUSD,SELL,2.487573691719878,верх диапазона + тренд вниз,True,2026-03
2026-03-05 00:00:00+00:00,USDJPY,BUY,3.7364252564506346,низ диапазона,True,2026-03
2026-03-05 05:00:00+00:00,EURUSD,BUY,3.2344542362399507,низ диапазона,True,2026-03
2026-03-05 15:00:00+00:00,AUDUSD,BUY,2.4418828460954636,низ диапазона,False,2026-03
2026-03-06 05:00:00+00:00,EURJPY,SELL,2.036482919212629,верх диапазона + тренд вниз,True,2026-03
2026-03-06 15:00:00+00:00,EURJPY,BUY,1.772371729411183,низ диапазона,True,2026-03
2026-03-06 20:00:00+00:00,USDCAD,BUY,2.731282816573526,низ диапазона,False,2026-03
2026-03-09 00:00:00+00:00,EURUSD,BUY,2.489991811687788,низ диапазона,True,2026-03
2026-03-09 05:00:00+00:00,USDCAD,BUY,3.263099416537806,низ диапазона,False,2026-03
2026-03-09 10:00:00+00:00,USDCAD,BUY,2.241082217828716,низ диапазона,True,2026-03
2026-03-09 15:00:00+00:00,AUDUSD,SELL,1.800041590292976,верх диапазона + тренд вниз,False,2026-03
2026-03-09 20:00:00+00:00,USDJPY,BUY,3.3083262183510223,низ диапазона,False,2026-03
2026-03-10 00:00:00+00:00,USDJPY,BUY,3.3189622348024947,низ диапазона,True,2026-03
2026-03-10 05:00:00+00:00,USDJPY,BUY,2.0944184598222315,низ диапазона,True,2026-03
2026-03-10 15:00:00+00:00,USDCHF,BUY,1.583334061109779,низ диапазона,True,2026-03
2026-03-10 20:00:00+00:00,GBPUSD,BUY,2.3907964798933223,низ диапазона,True,2026-03
2026-03-11 15:00:00+00:00,NZDUSD,BUY,2.9566191855371513,низ диапазона,True,2026-03
2026-03-11 20:00:00+00:00,EURUSD,BUY,3.332295466467471,низ диапазона,False,2026-03
2026-03-12 00:00:00+00:00,EURUSD,BUY,2.858222545799533,низ диапазона,False,2026-03
2026-03-12 05:00:00+00:00,AUDUSD,BUY,2.8234711784852524,низ диапазона,True,2026-03
2026-03-12 10:00:00+00:00,USDJPY,BUY,1.966830626182549,низ диапазона,True,2026-03
2026-03-12 15:00:00+00:00,AUDUSD,BUY,3.4116588886654586,низ диапазона,False,2026-03
2026-03-12 20:00:00+00:00,NZDUSD,BUY,4.410680826156673,низ диапазона,False,2026-03
2026-03-13 00:00:00+00:00,NZDUSD,BUY,4.507932336798523,низ диапазона,False,2026-03
2026-03-13 05:00:00+00:00,NZDUSD,BUY,4.938731857354053,низ диапазона,False,2026-03
2026-03-13 10:00:00+00:00,GBPUSD,BUY,3.7304011901250624,низ диапазона,False,2026-03
2026-03-13 15:00:00+00:00,GBPUSD,BUY,3.8620079376869585,низ диапазона,False,2026-03
2026-03-13 20:00:00+00:00,GBPUSD,BUY,3.6243361469748403,низ диапазона,True,2026-03
2026-03-16 00:00:00+00:00,EURJPY,BUY,0.8951995838128952,низ диапазона,False,2026-03
2026-03-16 05:00:00+00:00,EURJPY,BUY,2.7403259520962,низ диапазона,True,2026-03
2026-03-16 10:00:00+00:00,NZDUSD,SELL,2.8274689145151957,верх диапазона + тренд вниз,False,2026-03
2026-03-16 15:00:00+00:00,NZDUSD,SELL,1.2611351829348123,верх диапазона + тренд вниз,False,2026-03
2026-03-16 20:00:00+00:00,USDCHF,BUY,2.39143947914083,низ диапазона,True,2026-03
2026-03-17 00:00:00+00:00,EURJPY,SELL,1.1613987765871752,верх диапазона + тренд вниз,True,2026-03
2026-03-17 05:00:00+00:00,NZDUSD,BUY,1.6811300640382676,низ диапазона,True,2026-03
2026-03-17 15:00:00+00:00,USDCHF,BUY,3.5689050755622063,низ диапазона,False,2026-03
2026-03-17 20:00:00+00:00,USDCHF,BUY,3.4560361837140636,низ диапазона,True,2026-03
2026-03-18 00:00:00+00:00,GBPUSD,SELL,0.4809975334301508,верх диапазона + тренд вниз,False,2026-03
2026-03-18 05:00:00+00:00,USDJPY,BUY,2.8361775271606677,низ диапазона,True,2026-03
2026-03-18 20:00:00+00:00,AUDUSD,BUY,4.36687725809357,низ диапазона,True,2026-03
2026-03-19 05:00:00+00:00,GBPUSD,BUY,2.0542598632704965,низ диапазона,True,2026-03
2026-03-19 10:00:00+00:00,USDJPY,BUY,3.8382154902701755,низ диапазона,False,2026-03
2026-03-19 15:00:00+00:00,USDJPY,BUY,4.536121284467985,низ диапазона,False,2026-03
2026-03-19 20:00:00+00:00,USDJPY,BUY,4.593785001217882,низ диапазона,True,2026-03
2026-03-20 00:00:00+00:00,USDJPY,BUY,2.7439943185963784,низ диапазона,True,2026-03
2026-03-20 05:00:00+00:00,EURJPY,SELL,2.312015575836135,верх диапазона + тренд вниз,False,2026-03
2026-03-20 10:00:00+00:00,EURJPY,SELL,2.64989619080296,верх диапазона + тренд вниз,False,2026-03
2026-03-20 15:00:00+00:00,GBPUSD,BUY,4.147411392942224,низ диапазона,True,2026-03
2026-03-20 20:00:00+00:00,NZDUSD,BUY,1.6206307741793926,низ диапазона,False,2026-03
2026-03-23 00:00:00+00:00,AUDUSD,BUY,3.1391118490884002,низ диапазона,False,2026-03
2026-03-23 05:00:00+00:00,AUDUSD,BUY,4.059387098317208,низ диапазона,False,2026-03
2026-03-23 10:00:00+00:00,EURUSD,BUY,3.921360781973687,низ диапазона,True,2026-03
2026-03-24 15:00:00+00:00,NZDUSD,BUY,1.7814530966088964,низ диапазона,True,2026-03
2026-03-25 15:00:00+00:00,EURUSD,BUY,2.9407164577306926,низ диапазона,False,2026-03
2026-03-25 20:00:00+00:00,EURUSD,BUY,3.1220818981280045,низ диапазона,True,2026-03
2026-03-26 00:00:00+00:00,GBPUSD,BUY,3.1870257086165448,низ диапазона,False,2026-03
2026-03-26 05:00:00+00:00,GBPUSD,BUY,2.305353706886396,низ диапазона,False,2026-03
2026-03-26 10:00:00+00:00,NZDUSD,BUY,2.0000912682622376,низ диапазона,False,2026-03
2026-03-26 15:00:00+00:00,NZDUSD,BUY,1.6092629577428224,низ диапазона,False,2026-03
2026-03-26 20:00:00+00:00,AUDUSD,BUY,2.2828251737792433,низ диапазона,True,2026-03
2026-03-27 00:00:00+00:00,AUDUSD,BUY,3.149530511358021,низ диапазона,True,2026-03
2026-03-27 10:00:00+00:00,GBPUSD,BUY,3.215146405224826,низ диапазона,False,2026-03
2026-03-27 20:00:00+00:00,GBPUSD,BUY,3.581056427791296,низ диапазона,False,2026-03
2026-03-30 00:00:00+00:00,NZDUSD,BUY,3.309779092606794,низ диапазона,True,2026-03
2026-03-30 05:00:00+00:00,EURJPY,BUY,2.2122182115972606,низ диапазона,False,2026-03
2026-03-30 10:00:00+00:00,EURJPY,BUY,4.831138866894529,низ диапазона,False,2026-03
2026-03-30 15:00:00+00:00,EURJPY,BUY,5.05140158929719,низ диапазона,True,2026-03
2026-03-30 20:00:00+00:00,GBPUSD,BUY,3.6321502354572814,низ диапазона,True,2026-03
2026-03-31 10:00:00+00:00,NZDUSD,BUY,1.9696133698378384,низ диапазона,True,2026-03
2026-03-31 15:00:00+00:00,USDJPY,BUY,2.492879650812901,низ диапазона,False,2026-03
2026-03-31 20:00:00+00:00,USDJPY,BUY,4.6776757206240855,низ диапазона,True,2026-03
2026-04-01 00:00:00+00:00,USDCHF,BUY,3.1308124542010263,низ диапазона,False,2026-04
2026-04-01 05:00:00+00:00,USDCHF,BUY,4.028235315684413,низ диапазона,False,2026-04
2026-04-01 10:00:00+00:00,USDCHF,BUY,4.470689779637869,низ диапазона,True,2026-04
2026-04-01 15:00:00+00:00,USDCAD,BUY,2.2861439791576545,низ диапазона,False,2026-04
2026-04-01 20:00:00+00:00,USDCAD,BUY,1.7427736417695703,низ диапазона,True,2026-04
2026-04-02 00:00:00+00:00,USDCAD,BUY,1.9985984220388417,низ диапазона,True,2026-04
2026-04-02 05:00:00+00:00,EURUSD,BUY,4.675076958819772,низ диапазона,False,2026-04
2026-04-02 10:00:00+00:00,EURUSD,BUY,4.82328586979304,низ диапазона,True,2026-04
2026-04-03 00:00:00+00:00,AUDUSD,SELL,2.28994750853341,верх диапазона + тренд вниз,True,2026-04
2026-04-03 15:00:00+00:00,GBPUSD,BUY,3.097691889531892,низ диапазона,False,2026-04
2026-04-03 20:00:00+00:00,GBPUSD,BUY,3.0396971620051634,низ диапазона,True,2026-04
2026-04-06 00:00:00+00:00,EURUSD,BUY,3.0628795283129353,низ диапазона,True,2026-04
2026-04-06 10:00:00+00:00,USDCHF,BUY,1.787409433178038,низ диапазона,True,2026-04
2026-04-06 15:00:00+00:00,NZDUSD,SELL,1.394776543513668,RSI перекупленность,True,2026-04
2026-04-06 20:00:00+00:00,USDCAD,BUY,2.1897745622829787,низ диапазона,True,2026-04
2026-04-07 00:00:00+00:00,AUDUSD,BUY,2.1463757609591334,низ диапазона,True,2026-04
2026-04-07 20:00:00+00:00,USDCAD,BUY,3.631662939704033,низ диапазона,False,2026-04
2026-04-08 00:00:00+00:00,USDJPY,BUY,3.8384249235251175,низ диапазона,False,2026-04
2026-04-08 05:00:00+00:00,USDJPY,BUY,4.593248291450087,низ диапазона,True,2026-04
2026-04-08 10:00:00+00:00,USDCHF,BUY,3.4858743533974477,низ диапазона,True,2026-04
2026-04-08 20:00:00+00:00,GBPUSD,BUY,1.803813347353862,низ диапазона,False,2026-04
2026-04-09 00:00:00+00:00,GBPUSD,BUY,2.4814533975117663,низ диапазона,False,2026-04
2026-04-09 05:00:00+00:00,GBPUSD,BUY,2.8501020674787187,низ диапазона,True,2026-04
2026-04-09 10:00:00+00:00,USDJPY,SELL,2.0040151988866404,верх диапазона + тренд вниз,True,2026-04
2026-04-09 15:00:00+00:00,USDCAD,BUY,3.41184105237085,низ диапазона,True,2026-04
2026-04-09 20:00:00+00:00,USDCAD,BUY,1.896489699517368,низ диапазона,True,2026-04
2026-04-10 05:00:00+00:00,USDJPY,SELL,0.9061834327215259,верх диапазона + тренд вниз,True,2026-04
2026-04-10 10:00:00+00:00,USDCAD,SELL,0.6179791465465442,верх диапазона + тренд вниз,True,2026-04
2026-04-13 00:00:00+00:00,GBPUSD,BUY,1.7215886398316693,низ диапазона,True,2026-04
2026-04-13 05:00:00+00:00,GBPUSD,BUY,1.4578880186923975,RSI перепроданность,True,2026-04
2026-04-13 15:00:00+00:00,USDCAD,BUY,3.572800277194882,низ диапазона,False,2026-04
2026-04-13 20:00:00+00:00,USDCAD,BUY,3.9204709217481795,низ диапазона,False,2026-04
2026-04-14 00:00:00+00:00,USDCAD,BUY,4.53571886775667,низ диапазона,False,2026-04
2026-04-14 05:00:00+00:00,USDCAD,BUY,3.492476003122979,низ диапазона,False,2026-04
2026-04-14 10:00:00+00:00,USDCAD,BUY,3.919756343797876,низ диапазона,True,2026-04
2026-04-15 10:00:00+00:00,EURUSD,BUY,2.2289782077439013,низ диапазона,True,2026-04
2026-04-15 15:00:00+00:00,USDCAD,BUY,1.690224774106574,низ диапазона,False,2026-04
2026-04-16 00:00:00+00:00,USDCAD,BUY,3.380422247340455,низ диапазона,False,2026-04
2026-04-16 05:00:00+00:00,USDCAD,BUY,2.019902997480694,низ диапазона,True,2026-04
2026-04-16 10:00:00+00:00,NZDUSD,BUY,2.887116058241866,низ диапазона,True,2026-04
2026-04-16 15:00:00+00:00,USDCAD,BUY,2.0798343469733527,низ диапазона,False,2026-04
2026-04-16 20:00:00+00:00,GBPUSD,BUY,2.7814439997337157,низ диапазона,False,2026-04
2026-04-17 00:00:00+00:00,USDCAD,BUY,2.5749916141390603,низ диапазона,False,2026-04
2026-04-17 05:00:00+00:00,USDCAD,BUY,3.0456354298241792,низ диапазона,True,2026-04
2026-04-17 10:00:00+00:00,NZDUSD,BUY,1.9447828868929022,низ диапазона,True,2026-04
2026-04-17 15:00:00+00:00,EURJPY,BUY,2.8872264829806342,низ диапазона,False,2026-04
2026-04-17 20:00:00+00:00,EURJPY,BUY,3.109901481328293,низ диапазона,True,2026-04
2026-04-20 00:00:00+00:00,EURUSD,BUY,1.8360373374453807,низ диапазона,False,2026-04
2026-04-20 05:00:00+00:00,NZDUSD,BUY,3.770037612384012,низ диапазона,True,2026-04
2026-04-20 10:00:00+00:00,USDJPY,SELL,1.3579958858242591,RSI перекупленность,True,2026-04
2026-04-20 15:00:00+00:00,USDCHF,BUY,3.6367072494456334,низ диапазона,False,2026-04
2026-04-20 20:00:00+00:00,USDCHF,BUY,3.8019171291352363,низ диапазона,True,2026-04
2026-04-21 00:00:00+00:00,USDCAD,BUY,2.146738092530846,низ диапазона,True,2026-04
2026-04-21 05:00:00+00:00,GBPUSD,BUY,1.6487122973340167,RSI перепроданность,False,2026-04
2026-04-21 10:00:00+00:00,EURUSD,BUY,3.2468733520118738,низ диапазона,False,2026-04
2026-04-21 15:00:00+00:00,EURUSD,BUY,2.2501890102048767,низ диапазона,False,2026-04
2026-04-22 15:00:00+00:00,EURUSD,BUY,2.75893371757925,низ диапазона,False,2026-04
2026-04-22 20:00:00+00:00,EURJPY,BUY,3.0319842164969035,низ диапазона,False,2026-04
2026-04-23 00:00:00+00:00,EURJPY,BUY,3.7488432001697523,низ диапазона,True,2026-04
2026-04-23 10:00:00+00:00,NZDUSD,BUY,3.47895757806143,низ диапазона,True,2026-04
2026-04-23 20:00:00+00:00,NZDUSD,BUY,1.80303095180892,низ диапазона,True,2026-04
2026-04-24 05:00:00+00:00,AUDUSD,BUY,1.323144212956084,RSI перепроданность,True,2026-04
2026-04-24 10:00:00+00:00,EURJPY,SELL,0.93690589991369,верх диапазона + тренд вниз,True,2026-04
2026-04-24 15:00:00+00:00,USDJPY,BUY,3.309589205471549,низ диапазона,True,2026-04
2026-04-24 20:00:00+00:00,USDCAD,BUY,2.545338290941012,низ диапазона,False,2026-04
2026-04-27 00:00:00+00:00,NZDUSD,SELL,1.5988938851429202,верх диапазона + тренд вниз,False,2026-04
2026-04-27 05:00:00+00:00,USDCAD,BUY,1.6133320262203767,низ диапазона,False,2026-04
2026-04-27 10:00:00+00:00,USDCAD,BUY,3.5083128721850745,низ диапазона,True,2026-04
2026-04-27 15:00:00+00:00,USDCAD,BUY,1.5774293243560216,RSI перепроданность,True,2026-04
2026-04-27 20:00:00+00:00,EURUSD,BUY,1.6168840189762193,низ диапазона,False,2026-04
2026-04-28 00:00:00+00:00,EURUSD,BUY,4.465352800946371,низ диапазона,False,2026-04
2026-04-28 05:00:00+00:00,NZDUSD,BUY,4.046967282709865,низ диапазона,False,2026-04
2026-04-28 10:00:00+00:00,GBPUSD,BUY,4.237397627270686,низ диапазона,True,2026-04
2026-04-28 20:00:00+00:00,EURJPY,SELL,1.9406421156649587,верх диапазона + тренд вниз,True,2026-04
2026-04-29 00:00:00+00:00,EURUSD,SELL,1.1288894958553164,верх диапазона + тренд вниз,True,2026-04
2026-04-29 05:00:00+00:00,NZDUSD,BUY,2.5478554300646468,низ диапазона,False,2026-04
2026-04-29 10:00:00+00:00,NZDUSD,BUY,1.8935141869413923,низ диапазона,False,2026-04
2026-04-29 15:00:00+00:00,AUDUSD,BUY,3.1579042741916017,низ диапазона,False,2026-04
2026-04-29 20:00:00+00:00,AUDUSD,BUY,1.8751237806893377,низ диапазона,True,2026-04
2026-04-30 05:00:00+00:00,EURUSD,BUY,2.804632610805049,низ диапазона,True,2026-04
2026-04-30 10:00:00+00:00,USDJPY,BUY,4.740336602872447,низ диапазона,False,2026-04
2026-04-30 15:00:00+00:00,USDCHF,BUY,3.6954925833158763,низ диапазона,False,2026-04
2026-04-30 20:00:00+00:00,USDCHF,BUY,4.7229878349814065,низ диапазона,True,2026-04
2026-05-01 00:00:00+00:00,USDCAD,BUY,3.5795868026069737,низ диапазона,True,2026-05
2026-05-01 05:00:00+00:00,USDCAD,BUY,2.574226117148111,низ диапазона,False,2026-05
2026-05-01 10:00:00+00:00,USDCAD,BUY,1.5651747046046574,низ диапазона,True,2026-05
2026-05-01 20:00:00+00:00,GBPUSD,BUY,2.618952929441662,низ диапазона,False,2026-05
2026-05-04 00:00:00+00:00,GBPUSD,BUY,2.368797429292909,низ диапазона,False,2026-05
2026-05-04 10:00:00+00:00,EURUSD,BUY,3.6224609455668046,низ диапазона,False,2026-05
2026-05-04 15:00:00+00:00,NZDUSD,BUY,2.9395005189709424,низ диапазона,True,2026-05
2026-05-04 20:00:00+00:00,NZDUSD,BUY,2.213089056352056,низ диапазона,False,2026-05
2026-05-05 00:00:00+00:00,NZDUSD,BUY,3.0409997405668885,низ диапазона,True,2026-05
2026-05-05 05:00:00+00:00,AUDUSD,BUY,3.626825386195857,низ диапазона,True,2026-05
2026-05-05 10:00:00+00:00,USDJPY,SELL,1.2747065604695038,RSI перекупленность,False,2026-05
2026-05-05 15:00:00+00:00,EURJPY,SELL,3.0618090494020023,верх диапазона + тренд вниз,False,2026-05
2026-05-05 20:00:00+00:00,EURJPY,SELL,2.8038589380382035,RSI перекупленность,False,2026-05
2026-05-06 00:00:00+00:00,EURJPY,SELL,2.099293934339685,верх диапазона + тренд вниз,True,2026-05
2026-05-06 05:00:00+00:00,USDJPY,BUY,1.1240724941182556,RSI перепроданность,False,2026-05
2026-05-06 10:00:00+00:00,USDCHF,BUY,3.4055395867483402,низ диапазона,True,2026-05
2026-05-06 15:00:00+00:00,USDCAD,SELL,0.9884459622436592,верх диапазона + тренд вниз,False,2026-05
2026-05-07 00:00:00+00:00,GBPUSD,BUY,3.09424733956059,низ диапазона,True,2026-05
2026-05-07 05:00:00+00:00,USDCAD,SELL,0.4648212358485854,верх диапазона + тренд вниз,True,2026-05
2026-05-07 15:00:00+00:00,EURJPY,SELL,0.8194201643587414,верх диапазона + тренд вниз,True,2026-05
2026-05-07 20:00:00+00:00,AUDUSD,BUY,3.975197529298268,низ диапазона,True,2026-05
2026-05-08 00:00:00+00:00,NZDUSD,BUY,4.067558166899961,низ диапазона,True,2026-05
2026-05-08 10:00:00+00:00,EURJPY,SELL,1.7762055641212866,верх диапазона + тренд вниз,True,2026-05
2026-05-08 15:00:00+00:00,USDCHF,BUY,2.551625494825222,низ диапазона,False,2026-05
2026-05-08 20:00:00+00:00,USDCHF,BUY,3.8706994944568676,низ диапазона,True,2026-05
2026-05-11 00:00:00+00:00,EURJPY,SELL,1.3113817399548648,верх диапазона + тренд вниз,True,2026-05
2026-05-11 05:00:00+00:00,EURUSD,BUY,3.4234313492448076,низ диапазона,True,2026-05
2026-05-11 10:00:00+00:00,USDCAD,BUY,2.4301172899902537,низ диапазона,True,2026-05
2026-05-12 00:00:00+00:00,USDJPY,SELL,1.2290551888460017,верх диапазона + тренд вниз,True,2026-05
2026-05-12 05:00:00+00:00,GBPUSD,BUY,5.050701140115538,низ диапазона,False,2026-05
2026-05-12 10:00:00+00:00,EURUSD,BUY,4.319703379610644,низ диапазона,False,2026-05
2026-05-12 15:00:00+00:00,EURUSD,BUY,2.5072155102388987,низ диапазона,True,2026-05
2026-05-13 05:00:00+00:00,GBPUSD,SELL,1.0400280120856369,верх диапазона + тренд вниз,True,2026-05
2026-05-13 10:00:00+00:00,GBPUSD,BUY,2.305218057060595,низ диапазона,True,2026-05
2026-05-14 10:00:00+00:00,AUDUSD,BUY,2.31401578493504,низ диапазона,False,2026-05
2026-05-14 15:00:00+00:00,EURUSD,BUY,2.8515662292710364,низ диапазона,False,2026-05
2026-05-14 20:00:00+00:00,EURUSD,BUY,4.493482735449765,низ диапазона,False,2026-05
2026-05-15 00:00:00+00:00,NZDUSD,BUY,5.183669562200196,низ диапазона,False,2026-05
2026-05-15 05:00:00+00:00,GBPUSD,BUY,4.940743916431649,низ диапазона,True,2026-05
2026-05-15 10:00:00+00:00,NZDUSD,BUY,1.6432110209039177,RSI перепроданность,False,2026-05
2026-05-15 15:00:00+00:00,NZDUSD,BUY,3.069307938687114,низ диапазона,False,2026-05
2026-05-15 20:00:00+00:00,NZDUSD,BUY,2.2763590291075864,низ диапазона,False,2026-05
2026-05-18 00:00:00+00:00,GBPUSD,BUY,2.4674400206385774,низ диапазона,True,2026-05
2026-05-18 05:00:00+00:00,AUDUSD,BUY,1.248883313662282,низ диапазона,True,2026-05
2026-05-18 15:00:00+00:00,GBPUSD,SELL,2.5916116546104817,верх диапазона + тренд вниз,False,2026-05
2026-05-18 20:00:00+00:00,USDCHF,BUY,2.2867911129208522,низ диапазона,True,2026-05
2026-05-19 05:00:00+00:00,AUDUSD,BUY,2.07620928365324,низ диапазона,False,2026-05
2026-05-19 10:00:00+00:00,AUDUSD,BUY,3.9298025274065873,низ диапазона,False,2026-05
2026-05-19 15:00:00+00:00,EURUSD,BUY,3.152353612558151,низ диапазона,True,2026-05
2026-05-20 00:00:00+00:00,NZDUSD,BUY,2.225975702929161,низ диапазона,True,2026-05
2026-05-20 05:00:00+00:00,EURUSD,BUY,1.439870263841894,низ диапазона,True,2026-05
2026-05-20 10:00:00+00:00,AUDUSD,SELL,1.2604636867682038,верх диапазона + тренд вниз,False,2026-05
2026-05-20 15:00:00+00:00,AUDUSD,SELL,1.5679045308587831,RSI перекупленность,False,2026-05
2026-05-20 20:00:00+00:00,AUDUSD,SELL,1.451377742108079,RSI перекупленность,True,2026-05
2026-05-21 00:00:00+00:00,EURJPY,SELL,0.6333813023173336,верх диапазона + тренд вниз,False,2026-05
2026-05-21 05:00:00+00:00,EURJPY,SELL,1.1993291857650414,верх диапазона + тренд вниз,True,2026-05
2026-05-21 15:00:00+00:00,EURUSD,BUY,1.6946316580452665,низ диапазона,True,2026-05
2026-05-22 10:00:00+00:00,AUDUSD,BUY,4.042253111277042,низ диапазона,True,2026-05
2026-05-22 15:00:00+00:00,NZDUSD,BUY,1.3775157914292784,RSI перепроданность,False,2026-05
2026-05-22 20:00:00+00:00,NZDUSD,BUY,2.0845828532468875,низ диапазона,True,2026-05
2026-05-25 00:00:00+00:00,USDCHF,BUY,2.8338773752582975,низ диапазона,False,2026-05
2026-05-25 05:00:00+00:00,USDCHF,BUY,3.2767954415474585,низ диапазона,False,2026-05
2026-05-25 10:00:00+00:00,USDCHF,BUY,3.502068286193962,низ диапазона,True,2026-05
2026-05-26 00:00:00+00:00,NZDUSD,BUY,1.1178837075115975,низ диапазона,False,2026-05
2026-05-26 05:00:00+00:00,GBPUSD,BUY,4.449334786947667,низ диапазона,True,2026-05
2026-05-26 10:00:00+00:00,NZDUSD,BUY,2.3951845398005167,низ диапазона,False,2026-05
2026-05-26 15:00:00+00:00,GBPUSD,BUY,4.630765564100154,низ диапазона,True,2026-05
2026-05-26 20:00:00+00:00,NZDUSD,BUY,1.740235120557482,низ диапазона,True,2026-05
2026-05-27 05:00:00+00:00,NZDUSD,SELL,1.7294336141615931,верх диапазона + тренд вниз,False,2026-05
2026-05-27 10:00:00+00:00,AUDUSD,BUY,3.4062070469143335,низ диапазона,True,2026-05
2026-05-27 15:00:00+00:00,AUDUSD,BUY,1.3248323878965953,низ диапазона,True,2026-05
2026-05-27 20:00:00+00:00,EURUSD,BUY,2.261058192451613,низ диапазона,False,2026-05
2026-05-28 00:00:00+00:00,GBPUSD,BUY,2.1317282567418383,низ диапазона,False,2026-05
2026-05-28 05:00:00+00:00,EURUSD,BUY,1.9482294526395216,низ диапазона,True,2026-05
2026-05-28 15:00:00+00:00,USDCAD,BUY,3.407724044076928,низ диапазона,False,2026-05
2026-05-28 20:00:00+00:00,USDCAD,BUY,4.11988177862668,низ диапазона,True,2026-05
2026-05-29 00:00:00+00:00,USDCAD,BUY,4.063195136530266,низ диапазона,True,2026-05
2026-05-29 05:00:00+00:00,USDCAD,BUY,2.2899939034516357,низ диапазона,True,2026-05
2026-05-29 10:00:00+00:00,USDCHF,BUY,1.8154154894040488,низ диапазона,False,2026-05
2026-05-29 15:00:00+00:00,GBPUSD,SELL,0.33117451726638725,верх диапазона + тренд вниз,True,2026-05
2026-06-01 10:00:00+00:00,NZDUSD,BUY,3.4972372185508602,низ диапазона,False,2026-06
2026-06-01 15:00:00+00:00,NZDUSD,BUY,1.3810083496952945,RSI перепроданность,True,2026-06
2026-06-01 20:00:00+00:00,USDCHF,SELL,1.254606463766411,RSI перекупленность,False,2026-06
2026-06-02 00:00:00+00:00,NZDUSD,BUY,2.596773503807003,низ диапазона,True,2026-06
2026-06-03 05:00:00+00:00,AUDUSD,BUY,3.734725149991892,низ диапазона,True,2026-06
2026-06-03 10:00:00+00:00,NZDUSD,BUY,3.0704494336908037,низ диапазона,False,2026-06
2026-06-03 15:00:00+00:00,NZDUSD,BUY,4.256010781321225,низ диапазона,False,2026-06
2026-06-03 20:00:00+00:00,NZDUSD,BUY,3.7891678062004654,низ диапазона,True,2026-06
2026-06-04 00:00:00+00:00,NZDUSD,BUY,1.501893179722363,низ диапазона,True,2026-06
2026-06-04 05:00:00+00:00,AUDUSD,BUY,1.4679858649712505,низ диапазона,True,2026-06
2026-06-04 10:00:00+00:00,USDCHF,BUY,2.5063806651708243,низ диапазона,False,2026-06
2026-06-05 00:00:00+00:00,AUDUSD,BUY,2.0254417946930663,низ диапазона,False,2026-06
2026-06-05 05:00:00+00:00,GBPUSD,BUY,1.835283137012146,низ диапазона,True,2026-06
2026-06-05 10:00:00+00:00,GBPUSD,SELL,2.922219383327869,RSI перекупленность,True,2026-06
2026-06-05 15:00:00+00:00,EURUSD,BUY,3.990455590459978,низ диапазона,False,2026-06
2026-06-05 20:00:00+00:00,EURUSD,BUY,4.03269449313,низ диапазона,True,2026-06
2026-06-08 00:00:00+00:00,EURUSD,BUY,3.7491237530596324,низ диапазона,False,2026-06
2026-06-08 05:00:00+00:00,GBPUSD,BUY,3.6081924047674816,низ диапазона,True,2026-06
2026-06-09 05:00:00+00:00,NZDUSD,SELL,1.3671567061875043,верх диапазона + тренд вниз,True,2026-06
2026-06-09 10:00:00+00:00,GBPUSD,SELL,3.155574932935429,верх диапазона + тренд вниз,True,2026-06
2026-06-09 15:00:00+00:00,AUDUSD,BUY,2.2681966330140897,низ диапазона,False,2026-06
2026-06-10 10:00:00+00:00,AUDUSD,BUY,1.4661362572613144,низ диапазона,True,2026-06
2026-06-10 20:00:00+00:00,NZDUSD,BUY,2.2384795420288226,низ диапазона,True,2026-06
2026-06-11 05:00:00+00:00,NZDUSD,BUY,1.3196378185855036,RSI перепроданность,False,2026-06
2026-06-11 10:00:00+00:00,NZDUSD,BUY,2.078162556859867,низ диапазона,False,2026-06
2026-06-11 15:00:00+00:00,EURUSD,BUY,3.6794176690485108,низ диапазона,True,2026-06
2026-06-11 20:00:00+00:00,USDCHF,BUY,3.0298559787976993,низ диапазона,True,2026-06
2026-06-12 00:00:00+00:00,AUDUSD,SELL,0.9220742589821717,верх диапазона + тренд вниз,True,2026-06
