t,hour,dow,sym,score,fwr,volr,win,month
2025-06-12 05:00:00+00:00,5,3,EURJPY,2.4,0.5,0.9822934208770082,True,2025-06
2025-06-12 10:00:00+00:00,10,3,USDCHF,2.1,0.5,1.387574576226584,True,2025-06
2025-06-12 20:00:00+00:00,20,3,USDCHF,2.1,0.5,1.4831432898763808,False,2025-06
2025-06-13 00:00:00+00:00,0,4,USDCHF,2.1,0.5,1.416915558720384,True,2025-06
2025-06-13 05:00:00+00:00,5,4,EURUSD,2.4,0.5,1.3859958193750972,False,2025-06
2025-06-13 10:00:00+00:00,10,4,EURUSD,2.4,0.5,1.666224882808678,True,2025-06
2025-06-13 15:00:00+00:00,15,4,USDCHF,1.2000000000000002,0.5,1.4644974340031345,True,2025-06
2025-06-16 00:00:00+00:00,0,0,EURJPY,1.1,0.5,1.1252907562409569,True,2025-06
2025-06-17 00:00:00+00:00,0,1,USDCHF,2.0,0.5,1.0144706635053256,True,2025-06
2025-06-17 05:00:00+00:00,5,1,EURUSD,2.4,0.5,0.699037068136571,False,2025-06
2025-06-17 20:00:00+00:00,20,1,EURJPY,2.4,0.5,1.1050166974496747,True,2025-06
2025-06-18 00:00:00+00:00,0,2,EURUSD,2.1,0.5,1.1397498276979416,True,2025-06
2025-06-18 05:00:00+00:00,5,2,EURJPY,2.4,0.5,0.7066721071414518,False,2025-06
2025-06-18 10:00:00+00:00,10,2,EURJPY,2.1,0.5,0.7886023685833446,False,2025-06
2025-06-19 00:00:00+00:00,0,3,EURJPY,1.6,0.5,0.912351953095745,False,2025-06
2025-06-19 05:00:00+00:00,5,3,EURUSD,2.1,0.5,1.1386907566575135,True,2025-06
2025-06-19 20:00:00+00:00,20,3,USDCHF,2.4,0.5,1.1165481312013528,True,2025-06
2025-06-20 05:00:00+00:00,5,4,USDCHF,1.6,0.5,0.8538667556763544,False,2025-06
2025-06-20 20:00:00+00:00,20,4,EURJPY,1.5,0.5,0.8220574264862914,True,2025-06
2025-06-23 00:00:00+00:00,0,0,EURUSD,2.4,0.5,1.1071306023125427,True,2025-06
2025-06-23 05:00:00+00:00,5,0,EURUSD,1.1,0.5,1.0914242290624911,False,2025-06
2025-06-23 10:00:00+00:00,10,0,EURUSD,2.1,0.5,1.2542835129086305,True,2025-06
2025-06-23 15:00:00+00:00,15,0,USDCHF,2.1,0.5,1.384787848407232,False,2025-06
2025-06-23 20:00:00+00:00,20,0,USDCHF,2.1,0.5,1.4241304452061023,True,2025-06
2025-06-24 00:00:00+00:00,0,1,EURJPY,2.4,0.5,1.3018406708807588,False,2025-06
2025-06-24 05:00:00+00:00,5,1,USDCHF,2.1,0.5,0.9893798879600886,True,2025-06
2025-06-24 10:00:00+00:00,10,1,EURJPY,2.4799999999999995,0.5333333333333333,1.15083952656207,False,2025-06
2025-06-24 15:00:00+00:00,15,1,USDCHF,2.17,0.5333333333333333,1.1620057040392793,False,2025-06
2025-06-24 20:00:00+00:00,20,1,USDCHF,2.1,0.5,1.131274815084351,True,2025-06
2025-06-25 00:00:00+00:00,0,2,USDCHF,2.161764705882353,0.5294117647058824,1.0372434324813267,True,2025-06
2025-06-25 05:00:00+00:00,5,2,USDCHF,1.372222222222222,0.5555555555555556,0.6927742511327702,True,2025-06
2025-06-25 20:00:00+00:00,20,2,EURJPY,1.4605263157894735,0.47368421052631576,0.9057217761837795,False,2025-06
2025-06-26 00:00:00+00:00,0,3,USDCHF,2.205,0.55,0.837811239393518,False,2025-06
2025-06-26 05:00:00+00:00,5,3,USDCHF,2.15,0.5238095238095238,0.7777186184840579,False,2025-06
2025-06-26 15:00:00+00:00,15,3,USDCHF,2.1,0.5,1.2929262695799661,True,2025-06
2025-06-27 05:00:00+00:00,5,4,EURUSD,1.6,0.5,0.8634084671406652,True,2025-06
2025-06-27 10:00:00+00:00,10,4,USDCHF,1.3282608695652174,0.5217391304347826,0.9664837036260742,True,2025-06
2025-06-30 00:00:00+00:00,0,0,EURUSD,1.2833333333333332,0.6666666666666666,1.204071085174079,False,2025-06
2025-06-30 05:00:00+00:00,5,0,EURJPY,2.755,0.45,0.8723502837947411,True,2025-06
2025-06-30 10:00:00+00:00,10,0,USDCHF,2.1875,0.5416666666666666,0.8896406160294188,True,2025-06
2025-06-30 15:00:00+00:00,15,0,USDCHF,2.2260000000000004,0.56,1.1292578839064573,False,2025-06
2025-06-30 20:00:00+00:00,20,0,USDCHF,2.1807692307692306,0.5384615384615384,1.102379161023892,False,2025-06
2025-07-01 00:00:00+00:00,0,1,USDCHF,2.1388888888888893,0.5185185185185185,0.9320809030127858,True,2025-07
2025-07-01 05:00:00+00:00,5,1,USDCHF,2.175,0.5357142857142857,0.7231498089572996,False,2025-07
2025-07-01 10:00:00+00:00,10,1,USDCHF,2.136206896551724,0.5172413793103449,1.012316028666317,True,2025-07
2025-07-01 15:00:00+00:00,15,1,EURUSD,1.8352941176470587,0.6470588235294118,1.0631495253320147,True,2025-07
2025-07-02 10:00:00+00:00,10,2,EURUSD,2.7999999999999994,0.6666666666666666,0.6619544108532471,False,2025-07
2025-07-02 15:00:00+00:00,15,2,EURUSD,1.2447368421052631,0.631578947368421,1.0385565732387578,True,2025-07
2025-07-03 00:00:00+00:00,0,3,EURUSD,1.7249999999999999,0.65,0.9203326503555502,True,2025-07
2025-07-03 15:00:00+00:00,15,3,EURUSD,1.4000000000000001,0.6666666666666666,1.2704867286521533,False,2025-07
2025-07-03 20:00:00+00:00,20,3,EURUSD,1.3636363636363638,0.6363636363636364,1.2995312974182016,True,2025-07
2025-07-04 00:00:00+00:00,0,4,EURUSD,1.2673913043478262,0.6521739130434783,1.2263091638660657,True,2025-07
2025-07-04 05:00:00+00:00,5,4,USDCHF,1.6533333333333333,0.5333333333333333,0.7727543810585972,True,2025-07
2025-07-04 10:00:00+00:00,10,4,EURJPY,1.153846153846154,0.46153846153846156,0.7129325092089656,True,2025-07
2025-07-07 10:00:00+00:00,10,0,EURUSD,3.383333333333333,0.6666666666666666,0.9208611947975603,True,2025-07
2025-07-07 15:00:00+00:00,15,0,EURUSD,2.0060000000000007,0.68,1.048721423327404,False,2025-07
2025-07-08 00:00:00+00:00,0,1,EURUSD,1.2692307692307692,0.6538461538461539,1.3559450801918322,True,2025-07
2025-07-09 10:00:00+00:00,10,2,EURJPY,1.5703703703703704,0.48148148148148145,0.9761146496815287,False,2025-07
2025-07-09 15:00:00+00:00,15,2,EURJPY,1.1571428571428573,0.4642857142857143,0.9033755817195308,False,2025-07
2025-07-10 00:00:00+00:00,0,3,EURJPY,2.32,0.4666666666666667,0.9793710537744569,True,2025-07
2025-07-10 05:00:00+00:00,5,3,USDCHF,1.147142857142857,0.5428571428571428,0.9265759696911373,True,2025-07
2025-07-10 15:00:00+00:00,15,3,EURJPY,1.5741935483870968,0.4838709677419355,1.1447183449375147,False,2025-07
2025-07-11 00:00:00+00:00,0,4,EURUSD,2.4499999999999997,0.6666666666666666,1.1625905921904711,True,2025-07
2025-07-11 05:00:00+00:00,5,4,EURUSD,1.532142857142857,0.6785714285714286,0.9104905168551529,True,2025-07
2025-07-11 20:00:00+00:00,20,4,EURJPY,1.4772727272727273,0.48484848484848486,1.011233881936171,True,2025-07
2025-07-14 05:00:00+00:00,5,0,EURUSD,2.4982758620689656,0.6896551724137931,0.8401034524892406,True,2025-07
2025-07-14 20:00:00+00:00,20,0,EURUSD,1.5599999999999998,0.7,0.952698590619488,True,2025-07
2025-07-15 15:00:00+00:00,15,1,EURUSD,2.5403225806451615,0.7096774193548387,1.2462972149387004,False,2025-07
2025-07-15 20:00:00+00:00,20,1,EURUSD,2.49375,0.6875,1.2912763092622777,True,2025-07
2025-07-16 00:00:00+00:00,0,2,EURUSD,2.5136363636363637,0.696969696969697,1.159187867621005,True,2025-07
2025-07-16 15:00:00+00:00,15,2,EURJPY,1.2000000000000002,0.5,1.2335486361917938,False,2025-07
2025-07-16 20:00:00+00:00,20,2,EURJPY,2.3657142857142857,0.4857142857142857,1.335451505913455,True,2025-07
2025-07-17 00:00:00+00:00,0,3,USDCHF,1.1289473684210525,0.5263157894736842,2.3650201133267013,True,2025-07
2025-07-17 10:00:00+00:00,10,3,EURUSD,2.532352941176471,0.7058823529411765,1.0538638317401712,True,2025-07
2025-07-18 00:00:00+00:00,0,4,USDCHF,1.6615384615384614,0.5384615384615384,1.2275351625636455,False,2025-07
2025-07-18 05:00:00+00:00,5,4,EURJPY,1.5202702702702704,0.5135135135135135,0.7938007092721017,False,2025-07
2025-07-18 10:00:00+00:00,10,4,USDCHF,2.4599999999999995,0.525,0.7670522722989098,False,2025-07
2025-07-18 20:00:00+00:00,20,4,USDCHF,1.1275,0.525,0.9812061574980359,True,2025-07
2025-07-21 00:00:00+00:00,0,0,EURJPY,2.4,0.5,0.880731530451971,True,2025-07
2025-07-21 05:00:00+00:00,5,0,EURJPY,1.2153846153846155,0.5128205128205128,0.8231991412304909,False,2025-07
2025-07-21 10:00:00+00:00,10,0,EURJPY,2.9,0.5,1.2157429925199563,True,2025-07
2025-07-21 15:00:00+00:00,15,0,USDCHF,2.1525,0.525,0.8940194570169375,True,2025-07
2025-07-22 15:00:00+00:00,15,1,USDCHF,2.1525,0.525,1.202942838271222,True,2025-07
2025-07-22 20:00:00+00:00,20,1,USDCHF,2.1525,0.525,1.2232251942352173,True,2025-07
2025-07-23 10:00:00+00:00,10,2,EURUSD,1.4432432432432434,0.7027027027027027,0.9213929038915707,True,2025-07
2025-07-23 20:00:00+00:00,20,2,USDCHF,1.3324999999999998,0.525,1.13916833941064,True,2025-07
2025-07-24 05:00:00+00:00,5,3,EURUSD,1.8157894736842106,0.7105263157894737,0.784088284357757,True,2025-07
2025-07-24 10:00:00+00:00,10,3,EURUSD,1.461538461538462,0.717948717948718,0.775647324490984,True,2025-07
2025-07-24 15:00:00+00:00,15,3,USDCHF,2.05,0.525,1.0546577755612576,True,2025-07
2025-07-25 00:00:00+00:00,0,4,EURJPY,1.4249999999999998,0.45,0.9690605038528989,True,2025-07
2025-07-25 10:00:00+00:00,10,4,EURUSD,2.94,0.725,0.9592883382554203,False,2025-07
2025-07-28 10:00:00+00:00,10,0,EURUSD,2.5725000000000002,0.725,1.3040861306012483,False,2025-07
2025-07-28 15:00:00+00:00,15,0,EURUSD,2.5725000000000002,0.725,1.5388995208816865,False,2025-07
2025-07-28 20:00:00+00:00,20,0,EURUSD,2.52,0.7,1.4029142370263865,True,2025-07
2025-07-29 00:00:00+00:00,0,1,EURUSD,2.5725000000000002,0.725,1.0336288840961736,False,2025-07
2025-07-29 05:00:00+00:00,5,1,EURUSD,2.52,0.7,0.7783138342781329,False,2025-07
2025-07-29 15:00:00+00:00,15,1,EURUSD,1.5599999999999998,0.7,1.6113347662046433,True,2025-07
2025-07-30 00:00:00+00:00,0,2,USDCHF,1.6800000000000002,0.55,1.1405473028699578,True,2025-07
2025-07-30 05:00:00+00:00,5,2,USDCHF,1.6800000000000002,0.55,0.7832024977032184,False,2025-07
2025-07-30 10:00:00+00:00,10,2,EURJPY,1.9949999999999999,0.45,0.8013034611178436,False,2025-07
2025-07-30 15:00:00+00:00,15,2,EURUSD,2.52,0.7,1.3563289789054949,False,2025-07
2025-07-30 20:00:00+00:00,20,2,EURUSD,2.4675000000000002,0.675,1.6293255649717513,True,2025-07
2025-07-31 00:00:00+00:00,0,3,EURUSD,2.4675000000000002,0.675,1.5539528142081274,False,2025-07
2025-07-31 20:00:00+00:00,20,3,EURUSD,1.4949999999999997,0.65,1.1268889853752557,True,2025-07
2025-08-01 00:00:00+00:00,0,4,EURJPY,1.4625,0.475,1.1298161240009184,True,2025-08
2025-08-01 10:00:00+00:00,10,4,EURJPY,1.6,0.5,0.9085007720818893,False,2025-08
2025-08-01 15:00:00+00:00,15,4,EURUSD,1.8399999999999999,0.65,1.6548032436197204,True,2025-08
2025-08-01 20:00:00+00:00,20,4,USDCHF,3.1174999999999997,0.575,1.9937959062848825,True,2025-08
2025-08-04 00:00:00+00:00,0,0,EURJPY,2.0475,0.475,1.3945504394624906,True,2025-08
2025-08-04 10:00:00+00:00,10,0,USDCHF,1.1825,0.575,1.0767304054964708,False,2025-08
2025-08-04 15:00:00+00:00,15,0,EURJPY,2.1,0.5,0.9799411934810464,False,2025-08
2025-08-04 20:00:00+00:00,20,0,EURJPY,2.1,0.5,0.9156132602564785,False,2025-08
2025-08-05 00:00:00+00:00,0,1,EURJPY,2.0475,0.475,0.9539895548109979,True,2025-08
2025-08-05 05:00:00+00:00,5,1,EURJPY,1.2674999999999998,0.475,0.7328913828506691,True,2025-08
2025-08-05 15:00:00+00:00,15,1,USDCHF,1.6800000000000002,0.55,0.8861608060867777,True,2025-08
2025-08-05 20:00:00+00:00,20,1,EURJPY,1.95,0.475,0.7845048856475254,True,2025-08
2025-08-06 00:00:00+00:00,0,2,EURJPY,2.0,0.5,0.7114237414147137,True,2025-08
2025-08-06 05:00:00+00:00,5,2,USDCHF,1.6800000000000002,0.55,0.610135478771316,True,2025-08
2025-08-06 15:00:00+00:00,15,2,USDCHF,1.3974999999999997,0.575,0.9180286644225336,True,2025-08
2025-08-06 20:00:00+00:00,20,2,EURUSD,1.7625000000000002,0.675,1.0571934939346193,False,2025-08
2025-08-07 15:00:00+00:00,15,3,USDCHF,1.2100000000000002,0.6,1.0787754354970913,True,2025-08
2025-08-08 00:00:00+00:00,0,4,EURJPY,1.1275,0.525,1.0844999924160839,False,2025-08
2025-08-08 05:00:00+00:00,5,4,USDCHF,1.2100000000000002,0.6,0.7497094883077204,True,2025-08
2025-08-08 15:00:00+00:00,15,4,EURJPY,1.5,0.5,0.9030725966045203,True,2025-08
2025-08-11 15:00:00+00:00,15,0,EURUSD,2.3625000000000003,0.625,1.0364054979866482,True,2025-08
2025-08-11 20:00:00+00:00,20,0,EURJPY,1.1275,0.525,1.1289685190132692,True,2025-08
2025-08-12 00:00:00+00:00,0,1,EURUSD,1.3800000000000001,0.65,0.9565917672220314,True,2025-08
2025-08-12 15:00:00+00:00,15,1,USDCHF,1.3200000000000003,0.6,1.4628731186498347,False,2025-08
2025-08-12 20:00:00+00:00,20,1,USDCHF,1.72,0.575,1.5423594045108322,False,2025-08
2025-08-13 00:00:00+00:00,0,2,USDCHF,1.72,0.575,1.4193720245069468,True,2025-08
2025-08-13 05:00:00+00:00,5,2,USDCHF,2.3100000000000005,0.6,0.7864718435713622,False,2025-08
2025-08-13 15:00:00+00:00,15,2,EURJPY,1.2600000000000002,0.55,1.0339448851565263,True,2025-08
2025-08-14 00:00:00+00:00,0,3,EURJPY,3.045,0.55,1.0907542503602479,False,2025-08
2025-08-14 05:00:00+00:00,5,3,EURUSD,2.415,0.65,0.5159584930793042,False,2025-08
2025-08-14 15:00:00+00:00,15,3,EURUSD,3.2624999999999997,0.625,1.4086256996034983,False,2025-08
2025-08-14 20:00:00+00:00,20,3,EURJPY,1.23,0.525,1.1331744002322581,True,2025-08
2025-08-15 00:00:00+00:00,0,4,EURUSD,1.35,0.625,1.1425759722878288,True,2025-08
2025-08-15 10:00:00+00:00,10,4,EURUSD,1.6875,0.625,0.6464103429137329,False,2025-08
2025-08-15 20:00:00+00:00,20,4,EURUSD,1.6500000000000001,0.6,0.9063463378335282,True,2025-08
2025-08-18 00:00:00+00:00,0,0,EURJPY,1.5,0.5,0.879510127178521,True,2025-08
2025-08-18 05:00:00+00:00,5,0,EURJPY,1.5374999999999999,0.525,0.7454533602763835,True,2025-08
2025-08-18 10:00:00+00:00,10,0,EURUSD,1.35,0.625,0.8871890567712872,False,2025-08
2025-08-18 15:00:00+00:00,15,0,EURUSD,2.64,0.6,1.0777471999476584,False,2025-08
2025-08-18 20:00:00+00:00,20,0,EURUSD,2.5799999999999996,0.575,1.1071557493127482,True,2025-08
2025-08-19 00:00:00+00:00,0,1,EURUSD,2.5799999999999996,0.575,1.0696375515190943,False,2025-08
2025-08-19 05:00:00+00:00,5,1,EURJPY,1.64,0.525,1.144300518857787,True,2025-08
2025-08-19 10:00:00+00:00,10,1,USDCHF,2.205,0.55,0.9241810696627596,True,2025-08
2025-08-19 20:00:00+00:00,20,1,EURUSD,2.2575,0.575,0.9126612343899538,False,2025-08
2025-08-20 00:00:00+00:00,0,2,EURUSD,2.205,0.55,0.8543514144904014,False,2025-08
2025-08-20 05:00:00+00:00,5,2,EURJPY,2.1525,0.525,0.9030011903633243,True,2025-08
2025-08-20 15:00:00+00:00,15,2,USDCHF,2.2575,0.575,1.0779606606310632,False,2025-08
2025-08-21 10:00:00+00:00,10,3,USDCHF,1.29,0.575,1.0067223640077556,False,2025-08
2025-08-21 15:00:00+00:00,15,3,EURUSD,2.1525,0.525,1.3927220854556306,True,2025-08
2025-08-21 20:00:00+00:00,20,3,EURUSD,1.3324999999999998,0.525,1.3025220177692018,True,2025-08
2025-08-22 00:00:00+00:00,0,4,USDCHF,1.2600000000000002,0.55,1.2612778356268004,False,2025-08
2025-08-22 05:00:00+00:00,5,4,EURUSD,2.1525,0.525,0.762907238434929,True,2025-08
2025-08-22 15:00:00+00:00,15,4,USDCHF,2.1525,0.525,1.5133584884474398,False,2025-08
2025-08-22 20:00:00+00:00,20,4,USDCHF,2.1525,0.525,1.5294875521808393,True,2025-08
2025-08-25 00:00:00+00:00,0,0,USDCHF,1.6800000000000002,0.55,1.604395399946511,False,2025-08
2025-08-25 10:00:00+00:00,10,0,EURUSD,1.2600000000000002,0.55,0.9689441896107762,True,2025-08
2025-08-25 15:00:00+00:00,15,0,EURUSD,1.6800000000000002,0.55,1.13348026822821,False,2025-08
2025-08-25 20:00:00+00:00,20,0,EURJPY,2.205,0.55,0.9495154752354009,False,2025-08
2025-08-26 00:00:00+00:00,0,1,EURJPY,2.205,0.55,1.0888909571992713,True,2025-08
2025-08-26 20:00:00+00:00,20,1,USDCHF,1.64,0.525,1.0216150280556233,True,2025-08
2025-08-27 05:00:00+00:00,5,2,EURUSD,2.1,0.5,0.6676761466009588,False,2025-08
2025-08-27 10:00:00+00:00,10,2,EURUSD,2.1,0.5,0.7828669841939915,True,2025-08
2025-08-27 20:00:00+00:00,20,2,USDCHF,2.1525,0.525,1.0569659290891977,False,2025-08
2025-08-28 00:00:00+00:00,0,3,USDCHF,2.1525,0.525,0.9197274243507265,False,2025-08
2025-08-28 05:00:00+00:00,5,3,USDCHF,2.1,0.5,0.6815105010917073,False,2025-08
2025-08-28 10:00:00+00:00,10,3,USDCHF,2.0475,0.475,0.6657445564602376,True,2025-08
2025-08-29 10:00:00+00:00,10,4,EURJPY,1.29,0.575,0.9939787839701109,True,2025-08
2025-09-01 00:00:00+00:00,0,0,EURJPY,1.6500000000000001,0.6,0.9074168144810951,True,2025-09
2025-09-01 05:00:00+00:00,5,0,USDCHF,1.2674999999999998,0.475,0.6989459969729594,False,2025-09
2025-09-02 00:00:00+00:00,0,1,EURUSD,1.56,0.475,0.704591620092498,False,2025-09
2025-09-02 05:00:00+00:00,5,1,EURUSD,1.52,0.45,0.6024618368368367,False,2025-09
2025-09-02 10:00:00+00:00,10,1,EURUSD,1.9949999999999999,0.45,1.2685329752685486,True,2025-09
2025-09-02 20:00:00+00:00,20,1,EURJPY,1.3200000000000003,0.6,1.2594741307180777,True,2025-09
2025-09-03 20:00:00+00:00,20,2,EURJPY,1.7600000000000002,0.6,1.0390040223082042,False,2025-09
2025-09-04 00:00:00+00:00,0,3,EURJPY,2.64,0.6,0.9903472394522621,True,2025-09
2025-09-05 00:00:00+00:00,0,4,EURUSD,1.2000000000000002,0.5,1.0034038675936248,False,2025-09
2025-09-05 20:00:00+00:00,20,4,USDCHF,1.52,0.45,1.5068930118971722,True,2025-09
2025-09-08 10:00:00+00:00,10,0,USDCHF,1.9949999999999999,0.45,0.9201420956269544,False,2025-09
2025-09-09 05:00:00+00:00,5,1,EURJPY,2.6999999999999997,0.625,0.8998440224400865,False,2025-09
2025-09-09 10:00:00+00:00,10,1,EURJPY,2.3100000000000005,0.6,1.2281609872259263,True,2025-09
2025-09-09 15:00:00+00:00,15,1,EURUSD,2.4,0.5,1.3012940503221277,False,2025-09
2025-09-09 20:00:00+00:00,20,1,EURUSD,2.34,0.475,1.221860009397298,False,2025-09
2025-09-10 00:00:00+00:00,0,2,EURUSD,2.8274999999999997,0.475,1.0676059108276543,True,2025-09
2025-09-10 05:00:00+00:00,5,2,EURJPY,1.3200000000000003,0.6,0.7269285594741367,True,2025-09
2025-09-10 20:00:00+00:00,20,2,EURUSD,1.56,0.475,1.2196563853763684,True,2025-09
2025-09-11 00:00:00+00:00,0,3,EURUSD,1.56,0.475,1.0097383220878065,True,2025-09
2025-09-12 00:00:00+00:00,0,4,EURUSD,1.23,0.525,1.1189952443801983,True,2025-09
2025-09-12 20:00:00+00:00,20,4,EURUSD,1.1275,0.525,1.0762225064119322,False,2025-09
2025-09-15 00:00:00+00:00,0,0,EURJPY,1.3200000000000003,0.6,0.7865105267300835,False,2025-09
2025-09-15 10:00:00+00:00,10,0,USDCHF,1.2349999999999999,0.45,0.6421311337936254,False,2025-09
2025-09-15 15:00:00+00:00,15,0,USDCHF,1.9949999999999999,0.45,0.7611674802455252,True,2025-09
2025-09-15 20:00:00+00:00,20,0,USDCHF,1.9949999999999999,0.45,0.8732265547332376,False,2025-09
2025-09-16 05:00:00+00:00,5,1,USDCHF,1.2349999999999999,0.45,0.8416804969415336,False,2025-09
2025-09-16 10:00:00+00:00,10,1,USDCHF,1.9949999999999999,0.45,0.8615898473644221,False,2025-09
2025-09-17 10:00:00+00:00,10,2,EURJPY,3.19,0.6,1.0786585797559767,True,2025-09
2025-09-17 20:00:00+00:00,20,2,EURUSD,2.52,0.55,1.6861088533199948,True,2025-09
2025-09-18 05:00:00+00:00,5,3,EURUSD,2.52,0.55,1.8695189146640736,True,2025-09
2025-09-18 10:00:00+00:00,10,3,EURUSD,1.1825,0.575,1.455888935191616,False,2025-09
2025-09-18 15:00:00+00:00,15,3,EURJPY,1.6875,0.625,1.1984283786980736,True,2025-09
2025-09-18 20:00:00+00:00,20,3,EURJPY,1.7249999999999999,0.65,1.120493097781955,True,2025-09
2025-09-19 00:00:00+00:00,0,4,EURUSD,1.2600000000000002,0.55,1.120095076261923,False,2025-09
2025-09-19 05:00:00+00:00,5,4,EURJPY,2.76,0.65,1.1582621123520949,True,2025-09
2025-09-19 10:00:00+00:00,10,4,EURJPY,1.2925000000000002,0.675,1.4821626454440135,False,2025-09
2025-09-19 15:00:00+00:00,15,4,EURJPY,1.4100000000000004,0.675,1.472243323174851,True,2025-09
2025-09-22 00:00:00+00:00,0,0,EURUSD,2.205,0.55,0.8144167446182049,False,2025-09
2025-09-22 10:00:00+00:00,10,0,USDCHF,1.52,0.45,0.7797459971171452,True,2025-09
2025-09-22 15:00:00+00:00,15,0,USDCHF,1.52,0.45,0.8771280532938563,False,2025-09
2025-09-22 20:00:00+00:00,20,0,USDCHF,1.52,0.45,0.879087615411586,False,2025-09
2025-09-23 00:00:00+00:00,0,1,EURUSD,1.5750000000000002,0.55,0.780702576739701,True,2025-09
2025-09-23 15:00:00+00:00,15,1,EURUSD,1.29,0.575,1.0309807807764364,True,2025-09
2025-09-24 10:00:00+00:00,10,2,EURUSD,2.3100000000000005,0.6,0.8875741427683733,False,2025-09
2025-09-24 15:00:00+00:00,15,2,EURUSD,2.3100000000000005,0.6,1.0835857727319609,False,2025-09
2025-09-24 20:00:00+00:00,20,2,EURUSD,2.2575,0.575,1.018592018458318,True,2025-09
2025-09-25 15:00:00+00:00,15,3,EURUSD,2.2575,0.575,1.4183162621686591,False,2025-09
2025-09-25 20:00:00+00:00,20,3,EURUSD,2.205,0.55,1.5591831229520552,False,2025-09
2025-09-29 05:00:00+00:00,5,0,EURJPY,2.4675000000000002,0.675,0.8873203204014533,False,2025-09
2025-09-29 15:00:00+00:00,15,0,EURJPY,1.3800000000000001,0.65,1.2819072488060648,True,2025-09
2025-09-30 05:00:00+00:00,5,1,EURJPY,1.5274999999999999,0.675,1.0684201742818153,False,2025-09
2025-09-30 20:00:00+00:00,20,1,EURJPY,2.415,0.65,1.1033011131104988,True,2025-09
2025-10-01 05:00:00+00:00,5,2,EURJPY,1.4949999999999997,0.65,0.9197860962566845,False,2025-10
2025-10-01 10:00:00+00:00,10,2,EURJPY,2.415,0.65,1.2061796493942212,False,2025-10
2025-10-01 15:00:00+00:00,15,2,EURJPY,2.3625000000000003,0.625,1.3423048439507292,True,2025-10
2025-10-01 20:00:00+00:00,20,2,EURJPY,2.3625000000000003,0.625,1.2094158974861071,True,2025-10
2025-10-02 10:00:00+00:00,10,3,EURJPY,1.4625,0.625,1.1809318661289416,True,2025-10
2025-10-02 15:00:00+00:00,15,3,EURUSD,2.205,0.55,1.0645196957188348,True,2025-10
2025-10-03 05:00:00+00:00,5,4,EURJPY,1.5275000000000003,0.675,0.8728448938626827,True,2025-10
2025-10-06 05:00:00+00:00,5,0,EURUSD,1.6800000000000002,0.55,0.8766099783895517,False,2025-10
2025-10-06 10:00:00+00:00,10,0,EURUSD,2.205,0.55,1.3416614615865086,True,2025-10
2025-10-07 00:00:00+00:00,0,1,EURJPY,1.7625000000000002,0.675,1.2888362358330372,True,2025-10
2025-10-07 20:00:00+00:00,20,1,EURUSD,1.3974999999999997,0.575,1.1045402878322703,False,2025-10
2025-10-08 00:00:00+00:00,0,2,EURUSD,2.205,0.55,0.935614827180635,False,2025-10
2025-10-08 05:00:00+00:00,5,2,EURUSD,2.205,0.55,0.8433601074049212,False,2025-10
2025-10-08 15:00:00+00:00,15,2,EURUSD,1.3649999999999998,0.55,1.2583937694942497,True,2025-10
2025-10-09 00:00:00+00:00,0,3,EURUSD,1.29,0.575,0.9512703858768762,False,2025-10
2025-10-09 05:00:00+00:00,5,3,EURUSD,1.2600000000000002,0.55,0.7210322442355391,True,2025-10
2025-10-09 10:00:00+00:00,10,3,USDCHF,1.52,0.45,1.0017803150438738,True,2025-10
2025-10-09 15:00:00+00:00,15,3,EURJPY,2.82,0.675,1.1430624835767529,False,2025-10
2025-10-09 20:00:00+00:00,20,3,EURJPY,1.3800000000000001,0.65,1.087516417687907,True,2025-10
2025-10-10 00:00:00+00:00,0,4,EURJPY,2.76,0.65,1.0099865244148418,False,2025-10
2025-10-10 15:00:00+00:00,15,4,USDCHF,1.6575000000000002,0.475,1.1841627881987824,False,2025-10
2025-10-10 20:00:00+00:00,20,4,EURJPY,3.3349999999999995,0.65,1.1781140608353446,True,2025-10
2025-10-13 00:00:00+00:00,0,0,USDCHF,1.1400000000000001,0.45,1.6373293667264324,True,2025-10
2025-10-13 05:00:00+00:00,5,0,USDCHF,1.1400000000000001,0.45,1.4908536073473362,True,2025-10
2025-10-13 10:00:00+00:00,10,0,USDCHF,1.0725,0.475,1.3876698929911386,True,2025-10
2025-10-13 20:00:00+00:00,20,0,EURUSD,1.72,0.575,1.0225633248626937,False,2025-10
2025-10-14 00:00:00+00:00,0,1,EURUSD,1.3649999999999998,0.55,0.8517348465031422,True,2025-10
2025-10-14 05:00:00+00:00,5,1,EURJPY,3.3349999999999995,0.65,0.718947852006966,False,2025-10
2025-10-14 10:00:00+00:00,10,1,EURJPY,2.3625000000000003,0.625,1.032585931160364,True,2025-10
2025-10-14 15:00:00+00:00,15,1,USDCHF,1.56,0.475,1.222923321737551,False,2025-10
2025-10-14 20:00:00+00:00,20,1,EURUSD,2.1,0.55,1.0903483946520933,True,2025-10
2025-10-15 00:00:00+00:00,0,2,EURUSD,2.1,0.55,0.9460808969751073,False,2025-10
2025-10-15 05:00:00+00:00,5,2,EURUSD,1.5374999999999999,0.525,0.620221860611453,False,2025-10
2025-10-16 05:00:00+00:00,5,3,EURJPY,1.2375,0.625,0.8847862786143562,True,2025-10
2025-10-17 15:00:00+00:00,15,4,EURUSD,1.2000000000000002,0.5,1.1862384201953229,False,2025-10
2025-10-17 20:00:00+00:00,20,4,EURUSD,2.4,0.5,1.1096376983187308,True,2025-10
2025-10-20 00:00:00+00:00,0,0,EURJPY,1.4625000000000004,0.625,0.952209283777317,True,2025-10
2025-10-20 10:00:00+00:00,10,0,EURUSD,1.6,0.5,0.809673205452486,False,2025-10
2025-10-20 20:00:00+00:00,20,0,EURUSD,2.0475,0.475,0.8162053714601094,True,2025-10
2025-10-21 05:00:00+00:00,5,1,EURUSD,2.1,0.5,0.7677175043465144,False,2025-10
2025-10-21 10:00:00+00:00,10,1,EURUSD,2.1,0.5,0.9742440121880651,False,2025-10
2025-10-21 20:00:00+00:00,20,1,EURUSD,2.1,0.5,1.0411878448695981,False,2025-10
2025-10-22 00:00:00+00:00,0,2,EURJPY,1.35,0.625,0.8262623527819142,True,2025-10
2025-10-22 10:00:00+00:00,10,2,EURJPY,1.8,0.625,0.8132484996164433,True,2025-10
2025-10-22 15:00:00+00:00,15,2,EURJPY,1.2375,0.625,0.8879684274659222,True,2025-10
2025-10-23 00:00:00+00:00,0,3,EURJPY,1.7249999999999999,0.65,0.8947822748583594,False,2025-10
2025-10-23 05:00:00+00:00,5,3,EURJPY,1.6875,0.625,0.80380767298024,False,2025-10
2025-10-23 10:00:00+00:00,10,3,EURUSD,2.0475,0.475,0.7652567525444862,True,2025-10
2025-10-24 00:00:00+00:00,0,4,EURUSD,1.95,0.475,0.8609142427491332,True,2025-10
2025-10-27 05:00:00+00:00,5,0,EURJPY,1.6500000000000001,0.6,0.7512207764668463,True,2025-10
2025-10-28 00:00:00+00:00,0,1,EURJPY,1.7600000000000002,0.6,0.9441449769496734,False,2025-10
2025-10-28 05:00:00+00:00,5,1,EURJPY,3.19,0.6,1.0187330352502042,False,2025-10
2025-10-28 10:00:00+00:00,10,1,EURJPY,3.1174999999999997,0.575,1.233869619533665,True,2025-10
2025-10-28 15:00:00+00:00,15,1,USDCHF,1.2674999999999998,0.475,1.2512285476676495,True,2025-10
2025-10-29 00:00:00+00:00,0,2,EURJPY,2.2575,0.575,1.2008851822301172,True,2025-10
2025-10-29 05:00:00+00:00,5,2,EURUSD,2.4599999999999995,0.525,0.903037091748639,False,2025-10
2025-10-30 15:00:00+00:00,15,3,EURUSD,2.1525,0.525,1.5288791720630694,True,2025-10
2025-10-30 20:00:00+00:00,20,3,EURUSD,2.205,0.55,1.387130760828304,True,2025-10
2025-10-31 00:00:00+00:00,0,4,EURJPY,1.29,0.575,1.042974034554444,True,2025-10
2025-10-31 10:00:00+00:00,10,4,EURJPY,1.1825,0.575,0.9584869808473426,False,2025-10
2025-10-31 20:00:00+00:00,20,4,EURJPY,2.52,0.55,0.9732749921986575,False,2025-10
2025-11-03 00:00:00+00:00,0,0,EURUSD,2.2575,0.575,1.1092156810387908,True,2025-11
2025-11-03 10:00:00+00:00,10,0,EURJPY,2.1525,0.525,0.6248681743947411,True,2025-11
2025-11-04 00:00:00+00:00,0,1,EURUSD,1.3974999999999997,0.575,0.7476759577495413,True,2025-11
2025-11-04 05:00:00+00:00,5,1,EURJPY,2.1525,0.525,0.7299936848532019,False,2025-11
2025-11-04 10:00:00+00:00,10,1,EURJPY,2.1525,0.525,1.0366534848657856,False,2025-11
2025-11-04 15:00:00+00:00,15,1,EURJPY,2.1,0.5,1.121983895883744,True,2025-11
2025-11-04 20:00:00+00:00,20,1,EURUSD,2.205,0.55,1.0231839495733723,True,2025-11
2025-11-05 00:00:00+00:00,0,2,EURUSD,2.205,0.55,0.8766381180415153,True,2025-11
2025-11-05 15:00:00+00:00,15,2,EURJPY,1.3650000000000004,0.55,1.0611084793936523,True,2025-11
2025-11-05 20:00:00+00:00,20,2,EURJPY,1.29,0.575,0.9192795332072737,False,2025-11
2025-11-06 00:00:00+00:00,0,3,USDCHF,1.6,0.5,1.1210464053108928,True,2025-11
2025-11-06 05:00:00+00:00,5,3,EURUSD,2.4725,0.575,0.6889099997336482,False,2025-11
2025-11-06 10:00:00+00:00,10,3,EURUSD,1.2600000000000002,0.55,0.7678061641967451,False,2025-11
2025-11-06 15:00:00+00:00,15,3,USDCHF,2.1525,0.525,0.9996215571602705,False,2025-11
2025-11-06 20:00:00+00:00,20,3,USDCHF,2.9724999999999997,0.525,1.0832633086759462,False,2025-11
2025-11-07 00:00:00+00:00,0,4,USDCHF,1.23,0.525,0.9934590693685187,True,2025-11
2025-11-07 10:00:00+00:00,10,4,EURUSD,1.5374999999999999,0.525,0.7533220406260528,False,2025-11
2025-11-10 00:00:00+00:00,0,0,USDCHF,1.1550000000000002,0.55,1.3159485719035307,True,2025-11
2025-11-10 05:00:00+00:00,5,0,EURJPY,1.5,0.5,0.8841101444760702,False,2025-11
2025-11-10 15:00:00+00:00,15,0,EURUSD,1.64,0.525,1.1007777280704774,True,2025-11
2025-11-10 20:00:00+00:00,20,0,USDCHF,1.72,0.575,1.0271722550552176,True,2025-11
2025-11-11 05:00:00+00:00,5,1,USDCHF,2.2575,0.575,0.7746206706804607,False,2025-11
2025-11-11 10:00:00+00:00,10,1,USDCHF,2.2575,0.575,0.9484099895533227,False,2025-11
2025-11-11 15:00:00+00:00,15,1,USDCHF,2.205,0.55,1.0679659351457582,True,2025-11
2025-11-12 05:00:00+00:00,5,2,EURUSD,1.2600000000000002,0.55,0.7267025706321623,True,2025-11
2025-11-12 10:00:00+00:00,10,2,EURUSD,1.6800000000000002,0.55,0.7943456570117555,True,2025-11
2025-11-12 15:00:00+00:00,15,2,USDCHF,2.205,0.55,0.9127240423848184,True,2025-11
2025-11-12 20:00:00+00:00,20,2,EURJPY,1.5,0.5,0.8261495690347774,True,2025-11
2025-11-13 05:00:00+00:00,5,3,USDCHF,2.15,0.575,0.8443661361864689,True,2025-11
2025-11-13 15:00:00+00:00,15,3,USDCHF,2.2575,0.575,1.3568273367616301,False,2025-11
2025-11-14 05:00:00+00:00,5,4,EURJPY,1.5,0.5,1.115626857554794,True,2025-11
2025-11-14 10:00:00+00:00,10,4,EURUSD,1.72,0.575,0.9864404277582636,True,2025-11
2025-11-14 15:00:00+00:00,15,4,EURUSD,1.72,0.575,1.3526351741894802,True,2025-11
2025-11-14 20:00:00+00:00,20,4,USDCHF,1.23,0.525,1.488145276654363,False,2025-11
2025-11-17 00:00:00+00:00,0,0,EURUSD,1.7600000000000002,0.6,1.2216471371271433,False,2025-11
2025-11-17 05:00:00+00:00,5,0,EURUSD,3.1174999999999997,0.575,0.7702660904760643,True,2025-11
2025-11-17 10:00:00+00:00,10,0,EURUSD,3.19,0.6,0.8095212845869014,False,2025-11
2025-11-17 20:00:00+00:00,20,0,EURUSD,2.2575,0.575,0.9822682755742611,True,2025-11
2025-11-18 00:00:00+00:00,0,1,EURUSD,2.2575,0.575,0.8405000785581218,True,2025-11
2025-11-18 10:00:00+00:00,10,1,EURUSD,2.2575,0.575,0.8089658310999969,True,2025-11
2025-11-18 15:00:00+00:00,15,1,USDCHF,1.4625,0.475,1.1727317715467345,False,2025-11
2025-11-18 20:00:00+00:00,20,1,USDCHF,1.4249999999999998,0.45,1.1979749822680805,False,2025-11
2025-11-19 10:00:00+00:00,10,2,EURUSD,1.43,0.6,0.9228961320531274,True,2025-11
2025-11-19 15:00:00+00:00,15,2,EURUSD,2.3625000000000003,0.625,1.3011554920896016,False,2025-11
2025-11-19 20:00:00+00:00,20,2,EURUSD,2.3100000000000005,0.6,1.470552349621087,True,2025-11
2025-11-20 05:00:00+00:00,5,3,EURUSD,2.3625000000000003,0.625,0.9779972976759109,True,2025-11
2025-11-21 05:00:00+00:00,5,4,USDCHF,2.28,0.45,0.9469776521674778,True,2025-11
2025-11-21 10:00:00+00:00,10,4,EURJPY,2.4599999999999995,0.525,1.3931114134322495,True,2025-11
2025-11-21 15:00:00+00:00,15,4,EURJPY,2.9724999999999997,0.525,1.5872246057948283,True,2025-11
2025-11-21 20:00:00+00:00,20,4,EURJPY,2.9724999999999997,0.525,1.6249394684967156,True,2025-11
2025-11-24 10:00:00+00:00,10,0,USDCHF,1.56,0.475,0.8765421356284876,True,2025-11
2025-11-24 15:00:00+00:00,15,0,USDCHF,1.0725,0.475,0.8778095148018537,True,2025-11
2025-11-25 05:00:00+00:00,5,1,EURJPY,2.4599999999999995,0.525,0.6439854822799805,False,2025-11
2025-11-25 10:00:00+00:00,10,1,EURJPY,1.2000000000000002,0.5,0.7701895893410862,True,2025-11
2025-11-26 00:00:00+00:00,0,2,EURJPY,1.2000000000000002,0.5,0.9694190250739027,True,2025-11
2025-11-26 05:00:00+00:00,5,2,USDCHF,2.1,0.5,1.2184203621096825,True,2025-11
2025-11-26 10:00:00+00:00,10,2,USDCHF,1.1275,0.525,1.040300345154714,True,2025-11
2025-11-26 20:00:00+00:00,20,2,EURJPY,1.5374999999999999,0.525,0.8835426431476379,True,2025-11
2025-11-27 00:00:00+00:00,0,3,USDCHF,2.1525,0.525,0.9680398141487977,True,2025-11
2025-11-27 05:00:00+00:00,5,3,USDCHF,2.205,0.55,0.6679912091377663,True,2025-11
2025-11-27 10:00:00+00:00,10,3,EURUSD,1.8399999999999999,0.65,0.7381431401588737,True,2025-11
2025-11-28 10:00:00+00:00,10,4,EURUSD,3.3349999999999995,0.65,0.9174809350320201,True,2025-11
2025-11-28 15:00:00+00:00,15,4,USDCHF,2.205,0.55,1.3022814761297314,True,2025-11
2025-12-01 00:00:00+00:00,0,0,EURUSD,1.4100000000000004,0.675,0.9815633367926101,True,2025-12
2025-12-02 00:00:00+00:00,0,1,EURJPY,1.29,0.575,0.7797529508113061,False,2025-12
2025-12-02 05:00:00+00:00,5,1,EURJPY,1.29,0.575,0.5987911558903191,False,2025-12
2025-12-02 10:00:00+00:00,10,1,EURUSD,1.92,0.7,0.6103254295517193,True,2025-12
2025-12-02 20:00:00+00:00,20,1,USDCHF,1.7600000000000002,0.6,1.053859680224619,False,2025-12
2025-12-03 00:00:00+00:00,0,2,USDCHF,1.7600000000000002,0.6,1.0980695609676632,False,2025-12
2025-12-03 05:00:00+00:00,5,2,USDCHF,2.2575,0.575,0.8256237219802478,False,2025-12
2025-12-03 10:00:00+00:00,10,2,USDCHF,2.205,0.55,1.0322281534000677,False,2025-12
2025-12-03 15:00:00+00:00,15,2,EURJPY,1.72,0.575,0.9913484154402923,True,2025-12
2025-12-03 20:00:00+00:00,20,2,USDCHF,1.3324999999999998,0.525,1.1184020341965455,False,2025-12
2025-12-04 00:00:00+00:00,0,3,EURJPY,2.5799999999999996,0.575,1.1148065703519416,True,2025-12
2025-12-04 10:00:00+00:00,10,3,EURJPY,3.1174999999999997,0.575,1.2389800034220544,True,2025-12
2025-12-04 15:00:00+00:00,15,3,EURJPY,2.3100000000000005,0.6,1.1317067171292245,True,2025-12
2025-12-04 20:00:00+00:00,20,3,EURUSD,1.92,0.7,1.3255214328468161,False,2025-12
2025-12-05 05:00:00+00:00,5,4,EURJPY,1.43,0.6,0.9395130647437617,True,2025-12
2025-12-05 20:00:00+00:00,20,4,EURUSD,1.4100000000000004,0.675,1.1991051890263813,True,2025-12
2025-12-08 05:00:00+00:00,5,0,EURJPY,1.3800000000000001,0.65,0.7567250392902108,False,2025-12
2025-12-08 15:00:00+00:00,15,0,EURUSD,3.4075,0.675,1.4190813072937425,True,2025-12
2025-12-08 20:00:00+00:00,20,0,EURUSD,1.4100000000000004,0.675,1.4727357494219844,True,2025-12
2025-12-09 00:00:00+00:00,0,1,EURJPY,1.7249999999999999,0.65,0.9349943253730102,True,2025-12
2025-12-09 05:00:00+00:00,5,1,EURJPY,1.7249999999999999,0.65,0.8798586787683124,False,2025-12
2025-12-09 15:00:00+00:00,15,1,EURUSD,1.4100000000000004,0.675,1.0855177366620679,False,2025-12
2025-12-10 05:00:00+00:00,5,2,USDCHF,1.23,0.525,0.7320845875295696,False,2025-12
2025-12-10 15:00:00+00:00,15,2,USDCHF,2.1,0.5,0.9214197970489406,False,2025-12
2025-12-10 20:00:00+00:00,20,2,USDCHF,2.0475,0.475,1.3274708368271804,False,2025-12
2025-12-11 00:00:00+00:00,0,3,USDCHF,1.9949999999999999,0.45,1.2352906044773801,False,2025-12
2025-12-11 05:00:00+00:00,5,3,USDCHF,1.9949999999999999,0.45,1.0942036775579143,False,2025-12
2025-12-11 10:00:00+00:00,10,3,USDCHF,1.9949999999999999,0.45,0.9904442565802598,False,2025-12
2025-12-11 15:00:00+00:00,15,3,USDCHF,1.9949999999999999,0.45,1.2377823562816501,True,2025-12
2025-12-11 20:00:00+00:00,20,3,USDCHF,1.52,0.45,1.4315539574978104,False,2025-12
2025-12-12 05:00:00+00:00,5,4,EURJPY,1.7249999999999999,0.65,0.832901788742905,True,2025-12
2025-12-15 05:00:00+00:00,5,0,EURJPY,3.4075,0.675,1.03000390821283,True,2025-12
2025-12-15 10:00:00+00:00,10,0,EURJPY,1.9975000000000003,0.675,0.9551009497715369,True,2025-12
2025-12-15 15:00:00+00:00,15,0,EURJPY,1.2925000000000002,0.675,1.1588707151320359,False,2025-12
2025-12-16 05:00:00+00:00,5,1,EURJPY,3.3349999999999995,0.65,0.8675043875043875,True,2025-12
2025-12-16 10:00:00+00:00,10,1,EURJPY,1.3800000000000001,0.65,0.9866288791271078,True,2025-12
2025-12-17 00:00:00+00:00,0,2,EURJPY,2.4675000000000002,0.675,1.1979629690603977,True,2025-12
2025-12-17 05:00:00+00:00,5,2,EURUSD,3.3349999999999995,0.65,0.973609180729873,False,2025-12
2025-12-17 10:00:00+00:00,10,2,EURUSD,1.9125,0.625,0.8626358053849789,True,2025-12
2025-12-17 20:00:00+00:00,20,2,EURJPY,1.7999999999999998,0.7,0.9022152865505767,True,2025-12
2025-12-18 15:00:00+00:00,15,3,EURJPY,1.92,0.7,1.1444965648757481,True,2025-12
2025-12-18 20:00:00+00:00,20,3,EURJPY,2.94,0.725,1.1135163571342626,True,2025-12
2025-12-19 00:00:00+00:00,0,4,EURJPY,1.375,0.75,1.1274496224104782,True,2025-12
2025-12-19 05:00:00+00:00,5,4,EURUSD,1.8399999999999999,0.65,0.7659140078556577,False,2025-12
2025-12-19 15:00:00+00:00,15,4,EURJPY,1.9124999999999999,0.775,1.7464342974829568,False,2025-12
2025-12-19 20:00:00+00:00,20,4,EURJPY,1.875,0.75,1.3526774794074707,True,2025-12
2025-12-22 10:00:00+00:00,10,0,USDCHF,1.52,0.45,0.8810822498278056,False,2025-12
2025-12-22 15:00:00+00:00,15,0,USDCHF,1.9949999999999999,0.45,0.843687656173028,False,2025-12
2025-12-23 00:00:00+00:00,0,1,EURJPY,3.0,0.75,1.042224475075538,False,2025-12
2025-12-23 05:00:00+00:00,5,1,EURJPY,3.5525,0.725,1.045149328646958,True,2025-12
2025-12-23 20:00:00+00:00,20,1,EURJPY,1.5000000000000002,0.75,1.089840315638798,True,2025-12
2025-12-24 15:00:00+00:00,15,2,EURJPY,2.0,0.75,1.1170981920257068,True,2025-12
2025-12-24 20:00:00+00:00,20,2,EURUSD,1.35,0.625,0.8442374979332657,False,2025-12
2025-12-25 00:00:00+00:00,0,3,EURJPY,1.53,0.775,1.078573970287341,False,2025-12
2025-12-25 10:00:00+00:00,10,3,USDCHF,1.52,0.45,1.3867933872836953,False,2025-12
2025-12-26 10:00:00+00:00,10,4,USDCHF,1.235,0.45,1.0961197603670259,True,2025-12
2025-12-29 05:00:00+00:00,5,0,EURUSD,3.2624999999999997,0.625,0.9469499461137023,True,2025-12
2025-12-29 10:00:00+00:00,10,0,USDCHF,1.1400000000000001,0.45,1.0485881826531334,True,2025-12
2025-12-29 15:00:00+00:00,15,0,EURJPY,2.94,0.725,1.122287539936102,True,2025-12
2025-12-30 00:00:00+00:00,0,1,EURJPY,1.375,0.75,1.0061102812675873,False,2025-12
2025-12-30 15:00:00+00:00,15,1,EURUSD,1.3800000000000001,0.65,0.9138453978960535,False,2025-12
2025-12-30 20:00:00+00:00,20,1,EURUSD,2.415,0.65,1.0697928172471927,True,2025-12
2025-12-31 00:00:00+00:00,0,2,EURUSD,2.4675000000000002,0.675,0.87323375773921,False,2025-12
2025-12-31 05:00:00+00:00,5,2,EURUSD,2.415,0.65,0.6885977343585711,False,2025-12
2026-01-01 00:00:00+00:00,0,3,EURJPY,1.4400000000000002,0.7,0.852770623565199,True,2026-01
2026-01-02 00:00:00+00:00,0,4,EURUSD,2.3,0.65,0.49429908038207726,False,2026-01
2026-01-02 10:00:00+00:00,10,4,EURUSD,2.3625000000000003,0.625,0.9132508898756009,True,2026-01
2026-01-02 20:00:00+00:00,20,4,EURJPY,2.88,0.7,0.9833631238828544,True,2026-01
2026-01-05 00:00:00+00:00,0,0,EURUSD,1.43,0.6,1.1926708062864604,False,2026-01
2026-01-05 05:00:00+00:00,5,0,EURUSD,2.2575,0.575,1.2536993985017897,False,2026-01
2026-01-05 10:00:00+00:00,10,0,EURJPY,2.5725000000000002,0.725,1.1921409944604127,True,2026-01
2026-01-06 15:00:00+00:00,15,1,EURJPY,2.5725000000000002,0.725,0.9513296851148314,True,2026-01
2026-01-06 20:00:00+00:00,20,1,EURJPY,2.625,0.75,0.9451073534600071,True,2026-01
2026-01-07 05:00:00+00:00,5,2,EURJPY,1.6574999999999998,0.775,0.9993691374388254,True,2026-01
2026-01-07 20:00:00+00:00,20,2,EURUSD,2.205,0.55,1.0066442097442783,False,2026-01
2026-01-08 00:00:00+00:00,0,3,EURUSD,2.1525,0.525,0.7652093824990704,True,2026-01
2026-01-09 10:00:00+00:00,10,4,EURJPY,1.9124999999999999,0.775,0.879370366659988,True,2026-01
2026-01-09 15:00:00+00:00,15,4,EURJPY,1.9124999999999999,0.775,1.0639696396116431,True,2026-01
2026-01-12 05:00:00+00:00,5,0,USDCHF,2.28,0.45,1.139909297590851,False,2026-01
2026-01-12 10:00:00+00:00,10,0,EURUSD,2.2425,0.475,1.252923969809285,False,2026-01
2026-01-12 15:00:00+00:00,15,0,EURJPY,1.875,0.75,1.0497875329347788,True,2026-01
2026-01-12 20:00:00+00:00,20,0,USDCHF,1.045,0.45,1.3111000898087208,False,2026-01
2026-01-13 00:00:00+00:00,0,1,EURUSD,1.56,0.475,0.9941029110590988,False,2026-01
2026-01-13 05:00:00+00:00,5,1,EURUSD,1.52,0.45,0.6694321336725061,True,2026-01
2026-01-14 00:00:00+00:00,0,2,EURUSD,1.52,0.45,1.1601398795481668,True,2026-01
2026-01-14 05:00:00+00:00,5,2,EURJPY,1.875,0.75,0.8825786365093173,True,2026-01
2026-01-14 10:00:00+00:00,10,2,EURJPY,3.0,0.75,1.1184481996739146,False,2026-01
2026-01-14 15:00:00+00:00,15,2,EURJPY,3.625,0.75,1.4394851592337536,True,2026-01
2026-01-14 20:00:00+00:00,20,2,EURJPY,2.375,0.75,1.4498111530770939,False,2026-01
2026-01-15 00:00:00+00:00,0,3,EURJPY,3.0,0.75,1.498643177815737,True,2026-01
2026-01-15 05:00:00+00:00,5,3,EURUSD,1.9949999999999999,0.45,0.7237823960767504,False,2026-01
2026-01-15 20:00:00+00:00,20,3,USDCHF,1.5,0.5,1.0378152779934526,True,2026-01
2026-01-16 00:00:00+00:00,0,4,USDCHF,1.5374999999999999,0.525,1.025113380238631,True,2026-01
2026-01-16 10:00:00+00:00,10,4,USDCHF,2.4599999999999995,0.525,0.7445286339096563,False,2026-01
2026-01-16 15:00:00+00:00,15,4,EURJPY,2.625,0.75,1.1220048116292909,True,2026-01
2026-01-16 20:00:00+00:00,20,4,EURJPY,2.625,0.75,0.863949998609387,False,2026-01
2026-01-19 00:00:00+00:00,0,0,USDCHF,2.9724999999999997,0.525,1.257381419445702,True,2026-01
2026-01-19 05:00:00+00:00,5,0,USDCHF,1.3324999999999998,0.525,1.250472127339488,True,2026-01
2026-01-19 10:00:00+00:00,10,0,USDCHF,1.6800000000000002,0.55,1.2519162705575497,False,2026-01
2026-01-19 15:00:00+00:00,15,0,USDCHF,2.205,0.55,1.1024587534321437,True,2026-01
2026-01-20 05:00:00+00:00,5,1,USDCHF,1.3974999999999997,0.575,0.7559553744393052,False,2026-01
2026-01-20 10:00:00+00:00,10,1,USDCHF,2.2575,0.575,1.4528151252880446,True,2026-01
2026-01-20 15:00:00+00:00,15,1,EURJPY,1.8375000000000001,0.725,1.2201834395682098,False,2026-01
2026-01-20 20:00:00+00:00,20,1,EURJPY,1.7999999999999998,0.7,1.0021312400491746,False,2026-01
2026-01-21 05:00:00+00:00,5,2,EURUSD,1.2349999999999999,0.45,1.0284036854510392,False,2026-01
2026-01-22 15:00:00+00:00,15,3,USDCHF,2.3100000000000005,0.6,0.9120898178996851,False,2026-01
2026-01-22 20:00:00+00:00,20,3,USDCHF,2.2575,0.575,0.9684487243850123,False,2026-01
2026-01-23 00:00:00+00:00,0,4,USDCHF,2.2575,0.575,0.9139372917712566,True,2026-01
2026-01-23 05:00:00+00:00,5,4,EURJPY,1.7249999999999999,0.65,0.9296631346492842,True,2026-01
2026-01-23 20:00:00+00:00,20,4,EURJPY,2.415,0.65,2.674355111773309,False,2026-01
2026-01-26 00:00:00+00:00,0,0,EURJPY,2.3625000000000003,0.625,2.026145505421476,False,2026-01
2026-01-26 05:00:00+00:00,5,0,EURJPY,2.3625000000000003,0.625,2.323450868966107,False,2026-01
2026-01-26 10:00:00+00:00,10,0,EURJPY,2.3100000000000005,0.6,2.0848842511036043,True,2026-01
2026-01-26 15:00:00+00:00,15,0,USDCHF,1.3974999999999997,0.575,1.3134693864603508,True,2026-01
2026-01-27 00:00:00+00:00,0,1,EURJPY,1.6875,0.625,1.3526911715196264,False,2026-01
2026-01-27 05:00:00+00:00,5,1,EURJPY,2.2,0.6,1.052401195336504,True,2026-01
2026-01-27 15:00:00+00:00,15,1,USDCHF,2.2575,0.575,1.4261978499079262,False,2026-01
2026-01-27 20:00:00+00:00,20,1,USDCHF,2.205,0.55,1.5974505842763473,True,2026-01
2026-01-28 00:00:00+00:00,0,2,USDCHF,2.2575,0.575,1.6349745822653565,True,2026-01
2026-01-29 05:00:00+00:00,5,3,USDCHF,2.3100000000000005,0.6,0.9829236027024956,True,2026-01
2026-01-29 15:00:00+00:00,15,3,EURJPY,2.3100000000000005,0.6,0.8590088742646326,True,2026-01
2026-01-30 05:00:00+00:00,5,4,EURJPY,1.4300000000000004,0.6,0.8436019567870818,False,2026-01
2026-01-30 10:00:00+00:00,10,4,EURJPY,2.15,0.575,0.8964848175606384,False,2026-01
2026-02-03 15:00:00+00:00,15,1,USDCHF,1.64,0.525,0.6548662237385526,True,2026-02
2026-02-03 20:00:00+00:00,20,1,EURJPY,1.7249999999999999,0.65,0.65606646664455,True,2026-02
2026-02-04 10:00:00+00:00,10,2,EURJPY,1.7249999999999999,0.65,0.705156769295245,True,2026-02
2026-02-05 05:00:00+00:00,5,3,EURUSD,1.2349999999999999,0.45,0.5230906919789972,True,2026-02
2026-02-05 10:00:00+00:00,10,3,EURUSD,1.2674999999999998,0.475,0.5559009400525508,True,2026-02
2026-02-05 20:00:00+00:00,20,3,EURUSD,1.2999999999999998,0.5,1.0679989498231688,False,2026-02
2026-02-06 00:00:00+00:00,0,4,EURJPY,2.76,0.65,1.2460583464840973,True,2026-02
2026-02-06 05:00:00+00:00,5,4,EURJPY,1.265,0.65,1.0082861733421693,True,2026-02
2026-02-06 10:00:00+00:00,10,4,USDCHF,1.1550000000000002,0.55,0.6655084031445134,False,2026-02
2026-02-06 15:00:00+00:00,15,4,EURUSD,1.6,0.5,0.6917472789161409,True,2026-02
2026-02-06 20:00:00+00:00,20,4,EURUSD,2.3575,0.525,0.7265064906521352,False,2026-02
2026-02-09 00:00:00+00:00,0,0,EURUSD,2.3000000000000003,0.5,0.7799474277131055,True,2026-02
2026-02-09 05:00:00+00:00,5,0,USDCHF,1.3649999999999998,0.55,0.696646476584429,False,2026-02
2026-02-09 10:00:00+00:00,10,0,USDCHF,2.205,0.55,0.8300293528283503,False,2026-02
2026-02-09 15:00:00+00:00,15,0,USDCHF,2.1525,0.525,1.1941664212504202,True,2026-02
2026-02-09 20:00:00+00:00,20,0,USDCHF,2.205,0.55,1.2456545446791398,True,2026-02
2026-02-10 00:00:00+00:00,0,1,USDCHF,1.6800000000000002,0.55,1.2933585967819565,False,2026-02
2026-02-10 05:00:00+00:00,5,1,EURJPY,2.76,0.65,1.161120019968399,True,2026-02
2026-02-10 10:00:00+00:00,10,1,EURJPY,2.76,0.65,1.302410220225053,False,2026-02
2026-02-10 15:00:00+00:00,15,1,EURJPY,2.3625000000000003,0.625,1.3758676559939609,True,2026-02
2026-02-10 20:00:00+00:00,20,1,EURJPY,2.3625000000000003,0.625,1.189865087199737,True,2026-02
2026-02-11 00:00:00+00:00,0,2,EURJPY,2.3625000000000003,0.625,1.1107010176239878,False,2026-02
2026-02-11 05:00:00+00:00,5,2,EURJPY,2.3625000000000003,0.625,0.9653800584788966,True,2026-02
2026-02-11 10:00:00+00:00,10,2,EURJPY,1.8,0.625,1.0652303932046907,False,2026-02
2026-02-11 15:00:00+00:00,15,2,EURUSD,1.8275000000000001,0.575,1.533603668953817,True,2026-02
2026-02-11 20:00:00+00:00,20,2,EURUSD,1.29,0.575,1.5291059389018635,True,2026-02
2026-02-12 00:00:00+00:00,0,3,EURUSD,1.29,0.575,1.5096831151975674,False,2026-02
2026-02-12 10:00:00+00:00,10,3,USDCHF,1.64,0.525,1.008705361536438,True,2026-02
2026-02-13 05:00:00+00:00,5,4,EURUSD,2.52,0.55,0.8352260395169093,True,2026-02
2026-02-13 10:00:00+00:00,10,4,EURUSD,1.3649999999999998,0.55,0.6519664647044325,True,2026-02
2026-02-13 15:00:00+00:00,15,4,EURUSD,1.3974999999999997,0.575,0.8429219410446857,True,2026-02
2026-02-13 20:00:00+00:00,20,4,EURJPY,1.7600000000000002,0.6,0.8936943524070995,True,2026-02
2026-02-16 10:00:00+00:00,10,0,EURJPY,1.8,0.625,0.6341034892161022,True,2026-02
2026-02-17 00:00:00+00:00,0,1,EURJPY,2.3625000000000003,0.625,0.688857956019305,False,2026-02
2026-02-17 05:00:00+00:00,5,1,EURJPY,2.3625000000000003,0.625,0.7614052778295355,False,2026-02
2026-02-17 15:00:00+00:00,15,1,EURUSD,2.1525,0.525,0.9429237981031287,True,2026-02
2026-02-17 20:00:00+00:00,20,1,EURJPY,1.3200000000000003,0.6,0.8138507511201237,True,2026-02
2026-02-18 05:00:00+00:00,5,2,EURUSD,1.2600000000000002,0.55,0.8211472660181146,True,2026-02
2026-02-18 10:00:00+00:00,10,2,EURJPY,1.3200000000000003,0.6,0.7825902745927179,False,2026-02
2026-02-18 15:00:00+00:00,15,2,EURJPY,1.72,0.575,0.7829128218364844,False,2026-02
2026-02-18 20:00:00+00:00,20,2,EURJPY,2.4725,0.575,0.8743401693150437,True,2026-02
2026-02-19 00:00:00+00:00,0,3,EURJPY,2.4725,0.575,0.9341595411259821,False,2026-02
2026-02-19 05:00:00+00:00,5,3,EURUSD,2.3100000000000005,0.6,0.9667035113486668,True,2026-02
2026-02-19 10:00:00+00:00,10,3,EURUSD,1.4625,0.625,0.9022847742643026,False,2026-02
2026-02-20 20:00:00+00:00,20,4,EURUSD,1.3200000000000003,0.6,1.8085067595444382,False,2026-02
2026-02-23 00:00:00+00:00,0,0,USDCHF,3.045,0.55,1.9214482796123484,True,2026-02
2026-02-23 05:00:00+00:00,5,0,USDCHF,1.1550000000000002,0.55,1.6833405438605535,True,2026-02
2026-02-23 10:00:00+00:00,10,0,USDCHF,1.1825,0.575,1.2900909276532149,True,2026-02
2026-02-23 15:00:00+00:00,15,0,EURJPY,1.3974999999999997,0.575,0.842259062065574,True,2026-02
2026-02-24 05:00:00+00:00,5,1,EURJPY,1.3200000000000003,0.6,0.8764763227378011,False,2026-02
2026-02-24 10:00:00+00:00,10,1,USDCHF,1.72,0.575,1.0159720900729463,True,2026-02
2026-02-25 00:00:00+00:00,0,2,USDCHF,1.7600000000000002,0.6,0.8750397534567554,False,2026-02
2026-02-25 05:00:00+00:00,5,2,USDCHF,2.2575,0.575,0.832042744792981,True,2026-02
2026-02-25 15:00:00+00:00,15,2,EURJPY,1.6875,0.625,1.255745548305424,False,2026-02
2026-02-25 20:00:00+00:00,20,2,EURJPY,1.6500000000000001,0.6,0.9149348863126068,True,2026-02
2026-02-26 00:00:00+00:00,0,3,USDCHF,1.72,0.575,1.0274001773889099,True,2026-02
2026-02-26 10:00:00+00:00,10,3,EURJPY,2.6999999999999997,0.625,0.9351281050205034,True,2026-02
2026-03-02 05:00:00+00:00,5,0,EURUSD,1.3974999999999997,0.575,1.4942359180750013,False,2026-03
2026-03-02 15:00:00+00:00,15,0,EURUSD,2.2575,0.575,2.086407766990291,True,2026-03
2026-03-02 20:00:00+00:00,20,0,USDCHF,1.6500000000000001,0.6,2.1383538537254294,True,2026-03
2026-03-03 00:00:00+00:00,0,1,EURUSD,1.4625,0.625,1.830393520015521,False,2026-03
2026-03-03 05:00:00+00:00,5,1,EURJPY,3.3349999999999995,0.65,1.040868703065034,False,2026-03
2026-03-03 10:00:00+00:00,10,1,EURUSD,2.3625000000000003,0.625,1.220252550647424,True,2026-03
2026-03-04 00:00:00+00:00,0,2,USDCHF,1.35,0.625,1.6386943204825255,False,2026-03
2026-03-04 05:00:00+00:00,5,2,USDCHF,1.3200000000000003,0.6,1.3490230739557545,True,2026-03
2026-03-04 20:00:00+00:00,20,2,USDCHF,1.8,0.625,1.1195159785363384,True,2026-03
2026-03-05 00:00:00+00:00,0,3,USDCHF,2.76,0.65,0.8759983753302801,True,2026-03
2026-03-05 05:00:00+00:00,5,3,EURUSD,2.4675000000000002,0.675,0.6997789506924708,True,2026-03
2026-03-05 15:00:00+00:00,15,3,EURUSD,2.4675000000000002,0.675,1.2042175604680643,True,2026-03
2026-03-06 05:00:00+00:00,5,4,EURJPY,1.4300000000000004,0.6,0.7884874757165425,True,2026-03
2026-03-06 15:00:00+00:00,15,4,EURJPY,1.8,0.625,0.7755239246191983,True,2026-03
2026-03-06 20:00:00+00:00,20,4,USDCHF,2.3625000000000003,0.625,1.0575851062409016,True,2026-03
2026-03-09 00:00:00+00:00,0,0,EURUSD,1.5274999999999999,0.675,1.3193564561587474,False,2026-03
2026-03-09 20:00:00+00:00,20,0,EURUSD,1.8399999999999999,0.65,1.26164108320231,True,2026-03
2026-03-10 00:00:00+00:00,0,1,EURUSD,1.495,0.65,1.0589969111340551,True,2026-03
2026-03-10 15:00:00+00:00,15,1,USDCHF,2.415,0.65,0.749031345483839,True,2026-03
2026-03-10 20:00:00+00:00,20,1,USDCHF,1.265,0.65,0.9451196522433409,True,2026-03
2026-03-11 05:00:00+00:00,5,2,EURJPY,1.7249999999999999,0.65,0.6773742920649338,True,2026-03
2026-03-11 15:00:00+00:00,15,2,EURUSD,2.415,0.65,0.7808709551018239,True,2026-03
2026-03-11 20:00:00+00:00,20,2,EURUSD,2.415,0.65,0.857834067936805,False,2026-03
2026-03-12 00:00:00+00:00,0,3,EURUSD,2.3625000000000003,0.625,0.8053856621069971,False,2026-03
2026-03-12 05:00:00+00:00,5,3,EURUSD,2.3625000000000003,0.625,0.6798032229030787,True,2026-03
2026-03-12 10:00:00+00:00,10,3,EURJPY,2.6999999999999997,0.625,0.849895294810549,False,2026-03
2026-03-12 15:00:00+00:00,15,3,EURUSD,2.3625000000000003,0.625,0.8444814589726468,False,2026-03
2026-03-12 20:00:00+00:00,20,3,EURUSD,2.3625000000000003,0.625,0.8045807979632006,True,2026-03
2026-03-13 05:00:00+00:00,5,4,EURUSD,2.3625000000000003,0.625,0.5601395999882239,False,2026-03
2026-03-13 15:00:00+00:00,15,4,EURUSD,2.3100000000000005,0.6,1.1835638889207247,False,2026-03
2026-03-13 20:00:00+00:00,20,4,EURUSD,2.3100000000000005,0.6,1.2181644184154126,True,2026-03
2026-03-16 00:00:00+00:00,0,0,EURJPY,1.3974999999999997,0.575,0.9085572230482503,True,2026-03
2026-03-16 05:00:00+00:00,5,0,EURJPY,2.2575,0.575,0.8643662370683681,True,2026-03
2026-03-16 15:00:00+00:00,15,0,EURJPY,1.29,0.575,1.2448719266321266,False,2026-03
2026-03-16 20:00:00+00:00,20,0,USDCHF,2.76,0.65,1.1623872847773205,True,2026-03
2026-03-17 00:00:00+00:00,0,1,EURJPY,1.2600000000000002,0.55,0.9697211179430523,False,2026-03
2026-03-17 10:00:00+00:00,10,1,USDCHF,1.8399999999999999,0.65,0.8707479853739926,False,2026-03
2026-03-17 15:00:00+00:00,15,1,USDCHF,2.76,0.65,0.9787995482075044,False,2026-03
2026-03-17 20:00:00+00:00,20,1,USDCHF,2.76,0.65,0.9456153806639942,False,2026-03
2026-03-18 00:00:00+00:00,0,2,EURUSD,1.6500000000000001,0.6,0.8001470393269937,False,2026-03
2026-03-18 05:00:00+00:00,5,2,EURUSD,2.5300000000000007,0.6,0.5457159954082506,True,2026-03
2026-03-18 20:00:00+00:00,20,2,EURUSD,2.3100000000000005,0.6,1.417203401137756,True,2026-03
2026-03-19 05:00:00+00:00,5,3,EURUSD,2.3100000000000005,0.6,1.035777709512734,False,2026-03
2026-03-19 15:00:00+00:00,15,3,EURJPY,2.1525,0.525,1.7746011403033142,True,2026-03
2026-03-19 20:00:00+00:00,20,3,USDCHF,1.4400000000000002,0.7,1.8468876085769155,True,2026-03
2026-03-20 00:00:00+00:00,0,4,USDCHF,1.4700000000000004,0.725,1.4751121741711333,True,2026-03
2026-03-20 05:00:00+00:00,5,4,USDCHF,1.4700000000000004,0.725,1.0076226059325732,False,2026-03
2026-03-20 20:00:00+00:00,20,4,EURUSD,1.1825,0.575,1.2489521033887148,False,2026-03
2026-03-23 00:00:00+00:00,0,0,EURJPY,1.5374999999999999,0.525,0.9871031933280663,True,2026-03
2026-03-23 05:00:00+00:00,5,0,EURUSD,1.72,0.575,1.014667739412728,False,2026-03
2026-03-23 10:00:00+00:00,10,0,EURJPY,2.4599999999999995,0.525,1.0962898330398103,True,2026-03
2026-03-23 15:00:00+00:00,15,0,EURUSD,1.2100000000000002,0.6,2.100108694156657,True,2026-03
2026-03-23 20:00:00+00:00,20,0,EURUSD,1.2100000000000002,0.6,2.313442214428804,False,2026-03
2026-03-24 15:00:00+00:00,15,1,EURUSD,1.72,0.575,0.8941447710349549,True,2026-03
2026-03-24 20:00:00+00:00,20,1,EURUSD,1.1825,0.575,1.1644553353290934,True,2026-03
2026-03-25 05:00:00+00:00,5,2,USDCHF,1.32,0.7,0.8554623959255073,False,2026-03
2026-03-25 15:00:00+00:00,15,2,EURUSD,2.5799999999999996,0.575,0.8837008810800558,False,2026-03
2026-03-25 20:00:00+00:00,20,2,EURUSD,2.52,0.55,0.9803380948190733,True,2026-03
2026-03-26 00:00:00+00:00,0,3,EURUSD,1.72,0.575,0.8525794367499324,True,2026-03
2026-03-26 05:00:00+00:00,5,3,EURUSD,2.3100000000000005,0.6,0.6089525514771711,True,2026-03
2026-03-26 20:00:00+00:00,20,3,EURUSD,2.3100000000000005,0.6,1.0309594788561334,True,2026-03
2026-03-27 00:00:00+00:00,0,4,EURJPY,1.6800000000000002,0.55,0.980689722262756,True,2026-03
2026-03-27 10:00:00+00:00,10,4,EURUSD,1.43,0.6,0.6396347570958764,True,2026-03
2026-03-27 20:00:00+00:00,20,4,EURUSD,2.3625000000000003,0.625,0.8954823958128649,False,2026-03
2026-03-30 00:00:00+00:00,0,0,EURJPY,1.6800000000000002,0.55,1.1252737798431391,True,2026-03
2026-03-30 05:00:00+00:00,5,0,EURJPY,2.5799999999999996,0.575,0.9847077370846471,False,2026-03
2026-03-30 10:00:00+00:00,10,0,EURUSD,2.3625000000000003,0.625,0.7801151183788123,False,2026-03
2026-03-30 15:00:00+00:00,15,0,EURUSD,2.3100000000000005,0.6,0.9384176169522102,True,2026-03
2026-03-30 20:00:00+00:00,20,0,EURJPY,1.72,0.575,1.213332684363269,True,2026-03
2026-04-01 00:00:00+00:00,0,2,EURJPY,2.2,0.6,1.3969977586410287,True,2026-04
2026-04-01 05:00:00+00:00,5,2,USDCHF,2.88,0.7,1.3159617444980687,False,2026-04
2026-04-01 10:00:00+00:00,10,2,USDCHF,2.4675000000000002,0.675,1.3552830459937597,True,2026-04
2026-04-02 05:00:00+00:00,5,3,EURJPY,2.6999999999999997,0.625,1.066412898911095,True,2026-04
2026-04-02 10:00:00+00:00,10,3,EURUSD,2.3625000000000003,0.625,1.1619433198380567,True,2026-04
2026-04-03 00:00:00+00:00,0,4,EURJPY,1.35,0.625,0.8399873326226064,True,2026-04
2026-04-03 05:00:00+00:00,5,4,EURJPY,1.35,0.625,0.6730051902403176,False,2026-04
2026-04-03 15:00:00+00:00,15,4,EURUSD,1.4625,0.625,0.5771553700964401,False,2026-04
2026-04-03 20:00:00+00:00,20,4,EURUSD,2.3100000000000005,0.6,0.6127536156991428,False,2026-04
2026-04-06 00:00:00+00:00,0,0,EURUSD,2.2575,0.575,0.6338890647305423,True,2026-04
2026-04-06 10:00:00+00:00,10,0,USDCHF,2.94,0.725,0.96388603426093,False,2026-04
2026-04-06 15:00:00+00:00,15,0,EURJPY,1.6875,0.625,0.753065845220974,True,2026-04
2026-04-07 10:00:00+00:00,10,1,EURUSD,1.2100000000000002,0.6,0.8579790057203515,True,2026-04
2026-04-07 20:00:00+00:00,20,1,USDCHF,1.9600000000000002,0.725,1.1259633528606945,False,2026-04
2026-04-08 00:00:00+00:00,0,2,USDCHF,2.52,0.7,1.6469621161887122,False,2026-04
2026-04-08 05:00:00+00:00,5,2,USDCHF,2.4675000000000002,0.675,1.6034429532530685,True,2026-04
2026-04-08 10:00:00+00:00,10,2,USDCHF,2.52,0.7,1.7548357162559347,True,2026-04
2026-04-08 20:00:00+00:00,20,2,EURJPY,1.8,0.625,0.9842890495606653,True,2026-04
2026-04-09 00:00:00+00:00,0,3,EURUSD,1.72,0.575,1.3939443579872772,True,2026-04
2026-04-09 05:00:00+00:00,5,3,EURUSD,1.3974999999999997,0.575,0.9738770106474087,True,2026-04
2026-04-09 15:00:00+00:00,15,3,USDCHF,2.52,0.7,0.938549481306819,True,2026-04
2026-04-13 05:00:00+00:00,5,0,USDCHF,1.4400000000000002,0.7,1.0233120206694684,True,2026-04
2026-04-13 10:00:00+00:00,10,0,EURUSD,1.3200000000000003,0.6,0.9997013698341372,True,2026-04
2026-04-13 15:00:00+00:00,15,0,USDCHF,2.52,0.7,0.7966121552355383,False,2026-04
2026-04-13 20:00:00+00:00,20,0,USDCHF,2.4675000000000002,0.675,1.025965711263097,False,2026-04
2026-04-14 00:00:00+00:00,0,1,USDCHF,2.415,0.65,0.9997265544117205,True,2026-04
2026-04-14 05:00:00+00:00,5,1,USDCHF,2.415,0.65,0.7347250096533839,False,2026-04
2026-04-14 10:00:00+00:00,10,1,USDCHF,2.415,0.65,0.7374798195277356,False,2026-04
2026-04-15 10:00:00+00:00,10,2,EURUSD,1.72,0.575,0.8483617655023017,True,2026-04
2026-04-16 00:00:00+00:00,0,3,EURUSD,1.6500000000000001,0.6,0.7598692138369832,False,2026-04
2026-04-16 10:00:00+00:00,10,3,EURUSD,1.7600000000000002,0.6,0.8917557975237623,False,2026-04
2026-04-16 20:00:00+00:00,20,3,USDCHF,1.35,0.625,0.9930011134119313,True,2026-04
2026-04-17 00:00:00+00:00,0,4,EURJPY,1.7249999999999999,0.65,0.8869648477687349,False,2026-04
2026-04-17 05:00:00+00:00,5,4,EURJPY,1.7249999999999999,0.65,0.8046109827225707,True,2026-04
2026-04-17 15:00:00+00:00,15,4,EURJPY,3.4075,0.675,1.5602736856803743,True,2026-04
2026-04-17 20:00:00+00:00,20,4,EURJPY,3.48,0.7,1.549645073287384,True,2026-04
2026-04-20 00:00:00+00:00,0,0,EURUSD,2.205,0.55,1.6813354772590734,True,2026-04
2026-04-20 05:00:00+00:00,5,0,EURUSD,3.045,0.55,1.2533042371982894,True,2026-04
2026-04-20 15:00:00+00:00,15,0,USDCHF,2.415,0.65,1.2215199189751498,True,2026-04
2026-04-20 20:00:00+00:00,20,0,USDCHF,2.415,0.65,1.1646798431250727,True,2026-04
2026-04-21 10:00:00+00:00,10,1,EURUSD,3.1174999999999997,0.575,0.7038049882386422,True,2026-04
2026-04-21 15:00:00+00:00,15,1,EURUSD,3.1174999999999997,0.575,1.0022099791452672,False,2026-04
2026-04-22 15:00:00+00:00,15,2,EURUSD,2.2575,0.575,1.1520263062113283,False,2026-04
2026-04-22 20:00:00+00:00,20,2,USDCHF,1.6875,0.625,0.9757822174523239,False,2026-04
2026-04-23 10:00:00+00:00,10,3,EURUSD,2.2575,0.575,0.8697044294007085,True,2026-04
2026-04-24 05:00:00+00:00,5,4,USDCHF,1.6875,0.625,0.9061088244641543,True,2026-04
2026-04-24 10:00:00+00:00,10,4,EURJPY,1.3800000000000001,0.65,0.9648294745469107,True,2026-04
2026-04-24 15:00:00+00:00,15,4,USDCHF,1.8,0.625,1.122816819841883,True,2026-04
2026-04-24 20:00:00+00:00,20,4,USDCHF,2.6999999999999997,0.625,1.1017802575245714,True,2026-04
2026-04-28 00:00:00+00:00,0,1,EURUSD,1.7600000000000002,0.6,0.7816727543290043,False,2026-04
2026-04-28 05:00:00+00:00,5,1,EURJPY,2.4675000000000002,0.675,1.1276813074565881,True,2026-04
2026-04-28 10:00:00+00:00,10,1,EURUSD,2.2575,0.575,0.8336943420615928,True,2026-04
2026-04-28 15:00:00+00:00,15,1,EURJPY,1.4400000000000002,0.7,1.8283437517156997,False,2026-04
2026-04-28 20:00:00+00:00,20,1,EURJPY,1.4100000000000004,0.675,1.4911489501878448,False,2026-04
2026-04-29 00:00:00+00:00,0,2,EURUSD,2.1,0.55,1.0066685640475512,True,2026-04
2026-04-30 05:00:00+00:00,5,3,EURUSD,2.2575,0.575,1.0870031751057634,True,2026-04
2026-04-30 10:00:00+00:00,10,3,USDCHF,3.2624999999999997,0.625,1.3044125221770735,False,2026-04
2026-04-30 15:00:00+00:00,15,3,USDCHF,2.3100000000000005,0.6,1.7006718868823278,False,2026-04
2026-04-30 20:00:00+00:00,20,3,USDCHF,2.2575,0.575,1.6664505928853754,True,2026-04
2026-05-01 00:00:00+00:00,0,4,USDCHF,2.3100000000000005,0.6,1.411810276679842,False,2026-05
2026-05-01 20:00:00+00:00,20,4,EURUSD,1.6800000000000002,0.55,1.2870389281483599,True,2026-05
2026-05-04 00:00:00+00:00,0,0,EURUSD,1.6800000000000002,0.55,1.2463412546714974,True,2026-05
2026-05-04 10:00:00+00:00,10,0,EURUSD,1.72,0.575,1.0100856798832307,True,2026-05
2026-05-04 15:00:00+00:00,15,0,EURUSD,1.43,0.6,1.0740945807577078,False,2026-05
2026-05-05 00:00:00+00:00,0,1,EURUSD,1.3974999999999997,0.575,0.9380245065206257,False,2026-05
2026-05-05 05:00:00+00:00,5,1,EURUSD,1.3649999999999998,0.55,0.7145347198528429,True,2026-05
2026-05-05 15:00:00+00:00,15,1,EURJPY,1.8,0.625,0.8333543052096516,False,2026-05
2026-05-05 20:00:00+00:00,20,1,EURJPY,2.25,0.625,0.856079905222947,False,2026-05
2026-05-06 00:00:00+00:00,0,2,EURJPY,2.5300000000000007,0.6,0.69706718202085,False,2026-05
2026-05-06 10:00:00+00:00,10,2,USDCHF,2.3625000000000003,0.625,1.2727763249243698,True,2026-05
2026-05-07 05:00:00+00:00,5,3,EURUSD,1.43,0.6,0.6400349737505129,True,2026-05
2026-05-07 15:00:00+00:00,15,3,EURJPY,2.2,0.6,0.778173473939313,False,2026-05
2026-05-07 20:00:00+00:00,20,3,EURUSD,1.8,0.625,1.208036547231531,True,2026-05
2026-05-08 00:00:00+00:00,0,4,EURUSD,2.6999999999999997,0.625,1.0396230756929847,True,2026-05
2026-05-08 05:00:00+00:00,5,4,EURUSD,1.35,0.625,0.9164768202474673,True,2026-05
2026-05-08 10:00:00+00:00,10,4,EURJPY,1.72,0.575,0.7155427265362185,True,2026-05
2026-05-08 15:00:00+00:00,15,4,EURJPY,2.4725,0.575,0.6604938439561935,False,2026-05
2026-05-08 20:00:00+00:00,20,4,EURJPY,2.4725,0.575,0.6956333669768525,False,2026-05
2026-05-11 00:00:00+00:00,0,0,EURJPY,2.4150000000000005,0.55,0.7097371811605798,False,2026-05
2026-05-11 05:00:00+00:00,5,0,EURUSD,2.76,0.65,0.7670306879959736,True,2026-05
2026-05-11 10:00:00+00:00,10,0,EURUSD,1.265,0.65,0.8563185126721038,True,2026-05
2026-05-12 05:00:00+00:00,5,1,USDCHF,1.35,0.625,0.8329545708226364,False,2026-05
2026-05-12 10:00:00+00:00,10,1,EURUSD,3.3349999999999995,0.65,0.8477140186083783,False,2026-05
2026-05-12 15:00:00+00:00,15,1,EURUSD,2.415,0.65,1.0388904147212306,True,2026-05
2026-05-14 20:00:00+00:00,20,3,EURUSD,2.415,0.65,1.0160852917943377,False,2026-05
2026-05-15 00:00:00+00:00,0,4,EURUSD,2.415,0.65,1.0074002096811312,False,2026-05
2026-05-15 05:00:00+00:00,5,4,EURUSD,2.415,0.65,0.9006934087729279,False,2026-05
2026-05-15 15:00:00+00:00,15,4,EURUSD,1.4625,0.625,1.5088054328678289,False,2026-05
2026-05-18 00:00:00+00:00,0,0,EURUSD,1.4625,0.625,1.3677857489341059,True,2026-05
2026-05-18 20:00:00+00:00,20,0,USDCHF,1.7600000000000002,0.6,1.331361664082113,True,2026-05
2026-05-19 15:00:00+00:00,15,1,EURUSD,2.4675000000000002,0.675,1.0726476320221,True,2026-05
2026-05-20 05:00:00+00:00,5,2,EURUSD,1.5274999999999999,0.675,0.8395074498446089,False,2026-05
2026-05-20 15:00:00+00:00,15,2,USDCHF,1.3200000000000003,0.6,1.2623511384065929,False,2026-05
2026-05-20 20:00:00+00:00,20,2,USDCHF,1.29,0.575,1.1623431582303063,True,2026-05
2026-05-21 00:00:00+00:00,0,3,USDCHF,1.3200000000000003,0.6,1.1850490709714705,True,2026-05
2026-05-21 15:00:00+00:00,15,3,EURUSD,1.8399999999999999,0.65,1.4085756857601779,True,2026-05
2026-05-21 20:00:00+00:00,20,3,USDCHF,1.7600000000000002,0.6,1.4952385947613003,True,2026-05
2026-05-22 05:00:00+00:00,5,4,EURJPY,1.2600000000000002,0.55,0.8130908511154834,True,2026-05
2026-05-22 15:00:00+00:00,15,4,USDCHF,1.35,0.625,0.8853520411428665,False,2026-05
2026-05-25 00:00:00+00:00,0,0,USDCHF,2.3625000000000003,0.625,1.0962193118647818,False,2026-05
2026-05-25 05:00:00+00:00,5,0,EURUSD,2.645,0.65,0.9852303591612263,False,2026-05
2026-05-25 10:00:00+00:00,10,0,EURUSD,2.5875000000000004,0.625,0.9446916883183699,True,2026-05
2026-05-26 05:00:00+00:00,5,1,EURUSD,1.8399999999999999,0.65,0.47706646615489534,True,2026-05
2026-05-26 10:00:00+00:00,10,1,USDCHF,1.2600000000000002,0.55,0.8483560597994151,False,2026-05
2026-05-27 05:00:00+00:00,5,2,EURJPY,1.5750000000000002,0.55,0.8370668773943069,False,2026-05
2026-05-27 20:00:00+00:00,20,2,EURUSD,1.8399999999999999,0.65,1.5721820381611817,False,2026-05
2026-05-28 00:00:00+00:00,0,3,EURUSD,1.8,0.625,1.5234618466743832,False,2026-05
2026-05-28 05:00:00+00:00,5,3,EURUSD,2.3625000000000003,0.625,1.2577582007783077,True,2026-05
2026-05-28 10:00:00+00:00,10,3,USDCHF,1.5374999999999999,0.525,1.1663680488284895,True,2026-05
2026-05-28 15:00:00+00:00,15,3,USDCHF,2.52,0.55,1.4974172325921988,False,2026-05
2026-05-28 20:00:00+00:00,20,3,USDCHF,2.205,0.55,1.3854472693383966,True,2026-05
2026-05-29 00:00:00+00:00,0,4,USDCHF,1.6800000000000002,0.55,1.290962415869907,True,2026-05
2026-05-29 05:00:00+00:00,5,4,USDCHF,1.3974999999999997,0.575,0.8329066299148438,True,2026-05
2026-05-29 10:00:00+00:00,10,4,USDCHF,1.43,0.6,0.9205405558429393,False,2026-05
2026-06-01 05:00:00+00:00,5,0,EURUSD,1.35,0.625,0.7407312602560644,True,2026-06
2026-06-01 10:00:00+00:00,10,0,EURUSD,1.8399999999999999,0.65,0.7606423096085896,False,2026-06
2026-06-02 05:00:00+00:00,5,1,EURJPY,1.6124999999999998,0.575,0.7812696710418949,False,2026-06
2026-06-03 05:00:00+00:00,5,2,EURJPY,2.52,0.55,0.8426576592536603,False,2026-06
2026-06-03 10:00:00+00:00,10,2,USDCHF,1.5374999999999999,0.525,0.8019827602530629,False,2026-06
2026-06-03 20:00:00+00:00,20,2,EURUSD,1.3974999999999997,0.575,0.9602242301736239,True,2026-06
2026-06-04 10:00:00+00:00,10,3,USDCHF,2.4,0.5,1.0819380493930515,False,2026-06
2026-06-04 15:00:00+00:00,15,3,EURJPY,1.2000000000000002,0.5,1.0737070667193054,True,2026-06
2026-06-05 05:00:00+00:00,5,4,EURJPY,1.2000000000000002,0.5,0.6844246140592556,True,2026-06
2026-06-05 10:00:00+00:00,10,4,USDCHF,2.34,0.475,0.7759040893414354,True,2026-06
2026-06-05 15:00:00+00:00,15,4,EURUSD,2.2575,0.575,1.7484841399735016,False,2026-06
2026-06-05 20:00:00+00:00,20,4,EURUSD,2.205,0.55,1.9049537635070022,True,2026-06
2026-06-08 00:00:00+00:00,0,0,EURJPY,1.6,0.5,1.785079474277852,False,2026-06
2026-06-08 05:00:00+00:00,5,0,EURUSD,2.205,0.55,1.3038793545344571,False,2026-06
2026-06-09 00:00:00+00:00,0,1,EURJPY,1.1700000000000002,0.475,0.9178676802259803,False,2026-06
2026-06-09 05:00:00+00:00,5,1,EURJPY,1.1400000000000001,0.45,0.7463119209068793,False,2026-06
2026-06-09 10:00:00+00:00,10,1,USDCHF,1.56,0.475,0.751846732267478,False,2026-06
2026-06-11 10:00:00+00:00,10,3,USDCHF,1.045,0.45,0.8649796165936675,False,2026-06
2026-06-11 15:00:00+00:00,15,3,EURUSD,2.1525,0.525,1.0059732625391107,True,2026-06
2026-06-11 20:00:00+00:00,20,3,USDCHF,2.755,0.45,1.4293992070753276,True,2026-06
2026-06-12 00:00:00+00:00,0,4,USDCHF,1.1700000000000002,0.475,1.4948174227245878,False,2026-06
