pair,session,event_type,frequency,mean_signed_move_pips,mean_signed_for_event_ccy_pips,abs_mean_move_pips,direction_concordance_pct,dominant_direction_event_ccy,persistence_24h_avg_pct,trap_rate_pct,fundamental_hit_rate_pct,fundamental_match_count
AUDCAD,Asia,cb_rate_decision,4,4.175007343292236,4.175007343292236,35.02488136291504,75.0,up,62.5,50.0,,0
AUDCAD,London,cb_rate_decision,1,-35.4999303817749,35.4999303817749,35.4999303817749,100.0,up,75.0,0.0,,0
AUDCAD,NY,cot_release_neutral,10,-12.12012767791748,0.0,20.759940147399902,50.0,up,10.416666666666668,20.0,,0
AUDCHF,Asia,cb_rate_decision,2,-16.300082206726074,-16.300082206726074,25.70033073425293,50.0,up,87.5,50.0,,0
AUDCHF,London,cb_rate_decision,1,-3.2001733779907227,3.2001733779907227,3.2001733779907227,100.0,up,16.666666666666664,100.0,,0
AUDCHF,NY,cot_release_neutral,8,-16.15002751350403,0.0,23.600012063980103,50.0,up,100.0,0.0,,0
AUDJPY,Asia,cb_rate_decision,3,-22.20001220703125,3.7333170572916665,62.199910481770836,66.66666666666666,up,50.55555555555555,0.0,,0
AUDJPY,NY,cot_release_neutral,7,-29.399980817522323,-14.685712541852679,54.71431187220982,57.14285714285714,down,66.66666666666667,0.0,,0
AUDJPY,NY,cot_extreme_short,1,-102.79998779296875,102.79998779296875,102.79998779296875,100.0,up,0.0,0.0,,0
AUDNZD,Asia,cb_rate_decision,9,6.944470935397678,-9.83330938551161,59.83339415656196,55.55555555555556,up,53.7037037037037,11.11111111111111,,0
AUDNZD,NY,cot_release_neutral,1,-2.7000904083251953,-2.7000904083251953,2.7000904083251953,100.0,down,,0.0,,0
AUDNZD,NY,cot_extreme_short,1,-2.7000904083251953,2.7000904083251953,2.7000904083251953,100.0,up,,0.0,,0
AUDUSD,Asia,cb_rate_decision,1,23.016929626464844,23.016929626464844,23.016929626464844,100.0,up,91.66666666666666,100.0,,0
AUDUSD,London,us_claims,5,-6.747841835021973,6.747841835021973,32.21595287322998,60.0,up,65.83333333333334,20.0,40.0,5
AUDUSD,London,us_gdp,2,-31.419694423675537,31.419694423675537,31.419694423675537,100.0,up,91.66666666666667,50.0,100.0,2
AUDUSD,London,us_pce,2,25.343596935272217,-25.343596935272217,25.343596935272217,100.0,down,60.0,50.0,0.0,2
AUDUSD,London,us_core_pce,2,25.343596935272217,-25.343596935272217,25.343596935272217,100.0,down,60.0,50.0,0.0,2
AUDUSD,London,us_cpi,1,32.07802772521973,-32.07802772521973,32.07802772521973,100.0,down,25.0,0.0,0.0,1
AUDUSD,London,us_core_cpi,1,32.07802772521973,-32.07802772521973,32.07802772521973,100.0,down,25.0,0.0,0.0,1
AUDUSD,London,us_ppi,1,32.07802772521973,-32.07802772521973,32.07802772521973,100.0,down,25.0,0.0,0.0,1
AUDUSD,London,us_refunding,1,-41.82696342468262,41.82696342468262,41.82696342468262,100.0,up,87.5,0.0,,0
AUDUSD,London,us_nfp,1,50.80223083496094,-50.80223083496094,50.80223083496094,100.0,down,0.0,100.0,0.0,1
AUDUSD,London,us_unrate,1,50.80223083496094,-50.80223083496094,50.80223083496094,100.0,down,0.0,100.0,0.0,1
AUDUSD,NY,cb_rate_decision,7,-4.8670598438807895,4.8670598438807895,28.814162526811874,71.42857142857143,up,51.19047619047619,28.57142857142857,,0
AUDUSD,NY,cb_press_conference,7,-4.8670598438807895,4.8670598438807895,28.814162526811874,71.42857142857143,up,51.19047619047619,28.57142857142857,,0
AUDUSD,NY,cot_release_neutral,4,-3.5938620567321777,-3.5938620567321777,22.160112857818604,50.0,up,100.0,0.0,,0
AUDUSD,Overlap,us_claims,4,-46.826452016830444,46.826452016830444,46.826452016830444,100.0,up,32.29166666666667,25.0,75.0,4
AUDUSD,Overlap,us_retail,1,-63.08853626251221,63.08853626251221,63.08853626251221,100.0,up,4.166666666666666,0.0,100.0,1
AUDUSD,Overlap,us_cpi,1,-17.023086547851562,17.023086547851562,17.023086547851562,100.0,up,33.33333333333333,0.0,100.0,1
AUDUSD,Overlap,us_core_cpi,1,-17.023086547851562,17.023086547851562,17.023086547851562,100.0,up,33.33333333333333,0.0,100.0,1
AUDUSD,Overlap,us_ppi,1,-17.023086547851562,17.023086547851562,17.023086547851562,100.0,up,33.33333333333333,0.0,0.0,1
AUDUSD,Overlap,us_gdp,1,-49.517154693603516,49.517154693603516,49.517154693603516,100.0,up,58.333333333333336,100.0,100.0,1
CADCHF,London,cb_rate_decision,1,23.200511932373047,-23.200511932373047,23.200511932373047,100.0,down,12.5,0.0,,0
CADCHF,NY,cot_release_neutral,11,-9.300058538263494,-0.8818236264315519,20.263628526167437,54.54545454545454,down,40.0,0.0,,0
CADCHF,NY,cot_extreme_short,1,9.70005989074707,9.70005989074707,9.70005989074707,100.0,up,0.0,0.0,,0
CADCHF,Overlap,cb_rate_decision,1,18.399953842163086,18.399953842163086,18.399953842163086,100.0,up,66.66666666666666,0.0,,0
CADJPY,Asia,cb_rate_decision,3,0.2665201822916667,-0.2665201822916667,30.466715494791668,66.66666666666666,up,56.944444444444436,66.66666666666666,,0
CADJPY,NY,cot_release_neutral,14,-4.035677228655134,-11.421476091657366,39.77851867675781,57.14285714285714,down,0.0,0.0,,0
CADJPY,NY,cot_extreme_short,2,-42.34962463378906,79.95033264160156,79.95033264160156,100.0,up,0.0,0.0,,0
CHFJPY,Asia,cb_rate_decision,3,-17.86651611328125,17.86651611328125,89.73337809244792,66.66666666666666,up,61.666666666666664,0.0,,0
CHFJPY,London,cb_rate_decision,2,-17.800140380859375,-17.800140380859375,122.90115356445312,50.0,up,45.83333333333333,0.0,,0
CHFJPY,NY,cot_release_neutral,3,29.166158040364582,-16.16668701171875,61.499532063802086,66.66666666666666,down,0.0,0.0,,0
CHFJPY,NY,cot_extreme_short,1,-48.50006103515625,48.50006103515625,48.50006103515625,100.0,up,0.0,0.0,,0
EURAUD,Asia,cb_rate_decision,4,1.6248226165771484,-1.6248226165771484,71.42484188079834,75.0,up,82.29166666666666,25.0,,0
EURAUD,London,cb_rate_decision,1,21.40045166015625,21.40045166015625,21.40045166015625,100.0,up,95.83333333333334,100.0,,0
EURAUD,London,cb_press_conference,1,21.40045166015625,21.40045166015625,21.40045166015625,100.0,up,95.83333333333334,100.0,,0
EURAUD,NY,cot_release_neutral,12,-8.466641108194986,2.449949582417806,53.366621335347496,50.0,up,40.27777777777778,8.333333333333332,,0
EURAUD,NY,cot_extreme_short,1,34.60049629211426,34.60049629211426,34.60049629211426,100.0,up,41.66666666666667,100.0,,0
EURAUD,NY,cot_extreme_long,1,-63.99989128112793,-63.99989128112793,63.99989128112793,100.0,down,0.0,0.0,,0
EURAUD,Overlap,cb_rate_decision,3,35.06660461425781,35.06660461425781,78.79972457885742,66.66666666666666,up,58.333333333333336,0.0,,0
EURAUD,Overlap,cb_press_conference,3,35.06660461425781,35.06660461425781,78.79972457885742,66.66666666666666,up,58.333333333333336,0.0,,0
EURCAD,London,cb_rate_decision,1,-72.10016250610352,72.10016250610352,72.10016250610352,100.0,up,70.83333333333334,0.0,,0
EURCAD,NY,cot_release_neutral,13,-11.992271129901592,-3.376924074613131,43.469025538517876,53.84615384615385,down,20.0,0.0,,0
EURCAD,NY,cot_extreme_short,1,-43.9000129699707,43.9000129699707,43.9000129699707,100.0,up,100.0,0.0,,0
EURCAD,Overlap,cb_rate_decision,1,37.90020942687988,37.90020942687988,37.90020942687988,100.0,up,20.833333333333336,0.0,,0
EURCAD,Overlap,cb_press_conference,1,37.90020942687988,37.90020942687988,37.90020942687988,100.0,up,20.833333333333336,0.0,,0
EURCHF,London,cb_rate_decision,1,37.69993782043457,-37.69993782043457,37.69993782043457,100.0,down,79.16666666666666,0.0,,0
EURCHF,NY,cot_release_neutral,6,-12.49988873799642,0.0,21.433432896931965,50.0,up,0.0,0.0,,0
EURGBP,London,cb_rate_decision,4,-25.199949741363525,4.6500563621521,40.24982452392578,50.0,up,45.833333333333336,0.0,,0
EURGBP,London,cb_press_conference,1,-41.09978675842285,-41.09978675842285,41.09978675842285,100.0,down,0.0,0.0,,0
EURGBP,NY,cot_release_neutral,4,-23.30005168914795,0.0,23.30005168914795,50.0,up,0.0,0.0,,0
EURGBP,Overlap,cb_rate_decision,4,14.075040817260742,7.825195789337158,18.575191497802734,75.0,up,45.83333333333333,75.0,,0
EURGBP,Overlap,cb_press_conference,2,21.9002366065979,21.9002366065979,21.9002366065979,100.0,up,58.33333333333333,50.0,,0
EURJPY,Asia,cb_rate_decision,4,-0.57525634765625,0.57525634765625,51.62506103515625,50.0,up,63.75,50.0,,0
EURJPY,NY,cot_release_neutral,7,-32.227870396205354,-18.885585239955358,44.514247349330354,57.14285714285714,down,0.0,0.0,,0
EURJPY,NY,cot_extreme_short,1,-132.1990966796875,132.1990966796875,132.1990966796875,100.0,up,0.0,0.0,,0
EURJPY,Overlap,cb_rate_decision,1,-69.30084228515625,-69.30084228515625,69.30084228515625,100.0,down,0.0,100.0,,0
EURJPY,Overlap,cb_press_conference,1,-69.30084228515625,-69.30084228515625,69.30084228515625,100.0,down,0.0,100.0,,0
EURNZD,Asia,cb_rate_decision,6,21.54986063639323,-21.54986063639323,143.6173915863037,50.0,up,56.94444444444445,16.666666666666664,,0
EURNZD,NY,cot_release_neutral,5,-13.100147247314453,-0.06008148193359375,41.49961471557617,60.0,down,50.0,0.0,,0
EURNZD,NY,cot_extreme_short,1,-0.30040740966796875,0.30040740966796875,0.30040740966796875,100.0,up,,0.0,,0
EURNZD,Overlap,cb_rate_decision,3,26.80063247680664,26.80063247680664,65.60007731119792,66.66666666666666,up,47.22222222222222,33.33333333333333,,0
EURNZD,Overlap,cb_press_conference,3,26.80063247680664,26.80063247680664,65.60007731119792,66.66666666666666,up,47.22222222222222,33.33333333333333,,0
EURUSD,London,us_claims,3,-12.422402699788412,12.422402699788412,73.98049036661784,66.66666666666666,up,1.3888888888888886,0.0,0.0,3
EURUSD,London,us_refunding,2,-51.01025104522705,51.01025104522705,51.01025104522705,100.0,up,85.41666666666667,0.0,,0
EURUSD,London,us_nfp,2,88.30249309539795,-88.30249309539795,88.30249309539795,100.0,down,55.55555555555555,0.0,50.0,2
EURUSD,London,us_unrate,2,88.30249309539795,-88.30249309539795,88.30249309539795,100.0,down,55.55555555555555,0.0,0.0,2
EURUSD,London,us_cpi,1,92.33713150024414,-92.33713150024414,92.33713150024414,100.0,down,0.0,0.0,0.0,1
EURUSD,London,us_core_cpi,1,92.33713150024414,-92.33713150024414,92.33713150024414,100.0,down,0.0,0.0,0.0,1
EURUSD,London,us_ppi,1,92.33713150024414,-92.33713150024414,92.33713150024414,100.0,down,0.0,0.0,0.0,1
EURUSD,London,us_gdp,1,-86.20381355285645,86.20381355285645,86.20381355285645,100.0,up,87.5,0.0,100.0,1
EURUSD,London,cb_rate_decision,1,-65.83094596862793,-65.83094596862793,65.83094596862793,100.0,down,4.166666666666666,0.0,,0
EURUSD,London,cb_press_conference,1,-65.83094596862793,-65.83094596862793,65.83094596862793,100.0,down,4.166666666666666,0.0,,0
EURUSD,London,us_pce,1,19.327402114868164,-19.327402114868164,19.327402114868164,100.0,down,0.0,100.0,0.0,1
EURUSD,London,us_core_pce,1,19.327402114868164,-19.327402114868164,19.327402114868164,100.0,down,0.0,100.0,0.0,1
EURUSD,NY,cb_rate_decision,6,-29.490192731221516,29.490192731221516,44.4867213567098,83.33333333333334,up,49.305555555555564,0.0,,0
EURUSD,NY,cb_press_conference,6,-29.490192731221516,29.490192731221516,44.4867213567098,83.33333333333334,up,49.305555555555564,0.0,,0
EURUSD,NY,cot_release_neutral,2,55.353641510009766,55.353641510009766,55.353641510009766,100.0,up,0.0,0.0,,0
EURUSD,NY,geo_inauguration,1,-11.018514633178711,11.018514633178711,11.018514633178711,100.0,up,83.33333333333334,0.0,,0
EURUSD,Overlap,us_claims,5,-12.987375259399414,12.987375259399414,34.01350975036621,60.0,up,29.166666666666664,20.0,80.0,5
EURUSD,Overlap,cb_rate_decision,1,19.63496208190918,19.63496208190918,19.63496208190918,100.0,up,12.5,0.0,,0
EURUSD,Overlap,cb_press_conference,1,19.63496208190918,19.63496208190918,19.63496208190918,100.0,up,12.5,0.0,,0
EURUSD,Overlap,us_retail,1,-83.98652076721191,83.98652076721191,83.98652076721191,100.0,up,4.166666666666666,0.0,100.0,1
EURUSD,Overlap,geo_inauguration,1,11.020898818969727,-11.020898818969727,11.020898818969727,100.0,down,0.0,100.0,,0
EURUSD,Overlap,us_pce,1,32.93037414550781,-32.93037414550781,32.93037414550781,100.0,down,91.66666666666666,0.0,0.0,1
EURUSD,Overlap,us_core_pce,1,32.93037414550781,-32.93037414550781,32.93037414550781,100.0,down,91.66666666666666,0.0,0.0,1
GBPAUD,Asia,cb_rate_decision,4,-6.4247846603393555,6.4247846603393555,78.52494716644287,75.0,up,75.0,50.0,,0
GBPAUD,London,cb_rate_decision,3,44.50003306070963,44.50003306070963,65.5666987101237,66.66666666666666,up,61.111111111111114,0.0,,0
GBPAUD,NY,cot_release_neutral,12,-0.3828605016072591,0.0,51.716367403666176,50.0,up,60.0,16.666666666666664,,0
GBPAUD,Overlap,cb_rate_decision,1,89.19954299926758,89.19954299926758,89.19954299926758,100.0,up,0.0,100.0,,0
GBPCAD,London,cb_rate_decision,3,28.966665267944336,28.966665267944336,64.70004717508952,66.66666666666666,up,68.05555555555556,33.33333333333333,,0
GBPCAD,NY,cot_release_neutral,10,4.179954528808594,0.0,39.14022445678711,50.0,up,50.0,0.0,,0
GBPCAD,NY,cot_extreme_short,2,-49.20005798339844,0.0,49.20005798339844,50.0,up,0.0,0.0,,0
GBPCAD,Overlap,cb_rate_decision,3,1.1666615804036458,1.1666615804036458,64.76640701293945,66.66666666666666,down,59.72222222222222,0.0,,0
GBPCHF,London,cb_rate_decision,3,60.76653798421224,27.56675084431966,60.76653798421224,66.66666666666666,up,66.66666666666667,0.0,,0
GBPCHF,NY,cot_release_neutral,8,-6.4498186111450195,0.0,33.34999084472656,50.0,up,100.0,0.0,,0
GBPJPY,Asia,cb_rate_decision,4,2.40020751953125,-2.40020751953125,71.64993286132812,50.0,up,72.29166666666667,25.0,,0
GBPJPY,London,cb_rate_decision,1,126.60064697265625,126.60064697265625,126.60064697265625,100.0,up,87.5,0.0,,0
GBPJPY,NY,cot_release_neutral,7,-35.61466761997768,-24.985831124441965,63.157217843191965,57.14285714285714,down,33.333333333333336,0.0,,0
GBPJPY,NY,cot_extreme_short,1,-174.90081787109375,174.90081787109375,174.90081787109375,100.0,up,100.0,0.0,,0
GBPJPY,Overlap,cb_rate_decision,1,-3.900146484375,-3.900146484375,3.900146484375,100.0,down,0.0,100.0,,0
GBPNZD,Asia,cb_rate_decision,6,43.40012868245443,-43.40012868245443,168.7002182006836,50.0,up,33.333333333333336,16.666666666666664,,0
GBPNZD,London,cb_rate_decision,2,-4.149675369262695,-4.149675369262695,85.15000343322754,50.0,up,54.16666666666667,0.0,,0
GBPNZD,NY,cot_release_neutral,4,-13.175010681152344,11.475086212158203,39.52503204345703,50.0,up,33.333333333333336,0.0,,0
GBPNZD,NY,cot_extreme_short,2,22.950172424316406,-22.950172424316406,29.74987030029297,50.0,up,100.0,0.0,,0
GBPNZD,Overlap,cb_rate_decision,1,150.79975128173828,150.79975128173828,150.79975128173828,100.0,up,95.83333333333334,0.0,,0
GBPUSD,London,us_claims,4,4.341006278991699,-4.341006278991699,55.47761917114258,50.0,up,36.458333333333336,0.0,25.0,4
GBPUSD,London,us_ppi,2,59.81862545013428,-59.81862545013428,59.81862545013428,100.0,down,22.916666666666664,0.0,50.0,2
GBPUSD,London,us_cpi,1,51.68795585632324,-51.68795585632324,51.68795585632324,100.0,down,16.666666666666664,0.0,0.0,1
GBPUSD,London,us_core_cpi,1,51.68795585632324,-51.68795585632324,51.68795585632324,100.0,down,16.666666666666664,0.0,0.0,1
GBPUSD,London,us_gdp,1,-53.702592849731445,53.702592849731445,53.702592849731445,100.0,up,100.0,0.0,100.0,1
GBPUSD,London,us_refunding,1,-53.702592849731445,53.702592849731445,53.702592849731445,100.0,up,100.0,0.0,,0
GBPUSD,London,us_nfp,1,77.69942283630371,-77.69942283630371,77.69942283630371,100.0,down,0.0,100.0,0.0,1
GBPUSD,London,us_unrate,1,77.69942283630371,-77.69942283630371,77.69942283630371,100.0,down,0.0,100.0,0.0,1
GBPUSD,London,cb_rate_decision,1,-38.28167915344238,-38.28167915344238,38.28167915344238,100.0,down,87.5,0.0,,0
GBPUSD,NY,cb_rate_decision,6,-29.059449831644695,29.059449831644695,43.63636175791422,83.33333333333334,up,50.0,0.0,,0
GBPUSD,NY,cb_press_conference,6,-29.059449831644695,29.059449831644695,43.63636175791422,83.33333333333334,up,50.0,0.0,,0
GBPUSD,NY,cot_release_neutral,2,42.4426794052124,42.4426794052124,42.4426794052124,100.0,up,100.0,0.0,,0
GBPUSD,NY,geo_inauguration,1,-26.797056198120117,26.797056198120117,26.797056198120117,100.0,up,79.16666666666666,0.0,,0
GBPUSD,Overlap,us_claims,8,8.276104927062988,-8.276104927062988,45.17674446105957,50.0,up,70.3125,12.5,75.0,8
GBPUSD,Overlap,cb_rate_decision,2,30.000805854797363,30.000805854797363,38.4289026260376,50.0,up,91.66666666666667,0.0,,0
GBPUSD,Overlap,us_pce,2,21.247267723083496,-21.247267723083496,43.160319328308105,50.0,up,50.0,50.0,50.0,2
GBPUSD,Overlap,us_core_pce,2,21.247267723083496,-21.247267723083496,43.160319328308105,50.0,up,50.0,50.0,50.0,2
GBPUSD,Overlap,us_gdp,1,-20.197629928588867,20.197629928588867,20.197629928588867,100.0,up,70.83333333333334,100.0,100.0,1
GBPUSD,Overlap,us_nfp,1,70.53971290588379,-70.53971290588379,70.53971290588379,100.0,down,33.33333333333333,0.0,100.0,1
GBPUSD,Overlap,us_unrate,1,70.53971290588379,-70.53971290588379,70.53971290588379,100.0,down,33.33333333333333,0.0,0.0,1
NZDCAD,Asia,cb_rate_decision,6,-12.999971707661947,-12.999971707661947,60.76673666636149,50.0,up,37.5,0.0,,0
NZDCAD,NY,cot_release_neutral,5,-30.680060386657715,3.9600133895874023,30.680060386657715,60.0,up,41.66666666666667,20.0,,0
NZDCAD,NY,cot_extreme_long,1,-19.80006694793701,-19.80006694793701,19.80006694793701,100.0,down,8.333333333333332,100.0,,0
NZDCHF,Asia,cb_rate_decision,6,-9.349981943766275,-9.349981943766275,29.18332815170288,50.0,up,63.88888888888889,33.33333333333333,,0
NZDCHF,NY,cot_release_neutral,7,-14.699995517730713,0.271414007459368,14.699995517730713,57.14285714285714,up,0.0,0.0,,0
NZDCHF,NY,cot_extreme_short,1,-1.8998980522155762,-1.8998980522155762,1.8998980522155762,100.0,down,,0.0,,0
NZDJPY,Asia,cb_rate_decision,7,-18.414197649274552,8.271462576729911,62.814222063337056,71.42857142857143,up,51.07142857142857,28.57142857142857,,0
NZDJPY,NY,cot_release_neutral,9,-22.344377305772568,-1.0556538899739583,38.69976467556424,55.55555555555556,up,34.02777777777778,11.11111111111111,,0
NZDJPY,NY,cot_extreme_long,2,-35.74981689453125,-35.74981689453125,35.74981689453125,100.0,down,4.166666666666666,50.0,,0
NZDJPY,NY,cot_extreme_short,1,-81.00051879882812,81.00051879882812,81.00051879882812,100.0,up,0.0,0.0,,0
NZDUSD,Asia,cb_rate_decision,6,-11.281967163085938,-11.281967163085938,46.04081312815348,50.0,up,43.75,16.666666666666664,,0
NZDUSD,London,us_claims,7,-0.8892161505562919,0.8892161505562919,30.028394290379115,57.14285714285714,up,58.333333333333336,28.57142857142857,28.57142857142857,7
NZDUSD,London,us_ppi,2,32.67467021942139,-32.67467021942139,32.67467021942139,100.0,down,37.5,0.0,50.0,2
NZDUSD,London,us_gdp,2,-22.616088390350342,22.616088390350342,22.616088390350342,100.0,up,93.75,50.0,100.0,2
NZDUSD,London,us_nfp,2,1.6245245933532715,-1.6245245933532715,43.95931959152222,50.0,up,9.090909090909092,50.0,0.0,2
NZDUSD,London,us_unrate,2,1.6245245933532715,-1.6245245933532715,43.95931959152222,50.0,up,9.090909090909092,50.0,50.0,2
NZDUSD,London,us_pce,2,26.008188724517822,-26.008188724517822,26.008188724517822,100.0,down,55.0,50.0,0.0,2
NZDUSD,London,us_core_pce,2,26.008188724517822,-26.008188724517822,26.008188724517822,100.0,down,55.0,50.0,0.0,2
NZDUSD,London,us_cpi,1,41.31317138671875,-41.31317138671875,41.31317138671875,100.0,down,12.5,0.0,0.0,1
NZDUSD,London,us_core_cpi,1,41.31317138671875,-41.31317138671875,41.31317138671875,100.0,down,12.5,0.0,0.0,1
NZDUSD,London,us_refunding,1,-37.46330738067627,37.46330738067627,37.46330738067627,100.0,up,91.66666666666666,0.0,,0
NZDUSD,NY,cb_rate_decision,7,-6.968123572213309,6.968123572213309,24.299110685076034,71.42857142857143,up,55.357142857142854,14.285714285714285,,0
NZDUSD,NY,cb_press_conference,7,-6.968123572213309,6.968123572213309,24.299110685076034,71.42857142857143,up,55.357142857142854,14.285714285714285,,0
NZDUSD,NY,cot_release_neutral,3,4.45703665415446,4.45703665415446,18.507838249206543,66.66666666666666,up,100.0,0.0,,0
NZDUSD,NY,geo_inauguration,1,-12.624263763427734,12.624263763427734,12.624263763427734,100.0,up,20.833333333333336,0.0,,0
NZDUSD,Overlap,us_claims,6,-26.695032914479572,26.695032914479572,26.695032914479572,100.0,up,54.86111111111111,16.666666666666664,83.33333333333334,6
NZDUSD,Overlap,us_retail,1,-56.329965591430664,56.329965591430664,56.329965591430664,100.0,up,20.833333333333336,0.0,100.0,1
NZDUSD,Overlap,us_cpi,1,-14.230012893676758,14.230012893676758,14.230012893676758,100.0,up,58.333333333333336,0.0,100.0,1
NZDUSD,Overlap,us_core_cpi,1,-14.230012893676758,14.230012893676758,14.230012893676758,100.0,up,58.333333333333336,0.0,100.0,1
NZDUSD,Overlap,us_ppi,1,-14.230012893676758,14.230012893676758,14.230012893676758,100.0,up,58.333333333333336,0.0,0.0,1
NZDUSD,Overlap,us_gdp,1,-23.914575576782227,23.914575576782227,23.914575576782227,100.0,up,45.83333333333333,100.0,100.0,1
USDCAD,London,us_claims,4,16.10010862350464,16.10010862350464,33.9999794960022,75.0,up,22.916666666666668,25.0,25.0,4
USDCAD,London,us_cpi,2,-28.349757194519043,-28.349757194519043,28.349757194519043,100.0,down,33.75,50.0,0.0,2
USDCAD,London,us_core_cpi,2,-28.349757194519043,-28.349757194519043,28.349757194519043,100.0,down,33.75,50.0,0.0,2
USDCAD,London,us_ppi,2,-28.349757194519043,-28.349757194519043,28.349757194519043,100.0,down,33.75,50.0,0.0,2
USDCAD,London,us_nfp,2,-34.35015678405762,-34.35015678405762,34.35015678405762,100.0,down,35.55555555555556,50.0,50.0,2
USDCAD,London,us_unrate,2,-34.35015678405762,-34.35015678405762,34.35015678405762,100.0,down,35.55555555555556,50.0,0.0,2
USDCAD,London,us_gdp,1,2.900362014770508,2.900362014770508,2.900362014770508,100.0,up,29.166666666666668,100.0,100.0,1
USDCAD,London,us_pce,1,0.49948692321777344,0.49948692321777344,0.49948692321777344,100.0,up,90.0,100.0,100.0,1
USDCAD,London,us_core_pce,1,0.49948692321777344,0.49948692321777344,0.49948692321777344,100.0,up,90.0,100.0,100.0,1
USDCAD,NY,cot_release_neutral,8,-8.325278759002686,8.325278759002686,25.30038356781006,75.0,up,50.0,0.0,,0
USDCAD,NY,cb_rate_decision,5,1.9998550415039062,1.9998550415039062,29.200077056884766,60.0,up,69.16666666666666,20.0,,0
USDCAD,NY,cb_press_conference,5,1.9998550415039062,1.9998550415039062,29.200077056884766,60.0,up,69.16666666666666,20.0,,0
USDCAD,NY,cot_extreme_short,1,-48.19989204406738,48.19989204406738,48.19989204406738,100.0,up,0.0,0.0,,0
USDCAD,Overlap,us_claims,5,26.699542999267578,26.699542999267578,51.70011520385742,60.0,up,40.83333333333333,0.0,60.0,5
USDCAD,Overlap,us_nfp,2,-54.450035095214844,-54.450035095214844,54.450035095214844,100.0,down,100.0,0.0,50.0,2
USDCAD,Overlap,us_pce,2,-51.450133323669434,-51.450133323669434,51.450133323669434,100.0,down,100.0,0.0,0.0,2
USDCAD,Overlap,us_core_pce,2,-51.450133323669434,-51.450133323669434,51.450133323669434,100.0,down,100.0,0.0,0.0,2
USDCAD,Overlap,us_unrate,1,-71.30026817321777,-71.30026817321777,71.30026817321777,100.0,down,100.0,0.0,0.0,1
USDCAD,Overlap,us_gdp,1,-4.000663757324219,-4.000663757324219,4.000663757324219,100.0,down,54.166666666666664,0.0,0.0,1
USDCAD,Overlap,us_cpi,1,48.89965057373047,48.89965057373047,48.89965057373047,100.0,up,25.0,0.0,100.0,1
USDCAD,Overlap,us_core_cpi,1,48.89965057373047,48.89965057373047,48.89965057373047,100.0,up,25.0,0.0,100.0,1
USDCAD,Overlap,us_ppi,1,48.89965057373047,48.89965057373047,48.89965057373047,100.0,up,25.0,0.0,100.0,1
USDCHF,London,us_claims,4,-2.6749074459075928,-2.6749074459075928,59.37501788139343,50.0,up,37.5,0.0,25.0,4
USDCHF,London,us_refunding,2,34.900009632110596,34.900009632110596,34.900009632110596,100.0,up,81.25,0.0,,0
USDCHF,London,us_nfp,2,-61.50007247924805,-61.50007247924805,61.50007247924805,100.0,down,72.22222222222223,0.0,50.0,2
USDCHF,London,us_unrate,2,-61.50007247924805,-61.50007247924805,61.50007247924805,100.0,down,72.22222222222223,0.0,0.0,2
USDCHF,London,us_cpi,1,-51.400065422058105,-51.400065422058105,51.400065422058105,100.0,down,45.83333333333333,0.0,0.0,1
USDCHF,London,us_core_cpi,1,-51.400065422058105,-51.400065422058105,51.400065422058105,100.0,down,45.83333333333333,0.0,0.0,1
USDCHF,London,us_ppi,1,-51.400065422058105,-51.400065422058105,51.400065422058105,100.0,down,45.83333333333333,0.0,0.0,1
USDCHF,London,us_gdp,1,53.099989891052246,53.099989891052246,53.099989891052246,100.0,up,95.83333333333334,0.0,100.0,1
USDCHF,London,us_pce,1,-72.69978523254395,-72.69978523254395,72.69978523254395,100.0,down,95.83333333333334,0.0,0.0,1
USDCHF,London,us_core_pce,1,-72.69978523254395,-72.69978523254395,72.69978523254395,100.0,down,95.83333333333334,0.0,0.0,1
USDCHF,NY,cb_rate_decision,6,12.749930222829184,12.749930222829184,22.716621557871502,83.33333333333334,up,63.194444444444436,16.666666666666664,,0
USDCHF,NY,cb_press_conference,6,12.749930222829184,12.749930222829184,22.716621557871502,83.33333333333334,up,63.194444444444436,16.666666666666664,,0
USDCHF,NY,cot_release_neutral,2,-54.90005016326904,54.90005016326904,54.90005016326904,100.0,up,100.0,0.0,,0
USDCHF,Overlap,us_claims,3,-1.7998615900675456,-1.7998615900675456,30.86666266123454,66.66666666666666,down,44.44444444444445,0.0,66.66666666666666,3
USDCHF,Overlap,us_retail,2,8.249878883361816,8.249878883361816,47.85001277923584,50.0,up,45.833333333333336,0.0,50.0,2
USDCHF,Overlap,us_ppi,2,-9.3001127243042,-9.3001127243042,25.39992332458496,50.0,up,54.166666666666664,0.0,50.0,2
USDCHF,Overlap,us_pce,2,-2.3499131202697754,-2.3499131202697754,11.94983720779419,50.0,up,47.91666666666667,50.0,50.0,2
USDCHF,Overlap,us_core_pce,2,-2.3499131202697754,-2.3499131202697754,11.94983720779419,50.0,up,47.91666666666667,50.0,50.0,2
USDCHF,Overlap,us_cpi,1,16.09981060028076,16.09981060028076,16.09981060028076,100.0,up,79.16666666666666,0.0,100.0,1
USDCHF,Overlap,us_core_cpi,1,16.09981060028076,16.09981060028076,16.09981060028076,100.0,up,79.16666666666666,0.0,100.0,1
USDCHF,Overlap,geo_inauguration,1,-13.499855995178223,-13.499855995178223,13.499855995178223,100.0,down,0.0,100.0,,0
USDJPY,Asia,cb_rate_decision,3,30.966695149739582,-30.966695149739582,38.500467936197914,66.66666666666666,down,73.80952380952381,33.33333333333333,,0
USDJPY,London,us_claims,4,-7.025146484375,-7.025146484375,182.1746826171875,75.0,up,46.875,0.0,50.0,4
USDJPY,London,us_nfp,3,-76.63319905598958,-76.63319905598958,117.36602783203125,66.66666666666666,down,87.5,0.0,66.66666666666666,3
USDJPY,London,us_unrate,3,-76.63319905598958,-76.63319905598958,117.36602783203125,66.66666666666666,down,87.5,0.0,33.33333333333333,3
USDJPY,London,us_pce,2,-123.60000610351562,-123.60000610351562,254.79965209960938,50.0,up,81.25,0.0,50.0,2
USDJPY,London,us_core_pce,2,-123.60000610351562,-123.60000610351562,254.79965209960938,50.0,up,81.25,0.0,50.0,2
USDJPY,NY,cb_rate_decision,5,33.98040771484375,33.98040771484375,47.26043701171875,80.0,up,80.0,60.0,,0
USDJPY,NY,cb_press_conference,5,33.98040771484375,33.98040771484375,47.26043701171875,80.0,up,80.0,60.0,,0
USDJPY,NY,cot_release_neutral,1,-44.1009521484375,44.1009521484375,44.1009521484375,100.0,up,,0.0,,0
USDJPY,NY,geo_inauguration,1,24.80010986328125,24.80010986328125,24.80010986328125,100.0,up,45.83333333333333,100.0,,0
USDJPY,NY,cot_extreme_short,1,-184.59930419921875,184.59930419921875,184.59930419921875,100.0,up,0.0,0.0,,0
USDJPY,Overlap,us_claims,6,-27.783203125,-27.783203125,66.28367106119792,66.66666666666666,down,32.63888888888889,0.0,66.66666666666666,6
USDJPY,Overlap,us_retail,1,100.80108642578125,100.80108642578125,100.80108642578125,100.0,up,20.833333333333336,0.0,100.0,1
USDJPY,Overlap,us_refunding,1,103.5003662109375,103.5003662109375,103.5003662109375,100.0,up,4.166666666666666,0.0,,0
USDJPY,Overlap,us_cpi,1,-101.800537109375,-101.800537109375,101.800537109375,100.0,down,0.0,0.0,0.0,1
USDJPY,Overlap,us_core_cpi,1,-101.800537109375,-101.800537109375,101.800537109375,100.0,down,0.0,0.0,0.0,1
USDJPY,Overlap,us_ppi,1,-101.800537109375,-101.800537109375,101.800537109375,100.0,down,0.0,0.0,0.0,1
USDJPY,Overlap,us_pce,1,-23.699951171875,-23.699951171875,23.699951171875,100.0,down,37.5,0.0,0.0,1
USDJPY,Overlap,us_core_pce,1,-23.699951171875,-23.699951171875,23.699951171875,100.0,down,37.5,0.0,0.0,1
